#usda 1.0
(
    customLayerData = {
        dictionary cameraSettings = {
            dictionary Front = {
                double3 position = (5, 0, 0)
                double radius = 5
            }
            dictionary Perspective = {
                double3 position = (0.9266799379754387, 0.7863938783055591, 0.7832169966182045)
                double3 target = (0.09458299333325138, -0.04570306633662791, -0.048879928163301334)
            }
            dictionary Right = {
                double3 position = (0, -5, 0)
                double radius = 5
            }
            dictionary Top = {
                double3 position = (0, 0, 5)
                double radius = 5
            }
            string boundCamera = "/OmniverseKit_Persp"
        }
        dictionary navmeshSettings = {
            double agentHeight = 180
            double agentRadius = 20
            bool excludeRigidBodies = 1
            int ver = 2
            double voxelCeiling = 460
        }
        dictionary omni_layer = {
            string authoring_layer = "./kanake6_0610.usd"
            dictionary locked = {
            }
            dictionary muteness = {
            }
        }
        dictionary renderSettings = {
            float3 "rtx:debugView:pixelDebug:textColor" = (0, 1e18, 0)
            float3 "rtx:fog:fogColor" = (0.75, 0.75, 0.75)
            float3 "rtx:index:regionOfInterestMax" = (0, 0, 0)
            float3 "rtx:index:regionOfInterestMin" = (0, 0, 0)
            float3 "rtx:iray:environment_dome_ground_position" = (0, 0, 0)
            float3 "rtx:iray:environment_dome_ground_reflectivity" = (0, 0, 0)
            float3 "rtx:iray:environment_dome_rotation_axis" = (3.4028235e38, 3.4028235e38, 3.4028235e38)
            float3 "rtx:post:backgroundZeroAlpha:backgroundDefaultColor" = (0, 0, 0)
            float3 "rtx:post:colorcorr:contrast" = (1, 1, 1)
            float3 "rtx:post:colorcorr:gain" = (1, 1, 1)
            float3 "rtx:post:colorcorr:gamma" = (1, 1, 1)
            float3 "rtx:post:colorcorr:offset" = (0, 0, 0)
            float3 "rtx:post:colorcorr:saturation" = (1, 1, 1)
            float3 "rtx:post:colorgrad:blackpoint" = (0, 0, 0)
            float3 "rtx:post:colorgrad:contrast" = (1, 1, 1)
            float3 "rtx:post:colorgrad:gain" = (1, 1, 1)
            float3 "rtx:post:colorgrad:gamma" = (1, 1, 1)
            float3 "rtx:post:colorgrad:lift" = (0, 0, 0)
            float3 "rtx:post:colorgrad:multiply" = (1, 1, 1)
            float3 "rtx:post:colorgrad:offset" = (0, 0, 0)
            float3 "rtx:post:colorgrad:whitepoint" = (1, 1, 1)
            float3 "rtx:post:lensDistortion:lensFocalLengthArray" = (10, 30, 50)
            float3 "rtx:post:lensFlares:anisoFlareFalloffX" = (450, 475, 500)
            float3 "rtx:post:lensFlares:anisoFlareFalloffY" = (10, 10, 10)
            float3 "rtx:post:lensFlares:cutoffPoint" = (2, 2, 2)
            float3 "rtx:post:lensFlares:haloFlareFalloff" = (10, 10, 10)
            float3 "rtx:post:lensFlares:haloFlareRadius" = (75, 75, 75)
            float3 "rtx:post:lensFlares:isotropicFlareFalloff" = (50, 50, 50)
            float3 "rtx:post:tonemap:whitepoint" = (1, 1, 1)
            float3 "rtx:raytracing:inscattering:singleScatteringAlbedo" = (0.9, 0.9, 0.9)
            float3 "rtx:raytracing:inscattering:transmittanceColor" = (0.5, 0.5, 0.5)
            float3 "rtx:sceneDb:ambientLightColor" = (0.1, 0.1, 0.1)
        }
    }
    defaultPrim = "World"
    endTimeCode = 100
    metersPerUnit = 1
    startTimeCode = 0
    timeCodesPerSecond = 60
    upAxis = "Z"
)

def Xform "World"
{
    double3 xformOp:rotateXYZ = (0, 0, 0)
    double3 xformOp:scale = (1, 1, 1)
    double3 xformOp:translate = (0, 0, 0)
    uniform token[] xformOpOrder = ["xformOp:translate", "xformOp:rotateXYZ", "xformOp:scale"]

    over "kanake6_sim" (
        prepend references = @../kanake6_sim/kanake6_sim.usd@
    )
    {
        over "tail_cover"
        {
            over "collisions" (
                prepend apiSchemas = ["PhysxCookedDataAPI:convexHull"]
            )
            {
                uchar[] physxCookedData:convexHull:buffer = [9, 37, 203, 240, 72, 126, 214, 222, 208, 218, 96, 112, 35, 219, 75, 139, 54, 78, 88, 83, 1, 67, 86, 88, 77, 14, 0, 0, 0, 0, 0, 0, 0, 73, 67, 69, 1, 67, 76, 72, 76, 9, 0, 0, 0, 33, 0, 0, 0, 72, 128, 0, 0, 41, 0, 0, 0, 144, 0, 0, 0, 133, 235, 81, 61, 227, 165, 155, 60, 142, 176, 43, 34, 37, 6, 129, 61, 52, 128, 55, 60, 7, 118, 123, 60, 37, 6, 129, 61, 52, 128, 55, 60, 7, 118, 123, 188, 188, 116, 147, 60, 227, 165, 27, 60, 141, 203, 134, 188, 188, 116, 147, 60, 193, 10, 130, 60, 89, 15, 43, 188, 188, 116, 147, 60, 227, 66, 146, 188, 99, 240, 212, 187, 188, 116, 147, 60, 209, 159, 85, 188, 179, 109, 98, 188, 62, 109, 91, 61, 150, 23, 139, 188, 155, 181, 11, 188, 24, 38, 83, 61, 227, 165, 155, 188, 0, 0, 0, 0, 188, 116, 147, 60, 119, 152, 154, 188, 154, 142, 16, 59, 172, 50, 90, 61, 150, 23, 139, 60, 155, 181, 11, 60, 188, 116, 147, 60, 119, 152, 154, 60, 154, 142, 16, 59, 188, 116, 147, 60, 209, 159, 85, 60, 179, 109, 98, 60, 172, 50, 90, 61, 150, 23, 139, 60, 155, 181, 11, 188, 62, 109, 91, 61, 150, 23, 139, 188, 155, 181, 11, 60, 37, 6, 129, 61, 127, 106, 60, 188, 174, 204, 119, 60, 188, 116, 147, 60, 193, 10, 130, 188, 89, 15, 43, 60, 188, 116, 147, 60, 154, 152, 246, 187, 35, 235, 142, 60, 37, 6, 129, 61, 81, 205, 144, 186, 122, 98, 155, 60, 188, 116, 147, 60, 81, 205, 144, 58, 122, 98, 155, 60, 188, 116, 147, 60, 154, 152, 246, 187, 35, 235, 142, 188, 188, 116, 147, 60, 81, 205, 144, 58, 122, 98, 155, 188, 37, 6, 129, 61, 81, 205, 144, 186, 122, 98, 155, 188, 37, 6, 129, 61, 154, 152, 246, 187, 35, 235, 142, 188, 188, 116, 147, 60, 154, 152, 246, 59, 35, 235, 142, 60, 188, 116, 147, 60, 214, 115, 151, 60, 96, 148, 143, 187, 188, 116, 147, 60, 150, 23, 139, 60, 155, 181, 11, 60, 37, 6, 129, 61, 184, 143, 178, 59, 241, 27, 149, 188, 37, 6, 129, 61, 184, 143, 178, 59, 241, 27, 149, 60, 21, 145, 107, 61, 209, 159, 85, 188, 179, 109, 98, 188, 37, 6, 129, 61, 127, 106, 60, 188, 174, 204, 119, 188, 37, 6, 129, 61, 154, 152, 246, 187, 35, 235, 142, 60, 188, 116, 147, 60, 161, 228, 57, 188, 159, 178, 121, 60, 0, 0, 128, 191, 0, 0, 0, 0, 0, 0, 0, 0, 190, 116, 147, 60, 0, 0, 16, 1, 134, 149, 13, 63, 163, 72, 85, 63, 0, 0, 0, 0, 236, 239, 52, 189, 16, 0, 3, 9, 61, 181, 3, 188, 20, 172, 47, 63, 160, 51, 58, 191, 34, 67, 150, 188, 19, 0, 3, 15, 8, 182, 48, 188, 89, 223, 85, 191, 134, 170, 12, 191, 113, 218, 149, 188, 22, 0, 3, 10, 34, 61, 51, 60, 149, 59, 121, 191, 52, 159, 105, 190, 69, 39, 156, 188, 25, 0, 3, 11, 164, 90, 59, 188, 157, 64, 126, 191, 41, 190, 237, 189, 163, 193, 149, 188, 28, 0, 3, 0, 232, 59, 58, 60, 191, 60, 121, 63, 200, 133, 105, 62, 251, 78, 156, 188, 31, 0, 3, 5, 98, 63, 32, 60, 139, 15, 69, 63, 61, 100, 35, 63, 240, 235, 155, 188, 34, 0, 3, 6, 201, 130, 232, 62, 166, 147, 98, 63, 54, 44, 209, 61, 116, 53, 36, 189, 37, 0, 3, 9, 201, 130, 232, 62, 166, 147, 98, 63, 60, 44, 209, 189, 117, 53, 36, 189, 40, 0, 3, 9, 4, 133, 43, 60, 130, 46, 69, 63, 41, 62, 35, 191, 60, 63, 156, 188, 43, 0, 3, 16, 83, 203, 32, 60, 233, 174, 70, 191, 33, 106, 33, 63, 108, 77, 156, 188, 46, 0, 3, 4, 8, 182, 48, 188, 30, 140, 112, 191, 169, 26, 175, 62, 112, 218, 149, 188, 49, 0, 3, 13, 239, 151, 56, 60, 121, 60, 121, 191, 190, 139, 105, 62, 35, 75, 156, 188, 52, 0, 3, 25, 3, 226, 226, 62, 112, 226, 99, 191, 253, 252, 216, 61, 232, 215, 34, 189, 55, 0, 3, 25, 235, 175, 11, 188, 48, 207, 49, 190, 2, 26, 124, 63, 149, 48, 150, 188, 58, 0, 3, 27, 237, 175, 11, 188, 48, 207, 49, 190, 2, 26, 124, 191, 149, 48, 150, 188, 61, 0, 3, 28, 0, 0, 0, 0, 149, 38, 108, 190, 119, 25, 121, 191, 138, 72, 153, 188, 64, 0, 3, 28, 115, 212, 193, 187, 253, 171, 12, 63, 147, 225, 85, 63, 144, 104, 152, 188, 67, 0, 3, 30, 252, 199, 252, 187, 46, 143, 127, 63, 146, 39, 110, 189, 43, 36, 152, 188, 70, 0, 3, 8, 183, 227, 116, 60, 17, 70, 121, 63, 49, 176, 104, 190, 110, 213, 157, 188, 73, 0, 3, 9, 115, 76, 238, 187, 160, 14, 107, 63, 149, 201, 202, 190, 251, 52, 152, 188, 76, 0, 3, 14, 0, 0, 0, 0, 243, 87, 77, 63, 97, 223, 24, 63, 138, 72, 153, 188, 79, 0, 3, 6, 0, 0, 0, 0, 205, 62, 117, 63, 224, 215, 146, 62, 139, 72, 153, 188, 82, 0, 3, 5, 206, 199, 186, 59, 61, 193, 237, 61, 208, 67, 126, 191, 1, 57, 156, 188, 85, 0, 3, 18, 111, 116, 58, 188, 115, 213, 146, 62, 187, 58, 117, 191, 188, 195, 149, 188, 88, 0, 3, 31, 118, 120, 171, 59, 107, 152, 227, 62, 11, 80, 101, 191, 245, 27, 156, 188, 91, 0, 3, 17, 156, 38, 179, 59, 87, 152, 227, 62, 247, 79, 101, 63, 223, 58, 156, 188, 94, 0, 3, 20, 132, 199, 186, 187, 154, 37, 108, 62, 110, 24, 121, 63, 188, 112, 152, 188, 97, 0, 3, 22, 203, 199, 186, 59, 62, 193, 237, 61, 207, 67, 126, 63, 1, 57, 156, 188, 100, 0, 3, 21, 0, 0, 0, 0, 243, 87, 77, 191, 98, 223, 24, 191, 139, 72, 153, 188, 103, 0, 3, 10, 171, 69, 12, 63, 26, 38, 86, 191, 0, 0, 0, 0, 55, 204, 52, 189, 106, 0, 3, 11, 5, 226, 226, 62, 112, 226, 99, 191, 250, 252, 216, 189, 233, 215, 34, 189, 109, 0, 3, 11, 196, 111, 214, 61, 139, 94, 85, 191, 107, 228, 10, 191, 140, 199, 199, 188, 112, 0, 3, 26, 0, 0, 0, 0, 193, 139, 37, 191, 61, 69, 67, 191, 183, 109, 155, 188, 115, 0, 3, 12, 29, 233, 177, 187, 23, 172, 12, 191, 185, 225, 85, 191, 3, 123, 152, 188, 118, 0, 3, 1, 0, 0, 0, 0, 104, 31, 1, 191, 240, 12, 93, 191, 128, 128, 154, 188, 121, 0, 3, 1, 0, 0, 0, 0, 149, 38, 108, 190, 119, 25, 121, 63, 138, 72, 153, 188, 124, 0, 3, 27, 0, 0, 128, 63, 0, 0, 0, 0, 0, 0, 0, 0, 38, 6, 129, 189, 127, 0, 10, 3, 0, 0, 0, 0, 221, 146, 0, 191, 205, 94, 93, 63, 91, 140, 154, 188, 137, 0, 4, 3, 6, 83, 61, 186, 37, 53, 58, 191, 133, 173, 47, 63, 68, 45, 153, 188, 141, 0, 3, 2, 32, 17, 19, 24, 12, 26, 11, 25, 4, 3, 21, 20, 6, 5, 9, 16, 0, 1, 2, 3, 4, 2, 5, 6, 7, 5, 7, 8, 5, 8, 9, 10, 0, 11, 10, 12, 1, 10, 1, 0, 13, 0, 2, 13, 2, 4, 14, 15, 16, 14, 16, 9, 14, 9, 8, 14, 8, 15, 17, 18, 19, 20, 21, 22, 23, 20, 22, 24, 1, 12, 25, 11, 0, 25, 0, 13, 25, 13, 4, 26, 12, 10, 26, 10, 11, 27, 22, 21, 27, 21, 3, 27, 3, 2, 28, 1, 24, 28, 24, 19, 28, 19, 18, 29, 7, 6, 30, 15, 8, 30, 8, 7, 30, 7, 29, 30, 29, 6, 30, 6, 20, 30, 20, 23, 31, 18, 17, 31, 15, 30, 23, 22, 27, 2, 1, 28, 18, 15, 31, 17, 32, 32, 16, 15, 0, 39, 0, 15, 0, 28, 0, 18, 0, 22, 0, 23, 0, 19, 0, 21, 0, 2, 0, 25, 0, 16, 0, 35, 0, 3, 0, 5, 0, 12, 0, 40, 1, 8, 1, 38, 1, 9, 2, 10, 2, 26, 3, 30, 3, 4, 4, 32, 4, 5, 5, 13, 6, 8, 6, 19, 6, 23, 7, 22, 7, 18, 7, 8, 9, 20, 9, 10, 10, 21, 11, 14, 11, 40, 11, 12, 12, 13, 13, 14, 14, 31, 15, 37, 15, 29, 16, 24, 16, 17, 17, 36, 17, 38, 18, 27, 19, 20, 20, 21, 22, 23, 24, 38, 24, 25, 25, 26, 26, 38, 27, 38, 27, 28, 28, 29, 29, 38, 30, 33, 30, 34, 31, 38, 31, 32, 32, 33, 33, 34, 34, 35, 35, 36, 36, 38, 37, 38, 37, 39, 38, 39, 39, 40, 1, 6, 8, 1, 7, 8, 1, 2, 9, 0, 2, 25, 0, 2, 10, 0, 3, 4, 0, 3, 30, 3, 4, 30, 4, 5, 13, 0, 5, 12, 6, 7, 8, 0, 6, 19, 0, 7, 18, 9, 10, 20, 11, 12, 13, 11, 14, 31, 0, 11, 12, 0, 15, 37, 15, 29, 37, 0, 15, 28, 0, 16, 17, 0, 16, 24, 16, 17, 24, 17, 36, 38, 0, 18, 27, 0, 19, 20, 0, 22, 23, 24, 25, 26, 27, 28, 29, 30, 33, 34, 31, 32, 33, 37, 38, 39, 0, 39, 40, 32, 0, 17, 0, 17, 0, 19, 0, 19, 0, 24, 0, 24, 0, 12, 0, 12, 0, 26, 0, 26, 0, 11, 0, 11, 0, 25, 0, 25, 0, 4, 0, 4, 0, 3, 0, 3, 0, 21, 0, 21, 0, 20, 0, 20, 0, 6, 0, 6, 0, 5, 0, 5, 0, 9, 0, 9, 0, 16, 0, 16, 0, 32, 0, 0, 0, 1, 0, 1, 0, 2, 0, 2, 0, 0, 0, 4, 0, 2, 0, 2, 0, 3, 0, 6, 0, 7, 0, 7, 0, 5, 0, 7, 0, 8, 0, 8, 0, 5, 0, 8, 0, 9, 0, 10, 0, 0, 0, 0, 0, 11, 0, 11, 0, 10, 0, 10, 0, 12, 0, 12, 0, 1, 0, 1, 0, 10, 0, 13, 0, 0, 0, 2, 0, 13, 0, 4, 0, 13, 0, 14, 0, 15, 0, 15, 0, 16, 0, 16, 0, 14, 0, 9, 0, 14, 0, 8, 0, 14, 0, 8, 0, 15, 0, 17, 0, 18, 0, 18, 0, 19, 0, 21, 0, 22, 0, 22, 0, 20, 0, 23, 0, 20, 0, 22, 0, 23, 0, 24, 0, 1, 0, 0, 0, 25, 0, 13, 0, 25, 0, 10, 0, 26, 0, 27, 0, 22, 0, 21, 0, 27, 0, 3, 0, 27, 0, 2, 0, 27, 0, 28, 0, 1, 0, 24, 0, 28, 0, 19, 0, 28, 0, 18, 0, 28, 0, 29, 0, 7, 0, 6, 0, 29, 0, 30, 0, 15, 0, 8, 0, 30, 0, 7, 0, 30, 0, 29, 0, 30, 0, 6, 0, 30, 0, 20, 0, 30, 0, 23, 0, 30, 0, 31, 0, 18, 0, 17, 0, 31, 0, 31, 0, 15, 0, 32, 0, 15, 0, 0, 0, 0, 0, 188, 116, 147, 60, 227, 165, 155, 188, 122, 98, 155, 188, 37, 6, 129, 61, 227, 165, 155, 60, 122, 98, 155, 60, 37, 37, 75, 56, 114, 41, 16, 50, 27, 251, 109, 46, 100, 58, 69, 173, 27, 251, 109, 46, 142, 33, 192, 51, 17, 96, 204, 172, 100, 58, 69, 173, 17, 96, 204, 172, 135, 103, 191, 51, 188, 148, 35, 61, 192, 86, 99, 183, 16, 230, 61, 55, 0, 0, 128, 63, 73, 67, 69, 1, 83, 85, 80, 77, 0, 0, 0, 0, 73, 67, 69, 1, 71, 65, 85, 83, 0, 0, 0, 0, 16, 0, 0, 0, 0, 6, 0, 0, 30, 30, 30, 30, 30, 30, 30, 30, 15, 15, 15, 15, 15, 15, 15, 15, 30, 30, 30, 30, 30, 30, 30, 30, 15, 15, 15, 15, 15, 15, 15, 15, 30, 30, 30, 30, 30, 30, 30, 30, 15, 15, 15, 15, 15, 15, 15, 15, 30, 30, 30, 30, 30, 30, 30, 30, 15, 15, 15, 15, 15, 15, 15, 15, 23, 23, 30, 30, 30, 30, 30, 30, 15, 15, 15, 15, 15, 15, 31, 31, 23, 23, 23, 23, 30, 30, 30, 30, 15, 15, 15, 15, 31, 31, 31, 31, 22, 22, 23, 23, 23, 30, 30, 30, 15, 15, 15, 31, 31, 31, 18, 18, 22, 22, 22, 22, 22, 22, 23, 30, 15, 31, 18, 18, 18, 18, 18, 18, 22, 22, 22, 22, 27, 27, 27, 2, 1, 28, 28, 28, 18, 18, 18, 18, 27, 27, 27, 27, 27, 2, 2, 2, 1, 1, 1, 28, 28, 28, 28, 28, 27, 27, 27, 2, 2, 2, 2, 2, 1, 1, 1, 1, 1, 28, 28, 28, 27, 2, 2, 2, 2, 2, 2, 2, 1, 1, 1, 1, 1, 1, 1, 28, 2, 2, 2, 2, 2, 2, 2, 2, 1, 1, 1, 1, 1, 1, 1, 1, 2, 2, 2, 2, 2, 2, 2, 2, 1, 1, 1, 1, 1, 1, 1, 1, 2, 2, 2, 2, 2, 2, 2, 2, 1, 1, 1, 1, 1, 1, 1, 1, 2, 2, 2, 2, 2, 2, 2, 2, 1, 1, 1, 1, 1, 1, 1, 1, 6, 6, 6, 5, 5, 5, 5, 9, 9, 9, 9, 16, 16, 16, 16, 32, 6, 6, 6, 6, 5, 5, 5, 9, 9, 9, 16, 16, 16, 16, 32, 32, 6, 6, 6, 6, 5, 5, 5, 9, 9, 9, 16, 16, 16, 32, 32, 32, 20, 6, 6, 6, 6, 5, 5, 9, 9, 9, 16, 16, 32, 32, 32, 32, 20, 20, 20, 6, 6, 6, 5, 5, 9, 16, 16, 32, 32, 32, 17, 17, 20, 20, 20, 20, 6, 6, 5, 5, 9, 16, 32, 32, 17, 17, 17, 17, 20, 20, 20, 20, 20, 20, 6, 5, 9, 32, 32, 17, 17, 17, 17, 17, 21, 21, 21, 21, 21, 20, 20, 6, 32, 17, 17, 19, 19, 19, 19, 19, 21, 21, 21, 21, 21, 21, 3, 4, 12, 24, 19, 19, 19, 19, 19, 19, 21, 21, 21, 3, 3, 3, 4, 25, 26, 12, 24, 24, 24, 24, 19, 19, 3, 3, 3, 3, 3, 4, 4, 25, 11, 26, 12, 12, 24, 24, 24, 24, 3, 3, 3, 3, 4, 4, 25, 25, 11, 26, 26, 12, 12, 24, 24, 24, 3, 3, 3, 4, 4, 4, 25, 25, 11, 26, 26, 12, 12, 12, 12, 24, 3, 3, 4, 4, 4, 4, 25, 25, 11, 11, 26, 26, 12, 12, 12, 12, 3, 4, 4, 4, 4, 25, 25, 25, 11, 11, 26, 26, 26, 12, 12, 12, 4, 4, 4, 4, 4, 25, 25, 25, 11, 11, 26, 26, 26, 26, 12, 12, 4, 4, 4, 4, 4, 4, 4, 4, 2, 2, 2, 2, 2, 2, 2, 2, 4, 4, 4, 4, 4, 4, 4, 4, 2, 2, 2, 2, 2, 2, 2, 2, 4, 4, 4, 4, 4, 4, 4, 4, 13, 2, 2, 2, 2, 2, 2, 2, 4, 4, 4, 4, 4, 4, 4, 4, 13, 2, 2, 2, 2, 2, 2, 2, 4, 4, 4, 4, 4, 4, 4, 4, 13, 13, 2, 2, 2, 2, 2, 2, 25, 25, 25, 25, 25, 25, 25, 25, 13, 13, 13, 2, 2, 2, 2, 2, 25, 25, 25, 25, 25, 25, 25, 25, 0, 13, 13, 2, 2, 2, 2, 2, 25, 25, 25, 25, 25, 25, 25, 25, 0, 0, 0, 0, 2, 2, 2, 2, 11, 11, 11, 11, 11, 11, 11, 11, 0, 0, 0, 0, 1, 1, 1, 1, 11, 11, 11, 11, 11, 11, 11, 11, 0, 10, 10, 1, 1, 1, 1, 1, 26, 26, 26, 26, 26, 26, 26, 26, 10, 10, 10, 1, 1, 1, 1, 1, 26, 26, 26, 26, 26, 26, 26, 26, 10, 10, 1, 1, 1, 1, 1, 1, 26, 26, 26, 26, 26, 26, 26, 26, 10, 1, 1, 1, 1, 1, 1, 1, 26, 26, 26, 26, 26, 26, 26, 26, 10, 1, 1, 1, 1, 1, 1, 1, 12, 12, 12, 12, 12, 12, 12, 12, 1, 1, 1, 1, 1, 1, 1, 1, 12, 12, 12, 12, 12, 12, 12, 12, 1, 1, 1, 1, 1, 1, 1, 1, 6, 6, 6, 6, 6, 6, 6, 6, 30, 30, 30, 30, 30, 30, 30, 30, 6, 6, 6, 6, 6, 6, 6, 6, 29, 30, 30, 30, 30, 30, 30, 30, 6, 6, 6, 6, 6, 6, 6, 6, 29, 30, 30, 30, 30, 30, 30, 30, 5, 5, 5, 5, 5, 5, 5, 5, 7, 30, 30, 30, 30, 30, 30, 30, 5, 5, 5, 5, 5, 5, 5, 5, 7, 7, 30, 30, 30, 30, 30, 30, 5, 5, 5, 5, 5, 5, 5, 5, 7, 7, 7, 30, 30, 30, 30, 30, 5, 5, 5, 5, 5, 5, 5, 5, 8, 7, 7, 30, 30, 30, 30, 30, 9, 9, 9, 9, 9, 9, 9, 9, 8, 8, 8, 8, 30, 30, 30, 30, 9, 9, 9, 9, 9, 9, 9, 9, 8, 8, 8, 8, 15, 15, 15, 15, 9, 9, 9, 9, 9, 9, 9, 9, 8, 14, 14, 15, 15, 15, 15, 15, 9, 9, 9, 9, 9, 9, 9, 9, 14, 14, 14, 15, 15, 15, 15, 15, 16, 16, 16, 16, 16, 16, 16, 16, 14, 14, 15, 15, 15, 15, 15, 15, 16, 16, 16, 16, 16, 16, 16, 16, 14, 15, 15, 15, 15, 15, 15, 15, 16, 16, 16, 16, 16, 16, 16, 16, 14, 15, 15, 15, 15, 15, 15, 15, 16, 16, 16, 16, 16, 16, 16, 16, 15, 15, 15, 15, 15, 15, 15, 15, 32, 32, 32, 32, 32, 32, 32, 32, 15, 15, 15, 15, 15, 15, 15, 15, 32, 32, 32, 32, 17, 17, 17, 19, 19, 19, 24, 24, 24, 12, 12, 12, 32, 32, 32, 32, 17, 17, 17, 19, 19, 19, 24, 24, 24, 12, 12, 12, 32, 32, 32, 32, 17, 17, 17, 19, 19, 19, 24, 24, 24, 12, 12, 12, 32, 32, 32, 32, 17, 17, 17, 19, 19, 19, 24, 24, 24, 12, 12, 12, 32, 32, 32, 32, 17, 17, 17, 19, 19, 19, 24, 24, 24, 12, 12, 12, 32, 32, 32, 32, 17, 17, 17, 19, 19, 19, 24, 24, 24, 12, 12, 12, 32, 32, 32, 32, 17, 17, 17, 19, 19, 19, 24, 24, 24, 12, 12, 12, 32, 32, 32, 32, 17, 17, 17, 19, 19, 19, 24, 24, 24, 12, 12, 12, 15, 15, 15, 15, 31, 31, 18, 18, 18, 28, 28, 28, 1, 1, 1, 1, 15, 15, 15, 15, 31, 31, 18, 18, 18, 28, 28, 28, 1, 1, 1, 1, 15, 15, 15, 15, 31, 31, 18, 18, 18, 28, 28, 28, 1, 1, 1, 1, 15, 15, 15, 15, 31, 31, 18, 18, 18, 28, 28, 28, 1, 1, 1, 1, 15, 15, 15, 15, 31, 31, 18, 18, 18, 28, 28, 28, 1, 1, 1, 1, 15, 15, 15, 15, 31, 31, 18, 18, 18, 28, 28, 28, 1, 1, 1, 1, 15, 15, 15, 15, 31, 31, 18, 18, 18, 28, 28, 28, 1, 1, 1, 1, 15, 15, 15, 15, 31, 31, 18, 18, 18, 28, 28, 28, 1, 1, 1, 1, 6, 6, 6, 20, 20, 20, 20, 21, 21, 21, 3, 3, 3, 3, 3, 4, 6, 6, 6, 20, 20, 20, 20, 21, 21, 21, 3, 3, 3, 3, 3, 4, 6, 6, 6, 20, 20, 20, 20, 21, 21, 21, 3, 3, 3, 3, 3, 4, 6, 6, 6, 20, 20, 20, 20, 21, 21, 21, 3, 3, 3, 3, 3, 4, 6, 6, 6, 20, 20, 20, 20, 21, 21, 21, 3, 3, 3, 3, 3, 4, 6, 6, 6, 20, 20, 20, 20, 21, 21, 21, 3, 3, 3, 3, 3, 4, 6, 6, 6, 20, 20, 20, 20, 21, 21, 21, 3, 3, 3, 3, 3, 4, 6, 6, 6, 20, 20, 20, 20, 21, 21, 21, 3, 3, 3, 3, 3, 4, 30, 30, 30, 30, 23, 23, 22, 22, 22, 27, 27, 27, 2, 2, 2, 2, 30, 30, 30, 30, 23, 23, 22, 22, 22, 27, 27, 27, 2, 2, 2, 2, 30, 30, 30, 30, 23, 23, 22, 22, 22, 27, 27, 27, 2, 2, 2, 2, 30, 30, 30, 30, 23, 23, 22, 22, 22, 27, 27, 27, 2, 2, 2, 2, 30, 30, 30, 30, 23, 23, 22, 22, 22, 27, 27, 27, 2, 2, 2, 2, 30, 30, 30, 30, 23, 23, 22, 22, 22, 27, 27, 27, 2, 2, 2, 2, 30, 30, 30, 30, 23, 23, 22, 22, 22, 27, 27, 27, 2, 2, 2, 2, 30, 30, 30, 30, 23, 23, 22, 22, 22, 27, 27, 27, 2, 2, 2, 2, 12, 12, 26, 26, 26, 26, 11, 11, 25, 25, 25, 4, 4, 4, 4, 4, 12, 12, 12, 26, 26, 26, 11, 11, 25, 25, 25, 4, 4, 4, 4, 3, 12, 12, 12, 12, 26, 26, 11, 11, 25, 25, 4, 4, 4, 4, 3, 3, 24, 12, 12, 12, 12, 26, 26, 11, 25, 25, 4, 4, 4, 3, 3, 3, 24, 24, 24, 12, 12, 26, 26, 11, 25, 25, 4, 4, 3, 3, 3, 3, 24, 24, 24, 24, 12, 12, 26, 11, 25, 4, 4, 3, 3, 3, 3, 3, 19, 19, 24, 24, 24, 24, 12, 26, 25, 4, 3, 3, 3, 21, 21, 21, 19, 19, 19, 19, 19, 19, 24, 12, 4, 3, 21, 21, 21, 21, 21, 21, 19, 19, 19, 19, 19, 17, 17, 32, 6, 20, 20, 21, 21, 21, 21, 21, 17, 17, 17, 17, 17, 32, 32, 9, 5, 6, 20, 20, 20, 20, 20, 20, 17, 17, 17, 17, 32, 32, 16, 9, 5, 5, 6, 6, 20, 20, 20, 20, 17, 17, 32, 32, 32, 16, 16, 9, 5, 5, 6, 6, 6, 20, 20, 20, 32, 32, 32, 32, 16, 16, 9, 9, 9, 5, 5, 6, 6, 6, 6, 20, 32, 32, 32, 16, 16, 16, 9, 9, 9, 5, 5, 5, 6, 6, 6, 6, 32, 32, 16, 16, 16, 16, 9, 9, 9, 5, 5, 5, 6, 6, 6, 6, 32, 16, 16, 16, 16, 9, 9, 9, 9, 5, 5, 5, 5, 6, 6, 6, 1, 1, 1, 1, 1, 1, 1, 1, 2, 2, 2, 2, 2, 2, 2, 2, 1, 1, 1, 1, 1, 1, 1, 1, 2, 2, 2, 2, 2, 2, 2, 2, 1, 1, 1, 1, 1, 1, 1, 1, 2, 2, 2, 2, 2, 2, 2, 2, 1, 1, 1, 1, 1, 1, 1, 1, 2, 2, 2, 2, 2, 2, 2, 2, 28, 1, 1, 1, 1, 1, 1, 1, 2, 2, 2, 2, 2, 2, 2, 27, 28, 28, 28, 1, 1, 1, 1, 1, 2, 2, 2, 2, 2, 27, 27, 27, 28, 28, 28, 28, 28, 1, 1, 1, 2, 2, 2, 27, 27, 27, 27, 27, 18, 18, 18, 18, 28, 28, 28, 1, 2, 27, 27, 27, 22, 22, 22, 22, 18, 18, 18, 18, 18, 18, 31, 15, 30, 23, 22, 22, 22, 22, 22, 22, 18, 18, 31, 31, 31, 15, 15, 15, 30, 30, 30, 23, 23, 23, 22, 22, 31, 31, 31, 31, 15, 15, 15, 15, 30, 30, 30, 30, 23, 23, 23, 23, 31, 31, 15, 15, 15, 15, 15, 15, 30, 30, 30, 30, 30, 30, 23, 23, 15, 15, 15, 15, 15, 15, 15, 15, 30, 30, 30, 30, 30, 30, 30, 30, 15, 15, 15, 15, 15, 15, 15, 15, 30, 30, 30, 30, 30, 30, 30, 30, 15, 15, 15, 15, 15, 15, 15, 15, 30, 30, 30, 30, 30, 30, 30, 30, 15, 15, 15, 15, 15, 15, 15, 15, 30, 30, 30, 30, 30, 30, 30, 30, 15, 15, 15, 15, 15, 15, 15, 15, 32, 32, 32, 32, 32, 32, 32, 32, 15, 15, 15, 15, 15, 15, 15, 15, 16, 16, 16, 16, 16, 16, 16, 16, 15, 15, 15, 15, 15, 15, 15, 14, 16, 16, 16, 16, 16, 16, 16, 16, 15, 15, 15, 15, 15, 15, 15, 14, 16, 16, 16, 16, 16, 16, 16, 16, 15, 15, 15, 15, 15, 15, 14, 14, 16, 16, 16, 16, 16, 16, 16, 16, 15, 15, 15, 15, 15, 14, 14, 14, 9, 9, 9, 9, 9, 9, 9, 9, 15, 15, 15, 15, 15, 14, 14, 8, 9, 9, 9, 9, 9, 9, 9, 9, 15, 15, 15, 15, 8, 8, 8, 8, 9, 9, 9, 9, 9, 9, 9, 9, 30, 30, 30, 30, 8, 8, 8, 8, 9, 9, 9, 9, 9, 9, 9, 9, 30, 30, 30, 30, 30, 7, 7, 8, 5, 5, 5, 5, 5, 5, 5, 5, 30, 30, 30, 30, 30, 7, 7, 7, 5, 5, 5, 5, 5, 5, 5, 5, 30, 30, 30, 30, 30, 30, 7, 7, 5, 5, 5, 5, 5, 5, 5, 5, 30, 30, 30, 30, 30, 30, 30, 7, 5, 5, 5, 5, 5, 5, 5, 5, 30, 30, 30, 30, 30, 30, 30, 29, 6, 6, 6, 6, 6, 6, 6, 6, 30, 30, 30, 30, 30, 30, 30, 29, 6, 6, 6, 6, 6, 6, 6, 6, 30, 30, 30, 30, 30, 30, 30, 30, 6, 6, 6, 6, 6, 6, 6, 6, 1, 1, 1, 1, 1, 1, 1, 1, 12, 12, 12, 12, 12, 12, 12, 12, 1, 1, 1, 1, 1, 1, 1, 1, 12, 12, 12, 12, 12, 12, 12, 12, 1, 1, 1, 1, 1, 1, 1, 10, 26, 26, 26, 26, 26, 26, 26, 26, 1, 1, 1, 1, 1, 1, 1, 10, 26, 26, 26, 26, 26, 26, 26, 26, 1, 1, 1, 1, 1, 1, 10, 10, 26, 26, 26, 26, 26, 26, 26, 26, 1, 1, 1, 1, 1, 10, 10, 10, 26, 26, 26, 26, 26, 26, 26, 26, 1, 1, 1, 1, 1, 10, 10, 0, 11, 11, 11, 11, 11, 11, 11, 11, 1, 1, 1, 1, 0, 0, 0, 0, 11, 11, 11, 11, 11, 11, 11, 11, 2, 2, 2, 2, 0, 0, 0, 0, 25, 25, 25, 25, 25, 25, 25, 25, 2, 2, 2, 2, 2, 13, 13, 0, 25, 25, 25, 25, 25, 25, 25, 25, 2, 2, 2, 2, 2, 13, 13, 13, 25, 25, 25, 25, 25, 25, 25, 25, 2, 2, 2, 2, 2, 2, 13, 13, 4, 4, 4, 4, 4, 4, 4, 4, 2, 2, 2, 2, 2, 2, 2, 13, 4, 4, 4, 4, 4, 4, 4, 4, 2, 2, 2, 2, 2, 2, 2, 13, 4, 4, 4, 4, 4, 4, 4, 4, 2, 2, 2, 2, 2, 2, 2, 2, 4, 4, 4, 4, 4, 4, 4, 4, 2, 2, 2, 2, 2, 2, 2, 2, 4, 4, 4, 4, 4, 4, 4, 4, 2, 2, 2, 2, 27, 27, 27, 22, 22, 22, 23, 23, 30, 30, 30, 30, 2, 2, 2, 2, 27, 27, 27, 22, 22, 22, 23, 23, 30, 30, 30, 30, 2, 2, 2, 2, 27, 27, 27, 22, 22, 22, 23, 23, 30, 30, 30, 30, 2, 2, 2, 2, 27, 27, 27, 22, 22, 22, 23, 23, 30, 30, 30, 30, 2, 2, 2, 2, 27, 27, 27, 22, 22, 22, 23, 23, 30, 30, 30, 30, 2, 2, 2, 2, 27, 27, 27, 22, 22, 22, 23, 23, 30, 30, 30, 30, 2, 2, 2, 2, 27, 27, 27, 22, 22, 22, 23, 23, 30, 30, 30, 30, 2, 2, 2, 2, 27, 27, 27, 22, 22, 22, 23, 23, 30, 30, 30, 30, 4, 3, 3, 3, 3, 3, 21, 21, 21, 20, 20, 20, 20, 6, 6, 6, 4, 3, 3, 3, 3, 3, 21, 21, 21, 20, 20, 20, 20, 6, 6, 6, 4, 3, 3, 3, 3, 3, 21, 21, 21, 20, 20, 20, 20, 6, 6, 6, 4, 3, 3, 3, 3, 3, 21, 21, 21, 20, 20, 20, 20, 6, 6, 6, 4, 3, 3, 3, 3, 3, 21, 21, 21, 20, 20, 20, 20, 6, 6, 6, 4, 3, 3, 3, 3, 3, 21, 21, 21, 20, 20, 20, 20, 6, 6, 6, 4, 3, 3, 3, 3, 3, 21, 21, 21, 20, 20, 20, 20, 6, 6, 6, 4, 3, 3, 3, 3, 3, 21, 21, 21, 20, 20, 20, 20, 6, 6, 6, 1, 1, 1, 1, 28, 28, 28, 18, 18, 18, 31, 31, 15, 15, 15, 15, 1, 1, 1, 1, 28, 28, 28, 18, 18, 18, 31, 31, 15, 15, 15, 15, 1, 1, 1, 1, 28, 28, 28, 18, 18, 18, 31, 31, 15, 15, 15, 15, 1, 1, 1, 1, 28, 28, 28, 18, 18, 18, 31, 31, 15, 15, 15, 15, 1, 1, 1, 1, 28, 28, 28, 18, 18, 18, 31, 31, 15, 15, 15, 15, 1, 1, 1, 1, 28, 28, 28, 18, 18, 18, 31, 31, 15, 15, 15, 15, 1, 1, 1, 1, 28, 28, 28, 18, 18, 18, 31, 31, 15, 15, 15, 15, 1, 1, 1, 1, 28, 28, 28, 18, 18, 18, 31, 31, 15, 15, 15, 15, 12, 12, 12, 24, 24, 24, 19, 19, 19, 17, 17, 17, 32, 32, 32, 32, 12, 12, 12, 24, 24, 24, 19, 19, 19, 17, 17, 17, 32, 32, 32, 32, 12, 12, 12, 24, 24, 24, 19, 19, 19, 17, 17, 17, 32, 32, 32, 32, 12, 12, 12, 24, 24, 24, 19, 19, 19, 17, 17, 17, 32, 32, 32, 32, 12, 12, 12, 24, 24, 24, 19, 19, 19, 17, 17, 17, 32, 32, 32, 32, 12, 12, 12, 24, 24, 24, 19, 19, 19, 17, 17, 17, 32, 32, 32, 32, 12, 12, 12, 24, 24, 24, 19, 19, 19, 17, 17, 17, 32, 32, 32, 32, 12, 12, 12, 24, 24, 24, 19, 19, 19, 17, 17, 17, 32, 32, 32, 32, 73, 67, 69, 1, 86, 65, 76, 69, 2, 0, 0, 0, 33, 0, 0, 0, 144, 0, 0, 0, 7, 0, 0, 0, 6, 6, 6, 4, 4, 4, 5, 5, 6, 4, 5, 4, 4, 4, 4, 6, 4, 4, 4, 4, 5, 4, 4, 3, 4, 4, 3, 4, 4, 3, 7, 3, 3, 1, 10, 11, 25, 13, 2, 2, 28, 24, 12, 10, 0, 0, 13, 4, 3, 27, 1, 21, 27, 2, 4, 3, 2, 13, 25, 9, 8, 7, 6, 5, 7, 29, 30, 20, 5, 8, 30, 29, 6, 5, 9, 14, 15, 30, 7, 16, 14, 8, 5, 0, 1, 12, 26, 11, 25, 0, 10, 26, 26, 10, 1, 24, 0, 25, 4, 2, 15, 8, 9, 16, 16, 32, 31, 30, 8, 14, 32, 15, 14, 9, 19, 18, 31, 32, 19, 28, 31, 17, 24, 28, 18, 17, 6, 30, 23, 22, 21, 20, 22, 27, 3, 20, 23, 27, 21, 20, 30, 22, 12, 1, 28, 19, 4, 13, 0, 11, 11, 10, 12, 22, 2, 3, 21, 1, 18, 19, 24, 7, 30, 6, 15, 23, 20, 6, 29, 7, 8, 18, 15, 17, 17, 15, 16, 0, 0, 128, 191, 111, 122, 152, 60, 186, 180, 179, 60, 124, 249, 67, 60, 124, 249, 67, 60]
            }
        }

        over "head_cover"
        {
            over "collisions" (
                prepend apiSchemas = ["PhysxCookedDataAPI:convexHull"]
            )
            {
                uchar[] physxCookedData:convexHull:buffer = [9, 211, 151, 165, 23, 232, 203, 12, 45, 110, 209, 130, 41, 213, 177, 189, 172, 78, 88, 83, 1, 67, 86, 88, 77, 14, 0, 0, 0, 0, 0, 0, 0, 73, 67, 69, 1, 67, 76, 72, 76, 9, 0, 0, 0, 35, 0, 0, 0, 80, 128, 0, 0, 47, 0, 0, 0, 160, 0, 0, 0, 18, 242, 65, 61, 7, 165, 110, 188, 130, 226, 71, 188, 154, 222, 186, 60, 96, 115, 96, 187, 53, 25, 153, 188, 18, 242, 65, 61, 7, 165, 110, 60, 130, 226, 71, 188, 236, 81, 184, 60, 105, 135, 189, 162, 227, 165, 155, 60, 18, 242, 65, 61, 7, 165, 110, 188, 130, 226, 71, 60, 18, 242, 65, 61, 7, 165, 110, 60, 130, 226, 71, 60, 18, 242, 65, 61, 94, 131, 154, 188, 33, 23, 22, 59, 161, 34, 146, 60, 53, 25, 153, 188, 96, 115, 96, 187, 18, 242, 65, 61, 141, 136, 145, 188, 48, 198, 220, 187, 253, 20, 91, 60, 39, 2, 105, 60, 108, 109, 78, 60, 118, 41, 144, 60, 10, 32, 151, 60, 251, 254, 148, 59, 129, 3, 187, 187, 248, 178, 183, 59, 245, 183, 148, 60, 111, 18, 3, 188, 84, 47, 18, 34, 227, 165, 155, 188, 182, 204, 227, 187, 216, 183, 129, 59, 110, 59, 152, 188, 27, 94, 191, 60, 24, 57, 185, 59, 179, 153, 148, 188, 227, 30, 103, 60, 13, 12, 117, 188, 108, 251, 63, 188, 16, 58, 15, 187, 44, 44, 252, 187, 29, 79, 142, 188, 181, 198, 215, 187, 219, 220, 148, 187, 36, 34, 151, 188, 220, 33, 202, 187, 82, 235, 166, 187, 34, 243, 149, 60, 111, 18, 3, 188, 120, 232, 118, 31, 227, 165, 155, 60, 161, 34, 146, 60, 53, 25, 153, 60, 96, 115, 96, 187, 18, 242, 65, 61, 227, 165, 155, 60, 33, 148, 136, 162, 227, 67, 114, 60, 134, 24, 128, 60, 23, 214, 48, 188, 44, 88, 141, 187, 48, 198, 220, 59, 141, 136, 145, 188, 53, 60, 61, 60, 95, 41, 75, 188, 128, 220, 107, 60, 52, 219, 130, 60, 200, 209, 137, 188, 157, 170, 16, 60, 65, 111, 194, 60, 48, 198, 220, 187, 141, 136, 145, 60, 66, 32, 58, 187, 162, 17, 245, 187, 37, 21, 143, 60, 65, 111, 194, 60, 48, 198, 220, 59, 141, 136, 145, 60, 18, 242, 65, 61, 141, 136, 145, 60, 48, 198, 220, 187, 18, 242, 65, 61, 141, 136, 145, 60, 48, 198, 220, 59, 161, 34, 146, 60, 53, 25, 153, 188, 96, 115, 96, 59, 7, 38, 202, 60, 157, 170, 16, 188, 200, 209, 137, 188, 53, 60, 61, 60, 95, 41, 75, 60, 128, 220, 107, 188, 18, 242, 65, 61, 141, 136, 145, 188, 48, 198, 220, 59, 0, 0, 128, 63, 0, 0, 0, 0, 0, 0, 0, 0, 17, 242, 65, 189, 0, 0, 10, 12, 161, 227, 130, 62, 0, 0, 0, 0, 83, 126, 119, 191, 120, 200, 195, 188, 10, 0, 3, 19, 239, 34, 135, 62, 0, 0, 0, 0, 16, 236, 118, 63, 28, 199, 198, 188, 13, 0, 3, 12, 43, 157, 143, 60, 44, 24, 126, 191, 74, 210, 246, 189, 236, 230, 157, 188, 16, 0, 3, 10, 233, 41, 162, 190, 207, 233, 101, 63, 189, 57, 156, 62, 201, 220, 74, 188, 19, 0, 3, 8, 149, 205, 147, 60, 184, 211, 146, 61, 170, 76, 127, 191, 38, 10, 154, 188, 22, 0, 4, 19, 35, 146, 101, 62, 7, 166, 57, 61, 177, 54, 121, 191, 163, 169, 189, 188, 26, 0, 3, 19, 113, 0, 160, 190, 3, 51, 105, 191, 224, 229, 137, 190, 235, 179, 74, 188, 29, 0, 3, 30, 230, 34, 56, 59, 33, 229, 92, 191, 242, 98, 1, 191, 234, 143, 154, 188, 32, 0, 3, 9, 1, 33, 137, 188, 69, 33, 106, 191, 170, 227, 206, 190, 252, 232, 148, 188, 35, 0, 3, 30, 135, 251, 99, 187, 234, 209, 248, 189, 30, 26, 126, 191, 213, 184, 154, 188, 38, 0, 3, 3, 147, 154, 114, 191, 130, 116, 163, 190, 68, 119, 149, 163, 34, 109, 248, 187, 41, 0, 4, 21, 32, 79, 101, 188, 131, 220, 127, 63, 206, 239, 243, 60, 131, 34, 150, 188, 45, 0, 3, 6, 137, 233, 172, 190, 132, 43, 105, 63, 82, 21, 115, 190, 94, 129, 65, 188, 48, 0, 3, 34, 203, 52, 245, 190, 83, 184, 96, 63, 249, 145, 20, 60, 34, 27, 0, 188, 51, 0, 4, 6, 181, 39, 31, 188, 49, 93, 73, 191, 223, 14, 30, 63, 83, 203, 151, 188, 55, 0, 3, 2, 119, 126, 57, 62, 249, 137, 20, 190, 213, 2, 121, 63, 163, 201, 184, 188, 58, 0, 3, 12, 18, 177, 252, 163, 51, 226, 36, 190, 215, 168, 124, 63, 243, 157, 153, 188, 61, 0, 4, 13, 219, 50, 174, 60, 15, 54, 4, 191, 79, 38, 91, 63, 166, 109, 155, 188, 65, 0, 4, 23, 90, 107, 2, 36, 24, 51, 42, 62, 105, 112, 124, 63, 164, 123, 153, 188, 69, 0, 4, 1, 118, 126, 57, 62, 246, 137, 20, 62, 213, 2, 121, 63, 163, 201, 184, 188, 73, 0, 3, 12, 90, 151, 137, 59, 251, 123, 13, 63, 229, 88, 85, 63, 160, 221, 150, 188, 76, 0, 4, 32, 104, 115, 214, 59, 36, 228, 92, 63, 94, 98, 1, 191, 24, 2, 156, 188, 80, 0, 3, 25, 158, 90, 92, 188, 45, 254, 108, 63, 157, 122, 193, 190, 65, 94, 150, 188, 83, 0, 3, 34, 40, 198, 44, 60, 237, 202, 123, 63, 39, 146, 56, 190, 44, 46, 157, 188, 86, 0, 3, 31, 28, 74, 24, 60, 188, 203, 123, 63, 190, 146, 56, 62, 131, 178, 156, 188, 89, 0, 3, 7, 11, 248, 91, 188, 233, 100, 99, 63, 101, 21, 235, 62, 207, 103, 149, 188, 92, 0, 3, 8, 191, 62, 55, 187, 33, 229, 92, 63, 242, 98, 1, 63, 65, 99, 152, 188, 95, 0, 3, 15, 244, 190, 191, 187, 224, 254, 127, 191, 0, 0, 0, 0, 160, 61, 152, 188, 98, 0, 3, 21, 155, 103, 57, 191, 122, 132, 48, 63, 162, 29, 209, 187, 187, 39, 1, 188, 101, 0, 3, 6, 151, 92, 241, 186, 109, 92, 145, 62, 43, 119, 117, 191, 148, 71, 155, 188, 104, 0, 3, 26, 32, 121, 119, 191, 237, 10, 131, 62, 168, 167, 111, 35, 154, 105, 253, 187, 107, 0, 3, 6, 31, 187, 108, 191, 242, 189, 194, 62, 236, 224, 105, 60, 197, 76, 251, 187, 110, 0, 3, 6, 44, 126, 128, 187, 175, 162, 32, 191, 179, 83, 71, 191, 58, 43, 151, 188, 113, 0, 4, 5, 8, 101, 148, 59, 119, 243, 164, 190, 9, 89, 114, 191, 173, 209, 154, 188, 117, 0, 4, 11, 131, 187, 248, 61, 251, 120, 146, 190, 133, 82, 115, 191, 22, 61, 176, 188, 121, 0, 3, 11, 169, 46, 49, 190, 56, 91, 85, 191, 132, 92, 6, 63, 24, 47, 130, 188, 124, 0, 3, 2, 3, 167, 172, 186, 203, 157, 170, 190, 37, 94, 113, 63, 248, 89, 155, 188, 127, 0, 3, 14, 158, 20, 21, 191, 167, 27, 80, 191, 7, 50, 183, 187, 197, 12, 250, 187, 130, 0, 4, 21, 80, 203, 244, 190, 208, 215, 96, 191, 168, 174, 64, 187, 241, 6, 1, 188, 134, 0, 4, 21, 178, 140, 187, 190, 93, 74, 105, 191, 78, 147, 64, 62, 180, 134, 54, 188, 138, 0, 3, 29, 91, 99, 17, 60, 124, 89, 5, 63, 204, 131, 90, 191, 248, 168, 152, 188, 141, 0, 4, 27, 183, 192, 40, 190, 42, 127, 77, 63, 190, 184, 18, 191, 194, 137, 133, 188, 145, 0, 3, 4, 126, 91, 139, 187, 94, 234, 62, 63, 227, 139, 42, 191, 254, 234, 153, 188, 148, 0, 3, 4, 155, 30, 222, 187, 223, 44, 114, 191, 253, 240, 165, 62, 236, 238, 152, 188, 151, 0, 3, 29, 228, 167, 102, 59, 63, 143, 120, 191, 212, 14, 117, 62, 156, 224, 155, 188, 154, 0, 3, 20, 155, 203, 255, 59, 161, 227, 92, 191, 17, 98, 1, 63, 8, 127, 156, 188, 157, 0, 3, 22, 34, 6, 8, 0, 2, 29, 21, 30, 5, 4, 0, 1, 2, 3, 4, 5, 6, 7, 8, 9, 10, 11, 1, 12, 13, 14, 14, 2, 1, 15, 7, 16, 15, 0, 8, 15, 8, 7, 17, 12, 1, 18, 19, 12, 17, 20, 10, 21, 20, 22, 23, 23, 11, 10, 20, 24, 25, 4, 26, 4, 3, 26, 3, 19, 18, 26, 27, 24, 4, 28, 11, 19, 3, 28, 3, 5, 5, 9, 11, 28, 29, 2, 22, 29, 22, 20, 29, 20, 21, 30, 21, 10, 30, 10, 9, 30, 9, 5, 31, 7, 6, 13, 11, 23, 13, 23, 14, 13, 12, 19, 13, 19, 11, 0, 15, 16, 32, 32, 16, 17, 1, 32, 1, 0, 27, 25, 24, 27, 26, 18, 27, 18, 17, 16, 16, 7, 31, 27, 27, 31, 25, 2, 14, 23, 33, 33, 23, 22, 33, 22, 2, 34, 25, 31, 34, 31, 6, 34, 4, 25, 0, 45, 0, 3, 0, 8, 0, 1, 0, 22, 0, 24, 0, 25, 0, 27, 0, 2, 0, 46, 1, 35, 1, 6, 2, 16, 2, 20, 3, 28, 3, 9, 4, 26, 4, 14, 4, 21, 5, 10, 5, 31, 5, 30, 5, 6, 6, 41, 7, 9, 7, 39, 7, 33, 8, 33, 8, 9, 10, 11, 10, 34, 11, 17, 11, 31, 11, 38, 12, 14, 12, 25, 12, 24, 13, 23, 13, 42, 13, 14, 14, 29, 15, 36, 15, 46, 15, 18, 16, 18, 16, 17, 17, 19, 17, 37, 18, 37, 18, 36, 19, 21, 19, 32, 19, 20, 20, 21, 21, 27, 22, 43, 22, 23, 23, 24, 25, 26, 26, 27, 28, 39, 28, 45, 29, 32, 29, 30, 30, 41, 31, 32, 33, 34, 33, 35, 34, 38, 34, 35, 36, 40, 37, 38, 38, 39, 39, 40, 40, 44, 41, 42, 41, 43, 42, 43, 44, 46, 44, 45, 0, 1, 8, 1, 5, 6, 0, 1, 6, 2, 16, 17, 0, 2, 15, 0, 2, 20, 0, 3, 28, 3, 7, 9, 0, 3, 8, 4, 21, 26, 4, 12, 14, 4, 14, 19, 5, 10, 11, 5, 29, 30, 5, 6, 30, 7, 8, 9, 7, 33, 34, 10, 11, 34, 11, 17, 37, 11, 17, 19, 12, 13, 14, 0, 12, 24, 13, 22, 23, 13, 14, 29, 15, 18, 36, 15, 36, 40, 16, 17, 18, 18, 36, 37, 19, 20, 21, 0, 22, 23, 0, 25, 26, 28, 39, 40, 33, 34, 35, 41, 42, 43, 0, 44, 45, 34, 0, 6, 0, 6, 0, 8, 0, 8, 0, 0, 0, 0, 0, 2, 0, 2, 0, 29, 0, 29, 0, 21, 0, 21, 0, 30, 0, 30, 0, 5, 0, 5, 0, 4, 0, 4, 0, 34, 0, 0, 0, 1, 0, 1, 0, 2, 0, 3, 0, 4, 0, 5, 0, 3, 0, 6, 0, 7, 0, 7, 0, 8, 0, 9, 0, 10, 0, 10, 0, 11, 0, 11, 0, 9, 0, 1, 0, 12, 0, 12, 0, 13, 0, 13, 0, 14, 0, 14, 0, 1, 0, 14, 0, 2, 0, 15, 0, 7, 0, 7, 0, 16, 0, 16, 0, 15, 0, 15, 0, 0, 0, 8, 0, 15, 0, 17, 0, 12, 0, 1, 0, 17, 0, 18, 0, 19, 0, 19, 0, 12, 0, 17, 0, 18, 0, 20, 0, 10, 0, 10, 0, 21, 0, 21, 0, 20, 0, 20, 0, 22, 0, 22, 0, 23, 0, 23, 0, 20, 0, 23, 0, 11, 0, 24, 0, 25, 0, 25, 0, 4, 0, 4, 0, 24, 0, 26, 0, 4, 0, 3, 0, 26, 0, 3, 0, 19, 0, 18, 0, 26, 0, 26, 0, 27, 0, 27, 0, 24, 0, 28, 0, 11, 0, 11, 0, 19, 0, 3, 0, 28, 0, 5, 0, 28, 0, 5, 0, 9, 0, 2, 0, 22, 0, 22, 0, 29, 0, 20, 0, 29, 0, 10, 0, 30, 0, 9, 0, 30, 0, 31, 0, 7, 0, 6, 0, 31, 0, 13, 0, 11, 0, 23, 0, 13, 0, 23, 0, 14, 0, 19, 0, 13, 0, 16, 0, 32, 0, 32, 0, 0, 0, 16, 0, 17, 0, 1, 0, 32, 0, 27, 0, 25, 0, 18, 0, 27, 0, 16, 0, 27, 0, 31, 0, 27, 0, 31, 0, 25, 0, 23, 0, 33, 0, 33, 0, 2, 0, 22, 0, 33, 0, 34, 0, 25, 0, 31, 0, 34, 0, 0, 0, 0, 0, 112, 18, 3, 188, 94, 131, 154, 188, 227, 165, 155, 188, 18, 242, 65, 61, 226, 165, 155, 60, 227, 165, 155, 60, 20, 196, 80, 56, 19, 251, 8, 50, 168, 241, 190, 45, 90, 176, 161, 173, 168, 241, 190, 45, 244, 11, 39, 51, 226, 159, 204, 45, 90, 176, 161, 173, 226, 159, 204, 45, 194, 160, 37, 51, 232, 158, 181, 60, 176, 7, 228, 183, 0, 49, 145, 182, 0, 0, 128, 63, 73, 67, 69, 1, 83, 85, 80, 77, 0, 0, 0, 0, 73, 67, 69, 1, 71, 65, 85, 83, 0, 0, 0, 0, 16, 0, 0, 0, 0, 6, 0, 0, 0, 0, 0, 0, 8, 8, 8, 6, 6, 6, 34, 34, 4, 4, 4, 4, 0, 0, 0, 0, 8, 8, 8, 6, 6, 6, 34, 34, 4, 4, 4, 4, 0, 0, 0, 0, 0, 8, 8, 6, 6, 34, 34, 4, 4, 4, 4, 4, 0, 0, 0, 0, 0, 8, 8, 6, 6, 34, 34, 4, 4, 4, 4, 4, 0, 0, 0, 0, 0, 0, 8, 8, 6, 34, 4, 4, 4, 4, 4, 4, 0, 0, 0, 0, 0, 0, 0, 8, 6, 4, 4, 4, 4, 4, 4, 4, 0, 0, 0, 0, 0, 0, 0, 8, 34, 4, 4, 4, 4, 4, 4, 4, 0, 0, 0, 0, 0, 0, 0, 0, 4, 4, 4, 4, 4, 4, 4, 4, 2, 2, 2, 2, 2, 2, 2, 2, 5, 5, 5, 5, 5, 5, 5, 5, 2, 2, 2, 2, 2, 2, 2, 29, 30, 5, 5, 5, 5, 5, 5, 5, 2, 2, 2, 2, 2, 2, 2, 29, 30, 5, 5, 5, 5, 5, 5, 5, 2, 2, 2, 2, 2, 2, 29, 21, 21, 30, 5, 5, 5, 5, 5, 5, 2, 2, 2, 2, 2, 29, 29, 21, 21, 30, 30, 5, 5, 5, 5, 5, 2, 2, 2, 2, 2, 29, 29, 21, 21, 30, 30, 5, 5, 5, 5, 5, 2, 2, 2, 2, 29, 29, 29, 21, 21, 30, 30, 30, 5, 5, 5, 5, 2, 2, 2, 2, 29, 29, 29, 21, 21, 30, 30, 30, 5, 5, 5, 5, 17, 17, 17, 17, 17, 17, 17, 17, 18, 18, 18, 18, 18, 18, 18, 18, 17, 17, 17, 17, 17, 17, 17, 17, 18, 18, 18, 18, 18, 18, 18, 18, 17, 17, 17, 17, 17, 17, 17, 17, 18, 18, 18, 18, 18, 18, 18, 18, 17, 17, 17, 17, 17, 17, 17, 17, 18, 18, 18, 18, 18, 18, 18, 18, 17, 17, 17, 17, 17, 17, 17, 17, 18, 18, 18, 18, 18, 18, 19, 19, 12, 12, 12, 12, 12, 12, 12, 17, 19, 19, 19, 19, 19, 19, 19, 19, 12, 12, 12, 12, 12, 12, 12, 12, 19, 19, 19, 19, 19, 19, 19, 19, 12, 12, 12, 12, 12, 12, 12, 12, 19, 19, 19, 19, 19, 19, 19, 19, 12, 12, 12, 12, 12, 12, 12, 12, 19, 19, 19, 19, 19, 19, 19, 19, 12, 12, 12, 12, 12, 12, 12, 12, 19, 19, 19, 19, 19, 19, 19, 19, 12, 12, 12, 13, 13, 13, 13, 13, 19, 19, 19, 19, 19, 19, 19, 19, 13, 13, 13, 13, 13, 13, 13, 13, 11, 11, 11, 19, 19, 19, 19, 19, 13, 13, 13, 13, 13, 13, 13, 13, 11, 11, 11, 11, 11, 11, 11, 11, 13, 13, 13, 13, 13, 13, 13, 13, 11, 11, 11, 11, 11, 11, 11, 11, 13, 13, 13, 13, 13, 13, 13, 13, 11, 11, 11, 11, 11, 11, 11, 11, 13, 13, 13, 13, 13, 13, 13, 23, 11, 11, 11, 11, 11, 11, 11, 11, 13, 13, 23, 23, 23, 23, 23, 33, 2, 2, 2, 2, 2, 2, 2, 2, 13, 13, 23, 23, 23, 23, 23, 33, 2, 2, 2, 2, 2, 2, 2, 2, 13, 13, 23, 23, 23, 23, 33, 22, 2, 2, 2, 2, 2, 2, 2, 2, 13, 23, 23, 23, 23, 23, 22, 22, 2, 2, 2, 2, 2, 2, 2, 2, 13, 23, 23, 23, 23, 23, 22, 22, 29, 29, 29, 29, 29, 29, 29, 29, 13, 23, 23, 23, 23, 22, 22, 20, 29, 29, 29, 29, 29, 29, 29, 29, 13, 23, 23, 23, 23, 20, 20, 20, 29, 29, 29, 29, 29, 29, 29, 29, 23, 23, 23, 23, 20, 20, 20, 20, 21, 21, 21, 21, 21, 21, 21, 21, 11, 11, 11, 11, 10, 10, 10, 10, 21, 21, 21, 21, 21, 21, 21, 21, 11, 11, 11, 11, 11, 10, 10, 10, 30, 30, 30, 30, 30, 30, 30, 30, 11, 11, 11, 11, 11, 10, 10, 10, 30, 30, 30, 30, 30, 30, 30, 30, 11, 11, 11, 11, 11, 11, 9, 10, 30, 30, 30, 30, 30, 30, 30, 30, 11, 11, 11, 11, 11, 11, 9, 9, 5, 5, 5, 5, 5, 5, 5, 5, 11, 11, 11, 11, 11, 11, 9, 9, 5, 5, 5, 5, 5, 5, 5, 5, 11, 11, 11, 11, 11, 11, 11, 9, 5, 5, 5, 5, 5, 5, 5, 5, 11, 11, 11, 11, 11, 11, 11, 9, 5, 5, 5, 5, 5, 5, 5, 5, 17, 17, 17, 17, 16, 16, 16, 15, 0, 0, 0, 0, 0, 0, 0, 0, 17, 17, 17, 17, 16, 16, 16, 15, 0, 0, 0, 0, 0, 0, 0, 0, 17, 17, 17, 17, 16, 16, 16, 15, 0, 0, 0, 0, 0, 0, 0, 0, 17, 17, 17, 17, 16, 16, 15, 15, 0, 0, 0, 0, 0, 0, 0, 0, 17, 17, 17, 16, 16, 16, 15, 15, 8, 8, 8, 8, 8, 8, 8, 8, 17, 17, 17, 16, 16, 16, 7, 7, 8, 8, 8, 8, 8, 8, 8, 8, 17, 17, 17, 16, 16, 7, 7, 7, 8, 8, 8, 8, 8, 8, 8, 8, 17, 17, 17, 16, 7, 7, 7, 7, 6, 6, 6, 6, 6, 6, 6, 6, 18, 18, 18, 27, 31, 31, 31, 31, 6, 6, 6, 6, 6, 6, 6, 6, 18, 18, 18, 27, 27, 31, 31, 31, 6, 6, 6, 6, 6, 6, 6, 6, 18, 18, 18, 27, 27, 25, 25, 25, 34, 34, 34, 34, 34, 34, 34, 34, 18, 18, 18, 18, 27, 27, 25, 25, 34, 34, 34, 34, 34, 34, 34, 34, 18, 18, 18, 18, 27, 27, 25, 25, 4, 4, 4, 4, 4, 4, 4, 4, 18, 18, 18, 18, 27, 27, 27, 25, 4, 4, 4, 4, 4, 4, 4, 4, 18, 18, 18, 18, 27, 27, 27, 24, 4, 4, 4, 4, 4, 4, 4, 4, 18, 18, 18, 18, 18, 27, 27, 24, 4, 4, 4, 4, 4, 4, 4, 4, 18, 18, 18, 18, 19, 19, 19, 19, 19, 19, 19, 19, 11, 11, 11, 11, 18, 18, 18, 18, 18, 19, 19, 19, 19, 19, 19, 19, 11, 11, 11, 11, 18, 18, 18, 18, 18, 19, 19, 19, 19, 19, 19, 11, 11, 11, 11, 11, 18, 18, 18, 18, 18, 19, 19, 19, 19, 19, 19, 11, 11, 11, 11, 11, 18, 18, 18, 18, 18, 18, 19, 19, 19, 19, 19, 11, 11, 11, 11, 11, 27, 27, 18, 18, 18, 18, 19, 19, 19, 19, 11, 11, 11, 11, 11, 11, 27, 27, 27, 18, 18, 18, 19, 19, 19, 19, 11, 11, 11, 11, 11, 11, 24, 24, 27, 27, 27, 18, 18, 19, 19, 11, 11, 11, 11, 11, 9, 9, 4, 4, 4, 4, 26, 26, 26, 3, 3, 28, 28, 28, 5, 5, 5, 5, 4, 4, 4, 4, 4, 4, 4, 3, 3, 5, 5, 5, 5, 5, 5, 5, 4, 4, 4, 4, 4, 4, 4, 4, 5, 5, 5, 5, 5, 5, 5, 5, 4, 4, 4, 4, 4, 4, 4, 4, 5, 5, 5, 5, 5, 5, 5, 5, 4, 4, 4, 4, 4, 4, 4, 4, 5, 5, 5, 5, 5, 5, 5, 5, 4, 4, 4, 4, 4, 4, 4, 4, 5, 5, 5, 5, 5, 5, 5, 5, 4, 4, 4, 4, 4, 4, 4, 4, 5, 5, 5, 5, 5, 5, 5, 5, 4, 4, 4, 4, 4, 4, 4, 4, 5, 5, 5, 5, 5, 5, 5, 5, 17, 17, 17, 17, 17, 12, 12, 12, 12, 12, 12, 13, 13, 13, 13, 13, 17, 17, 17, 17, 17, 12, 12, 12, 12, 12, 12, 13, 13, 13, 13, 13, 17, 17, 17, 17, 17, 12, 12, 12, 12, 12, 13, 13, 13, 13, 13, 23, 17, 17, 17, 17, 17, 17, 12, 12, 12, 12, 13, 13, 13, 13, 23, 23, 16, 17, 17, 17, 17, 17, 12, 12, 12, 12, 13, 13, 13, 13, 23, 23, 16, 16, 17, 17, 17, 17, 12, 12, 12, 13, 13, 13, 13, 23, 23, 23, 16, 16, 16, 17, 17, 17, 17, 12, 12, 13, 13, 13, 23, 23, 23, 23, 15, 16, 16, 16, 16, 17, 17, 12, 12, 13, 13, 23, 23, 23, 33, 33, 0, 0, 0, 0, 32, 32, 1, 1, 14, 14, 14, 14, 2, 2, 2, 2, 0, 0, 0, 0, 0, 0, 0, 1, 14, 2, 2, 2, 2, 2, 2, 2, 0, 0, 0, 0, 0, 0, 0, 0, 2, 2, 2, 2, 2, 2, 2, 2, 0, 0, 0, 0, 0, 0, 0, 0, 2, 2, 2, 2, 2, 2, 2, 2, 0, 0, 0, 0, 0, 0, 0, 0, 2, 2, 2, 2, 2, 2, 2, 2, 0, 0, 0, 0, 0, 0, 0, 0, 2, 2, 2, 2, 2, 2, 2, 2, 0, 0, 0, 0, 0, 0, 0, 0, 2, 2, 2, 2, 2, 2, 2, 2, 0, 0, 0, 0, 0, 0, 0, 0, 2, 2, 2, 2, 2, 2, 2, 2, 11, 11, 11, 11, 11, 11, 11, 11, 23, 13, 13, 13, 13, 13, 13, 13, 11, 11, 11, 11, 11, 11, 11, 11, 13, 13, 13, 13, 13, 13, 13, 13, 11, 11, 11, 11, 11, 11, 11, 11, 13, 13, 13, 13, 13, 13, 13, 13, 11, 11, 11, 11, 11, 11, 11, 11, 13, 13, 13, 13, 13, 13, 13, 13, 19, 19, 19, 19, 19, 11, 11, 11, 13, 13, 13, 13, 13, 13, 13, 13, 19, 19, 19, 19, 19, 19, 19, 19, 13, 13, 13, 13, 13, 12, 12, 12, 19, 19, 19, 19, 19, 19, 19, 19, 12, 12, 12, 12, 12, 12, 12, 12, 19, 19, 19, 19, 19, 19, 19, 19, 12, 12, 12, 12, 12, 12, 12, 12, 19, 19, 19, 19, 19, 19, 19, 19, 12, 12, 12, 12, 12, 12, 12, 12, 19, 19, 19, 19, 19, 19, 19, 19, 12, 12, 12, 12, 12, 12, 12, 12, 19, 19, 19, 19, 19, 19, 19, 19, 17, 12, 12, 12, 12, 12, 12, 12, 19, 19, 18, 18, 18, 18, 18, 18, 17, 17, 17, 17, 17, 17, 17, 17, 18, 18, 18, 18, 18, 18, 18, 18, 17, 17, 17, 17, 17, 17, 17, 17, 18, 18, 18, 18, 18, 18, 18, 18, 17, 17, 17, 17, 17, 17, 17, 17, 18, 18, 18, 18, 18, 18, 18, 18, 17, 17, 17, 17, 17, 17, 17, 17, 18, 18, 18, 18, 18, 18, 18, 18, 17, 17, 17, 17, 17, 17, 17, 17, 5, 5, 5, 5, 30, 30, 30, 21, 21, 29, 29, 29, 2, 2, 2, 2, 5, 5, 5, 5, 30, 30, 30, 21, 21, 29, 29, 29, 2, 2, 2, 2, 5, 5, 5, 5, 5, 30, 30, 21, 21, 29, 29, 2, 2, 2, 2, 2, 5, 5, 5, 5, 5, 30, 30, 21, 21, 29, 29, 2, 2, 2, 2, 2, 5, 5, 5, 5, 5, 5, 30, 21, 21, 29, 2, 2, 2, 2, 2, 2, 5, 5, 5, 5, 5, 5, 5, 30, 29, 2, 2, 2, 2, 2, 2, 2, 5, 5, 5, 5, 5, 5, 5, 30, 29, 2, 2, 2, 2, 2, 2, 2, 5, 5, 5, 5, 5, 5, 5, 5, 2, 2, 2, 2, 2, 2, 2, 2, 4, 4, 4, 4, 4, 4, 4, 4, 0, 0, 0, 0, 0, 0, 0, 0, 4, 4, 4, 4, 4, 4, 4, 34, 8, 0, 0, 0, 0, 0, 0, 0, 4, 4, 4, 4, 4, 4, 4, 6, 8, 0, 0, 0, 0, 0, 0, 0, 4, 4, 4, 4, 4, 4, 34, 6, 8, 8, 0, 0, 0, 0, 0, 0, 4, 4, 4, 4, 4, 34, 34, 6, 6, 8, 8, 0, 0, 0, 0, 0, 4, 4, 4, 4, 4, 34, 34, 6, 6, 8, 8, 0, 0, 0, 0, 0, 4, 4, 4, 4, 34, 34, 6, 6, 6, 8, 8, 8, 0, 0, 0, 0, 4, 4, 4, 4, 34, 34, 6, 6, 6, 8, 8, 8, 0, 0, 0, 0, 4, 4, 4, 4, 4, 4, 4, 4, 24, 27, 27, 18, 18, 18, 18, 18, 4, 4, 4, 4, 4, 4, 4, 4, 24, 27, 27, 27, 18, 18, 18, 18, 4, 4, 4, 4, 4, 4, 4, 4, 25, 27, 27, 27, 18, 18, 18, 18, 4, 4, 4, 4, 4, 4, 4, 4, 25, 25, 27, 27, 18, 18, 18, 18, 34, 34, 34, 34, 34, 34, 34, 34, 25, 25, 27, 27, 18, 18, 18, 18, 34, 34, 34, 34, 34, 34, 34, 34, 25, 25, 25, 27, 27, 18, 18, 18, 6, 6, 6, 6, 6, 6, 6, 6, 31, 31, 31, 27, 27, 18, 18, 18, 6, 6, 6, 6, 6, 6, 6, 6, 31, 31, 31, 31, 27, 18, 18, 18, 6, 6, 6, 6, 6, 6, 6, 6, 7, 7, 7, 7, 16, 17, 17, 17, 8, 8, 8, 8, 8, 8, 8, 8, 7, 7, 7, 16, 16, 17, 17, 17, 8, 8, 8, 8, 8, 8, 8, 8, 7, 7, 16, 16, 16, 17, 17, 17, 8, 8, 8, 8, 8, 8, 8, 8, 15, 15, 16, 16, 16, 17, 17, 17, 0, 0, 0, 0, 0, 0, 0, 0, 15, 15, 16, 16, 17, 17, 17, 17, 0, 0, 0, 0, 0, 0, 0, 0, 15, 16, 16, 16, 17, 17, 17, 17, 0, 0, 0, 0, 0, 0, 0, 0, 15, 16, 16, 16, 17, 17, 17, 17, 0, 0, 0, 0, 0, 0, 0, 0, 15, 16, 16, 16, 17, 17, 17, 17, 5, 5, 5, 5, 5, 5, 5, 5, 9, 11, 11, 11, 11, 11, 11, 11, 5, 5, 5, 5, 5, 5, 5, 5, 9, 11, 11, 11, 11, 11, 11, 11, 5, 5, 5, 5, 5, 5, 5, 5, 9, 9, 11, 11, 11, 11, 11, 11, 5, 5, 5, 5, 5, 5, 5, 5, 9, 9, 11, 11, 11, 11, 11, 11, 30, 30, 30, 30, 30, 30, 30, 30, 10, 9, 11, 11, 11, 11, 11, 11, 30, 30, 30, 30, 30, 30, 30, 30, 10, 10, 10, 11, 11, 11, 11, 11, 30, 30, 30, 30, 30, 30, 30, 30, 10, 10, 10, 11, 11, 11, 11, 11, 21, 21, 21, 21, 21, 21, 21, 21, 10, 10, 10, 10, 11, 11, 11, 11, 21, 21, 21, 21, 21, 21, 21, 21, 20, 20, 20, 20, 23, 23, 23, 23, 29, 29, 29, 29, 29, 29, 29, 29, 20, 20, 20, 23, 23, 23, 23, 13, 29, 29, 29, 29, 29, 29, 29, 29, 20, 22, 22, 23, 23, 23, 23, 13, 29, 29, 29, 29, 29, 29, 29, 29, 22, 22, 23, 23, 23, 23, 23, 13, 2, 2, 2, 2, 2, 2, 2, 2, 22, 22, 23, 23, 23, 23, 23, 13, 2, 2, 2, 2, 2, 2, 2, 2, 22, 33, 23, 23, 23, 23, 13, 13, 2, 2, 2, 2, 2, 2, 2, 2, 33, 23, 23, 23, 23, 23, 13, 13, 2, 2, 2, 2, 2, 2, 2, 2, 33, 23, 23, 23, 23, 23, 13, 13, 2, 2, 2, 2, 2, 2, 2, 2, 0, 0, 0, 0, 0, 0, 0, 0, 2, 2, 2, 2, 2, 2, 2, 2, 0, 0, 0, 0, 0, 0, 0, 0, 2, 2, 2, 2, 2, 2, 2, 2, 0, 0, 0, 0, 0, 0, 0, 0, 2, 2, 2, 2, 2, 2, 2, 2, 0, 0, 0, 0, 0, 0, 0, 0, 2, 2, 2, 2, 2, 2, 2, 2, 0, 0, 0, 0, 0, 0, 0, 0, 2, 2, 2, 2, 2, 2, 2, 2, 0, 0, 0, 0, 0, 0, 0, 0, 2, 2, 2, 2, 2, 2, 2, 14, 1, 0, 0, 0, 0, 0, 0, 0, 2, 2, 2, 2, 14, 14, 14, 14, 1, 1, 32, 32, 0, 0, 0, 0, 33, 33, 23, 23, 23, 13, 13, 12, 12, 17, 17, 16, 16, 16, 16, 15, 23, 23, 23, 23, 13, 13, 13, 12, 12, 17, 17, 17, 17, 16, 16, 16, 23, 23, 23, 13, 13, 13, 13, 12, 12, 12, 17, 17, 17, 17, 16, 16, 23, 23, 13, 13, 13, 13, 12, 12, 12, 12, 17, 17, 17, 17, 17, 16, 23, 23, 13, 13, 13, 13, 12, 12, 12, 12, 17, 17, 17, 17, 17, 17, 23, 13, 13, 13, 13, 13, 12, 12, 12, 12, 12, 17, 17, 17, 17, 17, 13, 13, 13, 13, 13, 12, 12, 12, 12, 12, 12, 17, 17, 17, 17, 17, 13, 13, 13, 13, 13, 12, 12, 12, 12, 12, 12, 17, 17, 17, 17, 17, 5, 5, 5, 5, 5, 5, 5, 5, 4, 4, 4, 4, 4, 4, 4, 4, 5, 5, 5, 5, 5, 5, 5, 5, 4, 4, 4, 4, 4, 4, 4, 4, 5, 5, 5, 5, 5, 5, 5, 5, 4, 4, 4, 4, 4, 4, 4, 4, 5, 5, 5, 5, 5, 5, 5, 5, 4, 4, 4, 4, 4, 4, 4, 4, 5, 5, 5, 5, 5, 5, 5, 5, 4, 4, 4, 4, 4, 4, 4, 4, 5, 5, 5, 5, 5, 5, 5, 5, 4, 4, 4, 4, 4, 4, 4, 4, 5, 5, 5, 5, 5, 5, 5, 3, 3, 4, 4, 4, 4, 4, 4, 4, 5, 5, 5, 5, 28, 28, 28, 3, 3, 26, 26, 26, 4, 4, 4, 4, 9, 9, 11, 11, 11, 11, 11, 19, 19, 18, 18, 27, 27, 27, 24, 24, 11, 11, 11, 11, 11, 11, 19, 19, 19, 19, 18, 18, 18, 27, 27, 27, 11, 11, 11, 11, 11, 11, 19, 19, 19, 19, 18, 18, 18, 18, 27, 27, 11, 11, 11, 11, 11, 19, 19, 19, 19, 19, 18, 18, 18, 18, 18, 18, 11, 11, 11, 11, 11, 19, 19, 19, 19, 19, 19, 18, 18, 18, 18, 18, 11, 11, 11, 11, 11, 19, 19, 19, 19, 19, 19, 18, 18, 18, 18, 18, 11, 11, 11, 11, 19, 19, 19, 19, 19, 19, 19, 18, 18, 18, 18, 18, 11, 11, 11, 11, 19, 19, 19, 19, 19, 19, 19, 19, 18, 18, 18, 18, 73, 67, 69, 1, 86, 65, 76, 69, 2, 0, 0, 0, 35, 0, 0, 0, 160, 0, 0, 0, 6, 0, 0, 0, 5, 6, 6, 5, 6, 5, 4, 5, 4, 4, 5, 6, 4, 5, 4, 4, 5, 4, 4, 5, 5, 4, 5, 6, 3, 5, 4, 6, 3, 4, 4, 5, 3, 3, 4, 2, 1, 32, 15, 8, 2, 14, 12, 17, 32, 0, 29, 22, 33, 14, 1, 0, 4, 26, 19, 28, 5, 34, 25, 24, 26, 3, 5, 4, 3, 28, 9, 30, 8, 7, 31, 34, 8, 15, 16, 31, 6, 0, 15, 7, 6, 10, 30, 5, 11, 11, 20, 21, 30, 9, 9, 28, 19, 13, 23, 10, 13, 19, 17, 1, 14, 23, 11, 19, 12, 1, 2, 23, 13, 7, 8, 0, 16, 15, 32, 17, 27, 7, 12, 18, 16, 1, 19, 26, 27, 17, 12, 13, 11, 3, 18, 10, 23, 22, 29, 21, 30, 10, 20, 29, 23, 33, 2, 29, 20, 20, 11, 13, 14, 33, 22, 25, 27, 4, 4, 34, 31, 27, 24, 4, 27, 18, 3, 24, 25, 31, 16, 18, 26, 11, 5, 3, 21, 20, 22, 2, 5, 9, 10, 21, 7, 27, 25, 34, 6, 0, 1, 16, 2, 22, 23, 6, 31, 25, 4, 0, 0, 128, 191, 174, 235, 148, 60, 248, 141, 156, 60, 111, 245, 43, 60, 111, 245, 43, 60]
            }
        }

        over "Link1"
        {
            over "collisions" (
                prepend apiSchemas = ["PhysxCookedDataAPI:convexHull"]
            )
            {
                uchar[] physxCookedData:convexHull:buffer = [9, 4, 155, 194, 213, 77, 118, 165, 222, 225, 23, 1, 125, 253, 125, 240, 99, 78, 88, 83, 1, 67, 86, 88, 77, 14, 0, 0, 0, 0, 0, 0, 0, 73, 67, 69, 1, 67, 76, 72, 76, 9, 0, 0, 0, 34, 0, 0, 0, 93, 128, 0, 0, 61, 0, 0, 0, 186, 0, 0, 0, 19, 131, 192, 60, 115, 52, 136, 34, 188, 116, 147, 60, 156, 249, 62, 61, 205, 204, 76, 188, 199, 223, 45, 60, 229, 123, 57, 61, 244, 253, 84, 60, 109, 108, 50, 60, 19, 131, 192, 60, 115, 52, 136, 34, 188, 116, 147, 188, 229, 123, 57, 61, 244, 253, 84, 60, 109, 108, 50, 188, 156, 249, 62, 61, 205, 204, 76, 188, 199, 223, 45, 188, 30, 208, 113, 187, 190, 153, 232, 187, 127, 129, 135, 188, 53, 60, 61, 60, 95, 41, 75, 188, 159, 197, 85, 188, 181, 77, 140, 60, 73, 68, 147, 188, 38, 254, 110, 186, 94, 53, 2, 188, 126, 93, 112, 186, 186, 67, 147, 60, 111, 18, 3, 188, 149, 209, 194, 161, 188, 116, 147, 188, 2, 200, 113, 187, 190, 153, 232, 59, 127, 129, 135, 188, 181, 77, 140, 60, 73, 68, 147, 60, 38, 254, 110, 58, 221, 210, 71, 60, 6, 192, 85, 60, 67, 47, 75, 188, 37, 61, 221, 186, 137, 30, 0, 60, 117, 208, 132, 60, 55, 5, 129, 187, 31, 51, 228, 187, 4, 249, 135, 60, 105, 72, 91, 60, 146, 53, 105, 188, 116, 132, 52, 60, 3, 120, 11, 61, 110, 193, 145, 60, 168, 161, 50, 187, 158, 73, 81, 61, 205, 204, 76, 60, 95, 160, 246, 59, 158, 73, 81, 61, 205, 204, 76, 60, 95, 160, 246, 187, 172, 250, 92, 61, 205, 204, 76, 60, 92, 228, 80, 163, 87, 89, 108, 60, 127, 70, 122, 60, 114, 255, 27, 60, 45, 199, 215, 187, 32, 219, 148, 59, 206, 174, 142, 60, 242, 191, 84, 61, 205, 204, 76, 188, 216, 69, 211, 59, 49, 110, 92, 61, 244, 253, 84, 188, 123, 42, 55, 163, 3, 120, 11, 61, 73, 68, 147, 188, 38, 254, 110, 58, 242, 191, 84, 61, 205, 204, 76, 188, 216, 69, 211, 187, 3, 120, 11, 61, 245, 70, 138, 188, 86, 217, 204, 187, 85, 10, 211, 60, 18, 31, 15, 188, 123, 237, 128, 60, 85, 10, 211, 60, 18, 31, 15, 188, 123, 237, 128, 188, 3, 120, 11, 61, 176, 191, 142, 60, 68, 215, 147, 59, 81, 118, 204, 60, 190, 153, 232, 59, 127, 129, 135, 188, 81, 118, 204, 60, 190, 153, 232, 59, 127, 129, 135, 60, 3, 120, 11, 61, 253, 98, 132, 188, 165, 224, 1, 60, 10, 108, 202, 59, 86, 78, 114, 190, 135, 185, 120, 63, 100, 116, 144, 188, 0, 0, 4, 11, 19, 66, 157, 62, 96, 141, 189, 59, 5, 159, 115, 63, 113, 116, 199, 188, 4, 0, 3, 10, 19, 66, 157, 62, 115, 141, 189, 59, 5, 159, 115, 191, 113, 116, 199, 188, 7, 0, 3, 9, 107, 239, 126, 190, 225, 25, 107, 191, 188, 127, 157, 190, 69, 57, 77, 188, 10, 0, 3, 2, 170, 133, 90, 191, 74, 82, 5, 191, 32, 250, 68, 188, 155, 219, 230, 187, 13, 0, 3, 20, 225, 50, 146, 190, 219, 166, 109, 63, 41, 198, 115, 190, 228, 189, 61, 188, 16, 0, 3, 23, 221, 59, 240, 190, 236, 14, 98, 63, 138, 23, 23, 60, 86, 143, 0, 188, 19, 0, 3, 24, 187, 4, 168, 190, 182, 2, 109, 191, 145, 4, 64, 62, 236, 204, 49, 188, 22, 0, 3, 19, 241, 117, 85, 191, 62, 80, 13, 191, 169, 217, 130, 187, 119, 96, 231, 187, 25, 0, 3, 20, 205, 44, 237, 190, 107, 224, 98, 191, 154, 184, 8, 57, 197, 9, 3, 188, 28, 0, 3, 20, 42, 108, 190, 60, 200, 52, 96, 63, 101, 214, 246, 190, 253, 230, 144, 188, 31, 0, 3, 16, 172, 211, 117, 189, 204, 110, 113, 63, 7, 116, 167, 190, 15, 6, 128, 188, 34, 0, 3, 33, 174, 128, 0, 63, 140, 11, 139, 60, 113, 94, 93, 63, 233, 148, 4, 189, 37, 0, 3, 10, 174, 128, 0, 63, 137, 11, 139, 60, 112, 94, 93, 191, 233, 148, 4, 189, 40, 0, 3, 9, 19, 232, 100, 62, 75, 113, 113, 63, 142, 236, 123, 190, 143, 80, 205, 188, 43, 0, 3, 16, 225, 145, 137, 62, 195, 51, 117, 63, 122, 177, 208, 189, 199, 212, 216, 188, 46, 0, 3, 8, 84, 223, 179, 190, 116, 77, 107, 63, 154, 111, 54, 62, 3, 205, 46, 188, 49, 0, 3, 26, 193, 174, 13, 191, 115, 46, 85, 63, 213, 147, 125, 60, 168, 54, 252, 187, 52, 0, 3, 24, 2, 234, 89, 191, 97, 20, 6, 63, 208, 220, 7, 189, 79, 181, 242, 187, 55, 0, 3, 24, 159, 84, 120, 191, 6, 166, 120, 62, 146, 91, 249, 59, 82, 205, 249, 187, 58, 0, 3, 24, 117, 239, 116, 187, 141, 152, 210, 61, 35, 164, 126, 63, 45, 244, 145, 188, 61, 0, 3, 3, 245, 200, 117, 63, 183, 73, 165, 187, 77, 42, 143, 62, 66, 231, 83, 189, 64, 0, 3, 10, 22, 85, 111, 63, 97, 152, 133, 60, 139, 136, 181, 62, 58, 109, 79, 189, 67, 0, 3, 10, 208, 221, 29, 63, 82, 241, 86, 188, 105, 128, 73, 63, 124, 167, 24, 189, 70, 0, 3, 10, 11, 213, 125, 62, 232, 41, 117, 191, 40, 223, 21, 62, 33, 69, 211, 188, 73, 0, 3, 12, 208, 221, 29, 63, 78, 241, 86, 188, 105, 128, 73, 191, 124, 167, 24, 189, 76, 0, 3, 9, 22, 85, 111, 63, 97, 152, 133, 60, 139, 136, 181, 190, 58, 109, 79, 189, 79, 0, 3, 9, 245, 200, 117, 63, 175, 73, 165, 187, 77, 42, 143, 190, 65, 231, 83, 189, 82, 0, 3, 9, 239, 25, 113, 62, 17, 24, 118, 191, 44, 117, 18, 190, 16, 45, 206, 188, 85, 0, 3, 12, 136, 163, 133, 60, 163, 3, 125, 191, 153, 10, 27, 190, 0, 248, 148, 188, 88, 0, 3, 12, 13, 144, 131, 189, 223, 234, 106, 191, 176, 202, 200, 190, 255, 13, 129, 188, 91, 0, 3, 30, 150, 72, 46, 61, 237, 126, 67, 191, 158, 235, 36, 191, 241, 116, 150, 188, 94, 0, 3, 21, 77, 51, 102, 62, 227, 98, 110, 191, 30, 234, 146, 190, 46, 42, 206, 188, 97, 0, 3, 21, 241, 67, 111, 62, 18, 11, 118, 191, 12, 197, 22, 190, 130, 157, 205, 188, 100, 0, 3, 12, 83, 32, 121, 188, 139, 161, 33, 191, 34, 124, 70, 63, 33, 239, 141, 188, 103, 0, 3, 13, 224, 34, 77, 62, 173, 91, 73, 190, 248, 180, 117, 63, 194, 23, 180, 188, 106, 0, 3, 10, 215, 51, 22, 188, 243, 134, 17, 191, 150, 153, 82, 191, 227, 206, 144, 188, 109, 0, 3, 32, 23, 216, 39, 36, 137, 59, 106, 190, 112, 54, 121, 191, 231, 139, 143, 188, 112, 0, 4, 22, 220, 34, 77, 62, 173, 91, 73, 190, 248, 180, 117, 191, 193, 23, 180, 188, 116, 0, 3, 22, 171, 101, 65, 61, 234, 34, 52, 191, 248, 126, 53, 191, 115, 185, 151, 188, 119, 0, 3, 14, 174, 142, 104, 62, 225, 199, 112, 63, 1, 80, 129, 62, 30, 242, 206, 188, 122, 0, 3, 8, 30, 44, 133, 62, 60, 229, 117, 63, 173, 5, 202, 61, 3, 80, 213, 188, 125, 0, 3, 8, 86, 56, 128, 62, 62, 134, 119, 63, 39, 217, 72, 61, 119, 176, 209, 188, 128, 0, 3, 8, 191, 81, 178, 60, 96, 156, 127, 63, 235, 104, 79, 61, 162, 121, 150, 188, 131, 0, 3, 8, 181, 219, 250, 188, 94, 214, 116, 63, 156, 183, 148, 62, 221, 183, 138, 188, 134, 0, 3, 27, 182, 186, 34, 61, 102, 53, 90, 63, 130, 123, 5, 63, 130, 7, 152, 188, 137, 0, 3, 7, 210, 180, 19, 164, 42, 33, 78, 62, 121, 194, 122, 191, 4, 112, 144, 188, 140, 0, 4, 9, 0, 0, 0, 0, 162, 62, 18, 63, 141, 29, 82, 191, 5, 112, 144, 188, 144, 0, 3, 28, 19, 208, 21, 61, 151, 96, 31, 63, 51, 30, 72, 191, 105, 155, 149, 188, 147, 0, 3, 15, 2, 241, 100, 62, 33, 142, 27, 62, 123, 120, 118, 191, 16, 2, 185, 188, 150, 0, 3, 9, 63, 118, 12, 187, 52, 25, 178, 62, 42, 3, 112, 63, 29, 213, 146, 188, 153, 0, 3, 6, 75, 158, 53, 60, 209, 224, 75, 62, 206, 219, 122, 63, 234, 160, 146, 188, 156, 0, 3, 10, 3, 241, 100, 62, 33, 142, 27, 62, 123, 120, 118, 63, 16, 2, 185, 188, 159, 0, 3, 10, 12, 105, 128, 60, 232, 175, 41, 63, 6, 164, 63, 63, 62, 48, 143, 188, 162, 0, 3, 7, 54, 132, 11, 60, 45, 91, 40, 63, 41, 215, 64, 63, 170, 14, 142, 188, 165, 0, 3, 7, 150, 2, 77, 61, 55, 99, 50, 191, 112, 42, 55, 63, 194, 172, 152, 188, 168, 0, 3, 13, 117, 84, 39, 61, 82, 194, 51, 191, 123, 248, 53, 63, 209, 131, 150, 188, 171, 0, 3, 13, 213, 114, 62, 189, 220, 9, 117, 191, 30, 75, 146, 62, 177, 77, 132, 188, 174, 0, 3, 17, 221, 39, 221, 188, 200, 188, 119, 191, 137, 73, 128, 62, 198, 218, 136, 188, 177, 0, 3, 17, 19, 223, 90, 62, 188, 25, 114, 191, 143, 188, 122, 62, 97, 184, 200, 188, 180, 0, 3, 12, 206, 157, 91, 62, 133, 5, 112, 191, 231, 40, 140, 62, 96, 185, 201, 188, 183, 0, 3, 13, 28, 0, 9, 15, 0, 1, 2, 3, 4, 5, 6, 7, 8, 6, 9, 10, 11, 12, 13, 11, 14, 12, 15, 8, 16, 15, 9, 6, 15, 6, 8, 17, 4, 13, 17, 13, 12, 18, 2, 1, 19, 5, 4, 19, 4, 17, 19, 17, 20, 21, 12, 14, 22, 14, 11, 22, 11, 10, 22, 10, 9, 22, 9, 0, 23, 24, 20, 23, 20, 18, 23, 18, 1, 23, 25, 24, 26, 5, 19, 26, 19, 20, 26, 20, 24, 26, 24, 25, 27, 25, 8, 27, 8, 7, 27, 7, 5, 27, 5, 26, 27, 26, 25, 28, 15, 16, 28, 1, 0, 29, 7, 6, 29, 6, 10, 3, 29, 3, 5, 29, 5, 7, 30, 2, 18, 30, 18, 20, 30, 20, 17, 30, 17, 12, 30, 12, 21, 30, 21, 2, 31, 3, 10, 11, 31, 11, 13, 31, 13, 4, 31, 4, 3, 32, 14, 22, 32, 22, 0, 32, 0, 2, 32, 2, 21, 32, 21, 14, 33, 1, 28, 33, 28, 16, 33, 16, 8, 33, 8, 25, 33, 25, 23, 33, 23, 1, 0, 35, 0, 20, 0, 8, 0, 34, 1, 35, 1, 12, 1, 52, 2, 49, 2, 13, 2, 38, 3, 36, 3, 30, 3, 9, 4, 8, 4, 19, 4, 37, 5, 6, 5, 11, 5, 47, 6, 17, 6, 16, 7, 9, 7, 57, 7, 34, 8, 9, 10, 14, 10, 48, 10, 11, 11, 43, 12, 40, 12, 23, 13, 25, 13, 14, 14, 15, 15, 42, 15, 26, 16, 44, 16, 54, 17, 50, 17, 18, 18, 46, 18, 19, 19, 20, 20, 51, 21, 24, 21, 27, 21, 22, 22, 41, 22, 23, 23, 60, 24, 59, 24, 28, 25, 32, 25, 26, 26, 27, 27, 28, 28, 33, 29, 33, 29, 58, 29, 30, 30, 31, 31, 39, 31, 32, 32, 33, 34, 56, 35, 55, 36, 39, 36, 37, 37, 46, 37, 38, 38, 39, 40, 45, 40, 41, 41, 42, 42, 43, 43, 44, 44, 45, 45, 53, 46, 49, 46, 47, 47, 48, 48, 49, 50, 54, 50, 51, 51, 52, 52, 53, 53, 54, 55, 60, 55, 56, 56, 57, 57, 58, 58, 59, 59, 60, 0, 1, 20, 1, 12, 23, 1, 12, 40, 2, 37, 38, 2, 10, 13, 2, 13, 25, 3, 4, 8, 3, 30, 31, 3, 7, 9, 0, 4, 8, 4, 18, 19, 5, 6, 17, 5, 6, 11, 5, 10, 11, 6, 16, 17, 0, 7, 8, 7, 34, 56, 10, 11, 14, 12, 22, 23, 13, 14, 15, 15, 21, 22, 16, 44, 45, 17, 18, 19, 21, 22, 23, 21, 24, 27, 24, 28, 29, 25, 26, 27, 29, 30, 31, 0, 34, 35, 36, 37, 38, 40, 41, 42, 46, 47, 48, 50, 51, 52, 55, 56, 57, 28, 0, 0, 0, 0, 0, 9, 0, 9, 0, 15, 0, 15, 0, 28, 0, 0, 0, 1, 0, 1, 0, 2, 0, 2, 0, 0, 0, 3, 0, 4, 0, 4, 0, 5, 0, 5, 0, 3, 0, 6, 0, 7, 0, 7, 0, 8, 0, 8, 0, 6, 0, 6, 0, 9, 0, 9, 0, 10, 0, 10, 0, 6, 0, 11, 0, 12, 0, 12, 0, 13, 0, 13, 0, 11, 0, 11, 0, 14, 0, 14, 0, 12, 0, 15, 0, 8, 0, 8, 0, 16, 0, 16, 0, 15, 0, 6, 0, 15, 0, 17, 0, 4, 0, 4, 0, 13, 0, 13, 0, 17, 0, 12, 0, 17, 0, 18, 0, 2, 0, 1, 0, 18, 0, 19, 0, 5, 0, 4, 0, 19, 0, 17, 0, 19, 0, 17, 0, 20, 0, 20, 0, 19, 0, 21, 0, 12, 0, 14, 0, 21, 0, 22, 0, 14, 0, 11, 0, 22, 0, 11, 0, 10, 0, 10, 0, 22, 0, 9, 0, 22, 0, 0, 0, 22, 0, 23, 0, 24, 0, 24, 0, 20, 0, 20, 0, 23, 0, 20, 0, 18, 0, 18, 0, 23, 0, 1, 0, 23, 0, 23, 0, 25, 0, 25, 0, 24, 0, 26, 0, 5, 0, 19, 0, 26, 0, 20, 0, 26, 0, 24, 0, 26, 0, 25, 0, 26, 0, 27, 0, 25, 0, 25, 0, 8, 0, 8, 0, 27, 0, 7, 0, 27, 0, 7, 0, 5, 0, 5, 0, 27, 0, 26, 0, 27, 0, 16, 0, 28, 0, 28, 0, 1, 0, 29, 0, 7, 0, 6, 0, 29, 0, 10, 0, 3, 0, 3, 0, 29, 0, 5, 0, 29, 0, 30, 0, 2, 0, 18, 0, 30, 0, 20, 0, 30, 0, 17, 0, 30, 0, 12, 0, 30, 0, 21, 0, 30, 0, 21, 0, 2, 0, 31, 0, 3, 0, 11, 0, 31, 0, 13, 0, 31, 0, 4, 0, 31, 0, 32, 0, 14, 0, 22, 0, 32, 0, 0, 0, 32, 0, 2, 0, 32, 0, 21, 0, 32, 0, 33, 0, 1, 0, 28, 0, 33, 0, 16, 0, 33, 0, 8, 0, 33, 0, 25, 0, 33, 0, 23, 0, 33, 0, 0, 0, 0, 0, 112, 18, 3, 188, 73, 68, 147, 188, 188, 116, 147, 188, 172, 250, 92, 61, 73, 68, 147, 60, 188, 116, 147, 60, 40, 234, 61, 56, 44, 45, 210, 49, 49, 130, 9, 46, 30, 210, 83, 173, 49, 130, 9, 46, 77, 105, 31, 51, 7, 178, 63, 172, 30, 210, 83, 173, 7, 178, 63, 172, 67, 27, 30, 51, 150, 171, 186, 60, 112, 82, 166, 183, 48, 133, 255, 55, 0, 0, 128, 63, 73, 67, 69, 1, 83, 85, 80, 77, 0, 0, 0, 0, 73, 67, 69, 1, 71, 65, 85, 83, 0, 0, 0, 0, 16, 0, 0, 0, 0, 6, 0, 0, 26, 26, 26, 26, 26, 24, 24, 24, 24, 24, 24, 23, 23, 23, 23, 23, 26, 26, 26, 26, 26, 24, 24, 24, 24, 24, 24, 23, 23, 23, 23, 23, 26, 26, 26, 26, 26, 24, 24, 24, 24, 24, 24, 23, 23, 23, 23, 23, 26, 26, 26, 26, 26, 24, 24, 24, 24, 24, 24, 23, 23, 23, 23, 23, 26, 26, 26, 26, 26, 26, 24, 24, 24, 24, 23, 23, 23, 23, 23, 23, 26, 26, 26, 26, 26, 26, 24, 24, 24, 24, 23, 23, 23, 23, 23, 23, 26, 26, 26, 26, 26, 26, 24, 24, 24, 24, 23, 23, 23, 23, 23, 23, 26, 26, 26, 26, 26, 26, 24, 24, 24, 24, 23, 23, 23, 23, 23, 23, 19, 19, 19, 19, 19, 20, 20, 20, 20, 20, 20, 18, 18, 18, 18, 18, 19, 19, 19, 19, 19, 20, 20, 20, 20, 20, 20, 18, 18, 18, 18, 18, 19, 19, 19, 19, 19, 20, 20, 20, 20, 20, 20, 18, 18, 18, 18, 18, 19, 19, 19, 19, 19, 20, 20, 20, 20, 20, 20, 18, 18, 18, 18, 18, 19, 19, 19, 19, 19, 20, 20, 20, 20, 20, 20, 18, 18, 18, 18, 18, 19, 19, 19, 19, 19, 20, 20, 20, 20, 20, 20, 18, 18, 18, 18, 18, 19, 19, 19, 19, 19, 20, 20, 20, 20, 20, 20, 18, 18, 18, 18, 18, 19, 19, 19, 19, 19, 20, 20, 20, 20, 20, 20, 18, 18, 18, 18, 18, 6, 6, 6, 6, 6, 6, 6, 6, 15, 15, 15, 15, 15, 15, 15, 15, 6, 6, 6, 6, 6, 6, 6, 6, 15, 15, 15, 15, 15, 15, 15, 9, 10, 10, 10, 6, 6, 6, 6, 6, 15, 15, 9, 9, 9, 9, 9, 9, 10, 10, 10, 10, 10, 10, 10, 10, 9, 9, 9, 9, 9, 9, 9, 9, 10, 10, 10, 10, 10, 10, 10, 10, 9, 9, 9, 9, 9, 9, 9, 9, 10, 10, 10, 10, 10, 10, 10, 10, 9, 9, 9, 9, 9, 9, 9, 9, 10, 10, 10, 10, 10, 10, 10, 10, 9, 9, 9, 9, 9, 9, 9, 9, 10, 10, 10, 10, 10, 10, 10, 10, 9, 9, 9, 9, 9, 9, 9, 9, 10, 10, 10, 10, 10, 10, 10, 10, 9, 9, 9, 9, 9, 9, 9, 9, 10, 10, 10, 10, 10, 10, 10, 10, 9, 9, 9, 9, 9, 9, 9, 9, 10, 10, 10, 10, 10, 10, 10, 10, 22, 22, 22, 22, 22, 22, 9, 9, 10, 10, 10, 10, 10, 10, 10, 10, 22, 22, 22, 22, 22, 22, 22, 22, 10, 10, 10, 10, 10, 10, 10, 10, 22, 22, 22, 22, 22, 22, 22, 22, 10, 10, 10, 11, 11, 11, 11, 11, 22, 22, 22, 22, 22, 22, 22, 22, 11, 11, 11, 11, 11, 11, 11, 11, 22, 22, 22, 22, 22, 22, 22, 22, 11, 11, 11, 11, 11, 11, 11, 11, 22, 22, 22, 22, 22, 22, 22, 22, 11, 11, 11, 11, 11, 11, 11, 13, 4, 4, 4, 4, 4, 19, 19, 19, 11, 11, 11, 11, 11, 11, 11, 13, 4, 4, 4, 4, 19, 19, 19, 19, 11, 11, 11, 11, 11, 11, 11, 13, 4, 4, 4, 4, 19, 19, 19, 19, 11, 11, 11, 11, 11, 11, 13, 13, 4, 4, 4, 19, 19, 19, 19, 19, 11, 11, 11, 11, 11, 11, 13, 13, 17, 4, 4, 19, 19, 19, 19, 19, 11, 11, 11, 11, 11, 11, 13, 12, 17, 4, 19, 19, 19, 19, 19, 20, 11, 11, 11, 11, 11, 12, 12, 12, 17, 17, 19, 19, 20, 20, 20, 20, 11, 11, 11, 11, 12, 12, 12, 12, 17, 17, 20, 20, 20, 20, 20, 20, 22, 22, 22, 14, 12, 12, 12, 12, 30, 30, 20, 20, 20, 20, 20, 20, 22, 22, 22, 14, 14, 12, 12, 12, 30, 30, 18, 18, 20, 20, 20, 20, 22, 22, 22, 22, 14, 14, 21, 21, 30, 30, 18, 18, 18, 18, 18, 20, 22, 22, 22, 22, 14, 14, 21, 21, 30, 2, 2, 18, 18, 18, 18, 18, 22, 22, 22, 22, 14, 14, 21, 21, 2, 2, 2, 18, 18, 18, 18, 18, 22, 22, 22, 22, 14, 14, 14, 21, 2, 2, 2, 2, 18, 18, 18, 18, 22, 22, 22, 22, 22, 14, 14, 21, 2, 2, 2, 2, 18, 18, 18, 18, 22, 22, 22, 22, 22, 14, 14, 14, 2, 2, 2, 2, 2, 18, 18, 18, 6, 6, 6, 6, 6, 6, 6, 7, 5, 5, 5, 5, 5, 5, 26, 26, 6, 6, 6, 6, 6, 6, 6, 7, 5, 5, 5, 5, 5, 26, 26, 26, 6, 6, 6, 6, 6, 6, 6, 7, 27, 5, 5, 5, 26, 26, 26, 26, 6, 6, 6, 6, 6, 6, 7, 7, 27, 5, 5, 5, 26, 26, 26, 26, 6, 6, 6, 6, 6, 6, 7, 7, 27, 5, 5, 26, 26, 26, 26, 26, 6, 6, 6, 6, 6, 6, 8, 8, 27, 27, 26, 26, 26, 26, 26, 24, 6, 6, 6, 6, 6, 8, 8, 8, 27, 27, 26, 24, 24, 24, 24, 24, 6, 6, 6, 6, 8, 8, 8, 8, 25, 25, 24, 24, 24, 24, 24, 24, 15, 15, 15, 15, 8, 8, 8, 8, 25, 25, 24, 24, 24, 24, 24, 24, 15, 15, 15, 15, 15, 8, 8, 8, 25, 25, 23, 24, 24, 24, 24, 24, 15, 15, 15, 15, 15, 15, 16, 16, 33, 33, 23, 23, 23, 23, 23, 24, 15, 15, 15, 15, 15, 15, 16, 16, 33, 1, 1, 23, 23, 23, 23, 23, 15, 15, 15, 15, 15, 15, 16, 16, 33, 1, 1, 1, 23, 23, 23, 23, 15, 15, 15, 15, 15, 15, 15, 16, 33, 1, 1, 1, 23, 23, 23, 23, 15, 15, 15, 15, 15, 15, 15, 16, 33, 1, 1, 1, 1, 23, 23, 23, 15, 15, 15, 15, 15, 15, 15, 16, 33, 1, 1, 1, 1, 1, 23, 23, 15, 9, 9, 9, 9, 9, 9, 9, 9, 9, 9, 22, 22, 22, 22, 22, 15, 15, 9, 9, 9, 9, 9, 9, 9, 9, 22, 22, 22, 22, 22, 22, 15, 15, 15, 9, 9, 9, 9, 9, 9, 9, 22, 22, 22, 22, 22, 22, 15, 15, 15, 9, 9, 9, 9, 9, 9, 9, 22, 22, 22, 22, 22, 22, 15, 15, 15, 15, 9, 9, 9, 9, 9, 9, 22, 22, 22, 22, 22, 22, 15, 15, 15, 15, 15, 9, 9, 9, 9, 22, 22, 22, 22, 22, 14, 14, 15, 15, 15, 15, 15, 9, 9, 9, 9, 22, 22, 22, 22, 14, 14, 14, 16, 15, 15, 15, 15, 15, 9, 9, 9, 22, 22, 22, 14, 14, 14, 14, 33, 28, 28, 28, 28, 28, 0, 0, 0, 32, 32, 32, 32, 2, 2, 2, 1, 1, 1, 1, 1, 1, 0, 0, 0, 32, 2, 2, 2, 2, 2, 2, 1, 1, 1, 1, 1, 1, 1, 1, 2, 2, 2, 2, 2, 2, 2, 2, 1, 1, 1, 1, 1, 1, 1, 1, 2, 2, 2, 2, 2, 2, 2, 2, 1, 1, 1, 1, 1, 1, 1, 1, 18, 18, 2, 2, 2, 2, 2, 2, 1, 1, 1, 1, 1, 1, 1, 1, 18, 18, 18, 18, 18, 18, 18, 18, 23, 23, 23, 23, 23, 23, 23, 23, 18, 18, 18, 18, 18, 18, 18, 18, 23, 23, 23, 23, 23, 23, 23, 23, 18, 18, 18, 18, 18, 18, 18, 18, 6, 6, 10, 10, 10, 10, 10, 10, 10, 10, 10, 10, 10, 10, 11, 11, 6, 6, 6, 10, 10, 10, 10, 10, 10, 10, 10, 10, 10, 11, 11, 11, 6, 6, 6, 10, 10, 10, 10, 10, 10, 10, 10, 10, 10, 11, 11, 11, 6, 6, 6, 6, 10, 10, 10, 10, 10, 10, 10, 10, 11, 11, 11, 11, 6, 6, 6, 6, 10, 10, 10, 10, 10, 10, 10, 10, 11, 11, 11, 11, 6, 6, 6, 6, 6, 10, 10, 10, 10, 10, 10, 11, 11, 11, 11, 11, 6, 6, 6, 6, 6, 6, 10, 10, 10, 10, 11, 11, 11, 11, 11, 11, 7, 7, 6, 6, 6, 6, 10, 10, 10, 10, 11, 11, 11, 11, 11, 13, 5, 29, 29, 29, 29, 29, 3, 3, 3, 31, 31, 31, 31, 4, 4, 4, 5, 5, 5, 5, 5, 5, 3, 3, 3, 31, 4, 4, 4, 4, 4, 4, 5, 5, 5, 5, 5, 5, 5, 5, 4, 4, 4, 4, 4, 4, 4, 4, 5, 5, 5, 5, 5, 5, 5, 5, 4, 4, 4, 4, 4, 4, 4, 4, 5, 5, 5, 5, 5, 5, 5, 5, 19, 19, 4, 4, 4, 4, 4, 4, 5, 5, 5, 5, 5, 5, 5, 5, 19, 19, 19, 19, 19, 19, 19, 19, 26, 26, 26, 26, 26, 26, 26, 26, 19, 19, 19, 19, 19, 19, 19, 19, 26, 26, 26, 26, 26, 26, 26, 26, 19, 19, 19, 19, 19, 19, 19, 19, 22, 22, 22, 22, 22, 22, 22, 22, 11, 11, 11, 11, 11, 11, 11, 11, 22, 22, 22, 22, 22, 22, 22, 22, 11, 11, 11, 11, 11, 11, 11, 11, 22, 22, 22, 22, 22, 22, 22, 22, 11, 11, 11, 11, 11, 10, 10, 10, 22, 22, 22, 22, 22, 22, 22, 22, 10, 10, 10, 10, 10, 10, 10, 10, 22, 22, 22, 22, 22, 22, 22, 22, 10, 10, 10, 10, 10, 10, 10, 10, 9, 9, 22, 22, 22, 22, 22, 22, 10, 10, 10, 10, 10, 10, 10, 10, 9, 9, 9, 9, 9, 9, 9, 9, 10, 10, 10, 10, 10, 10, 10, 10, 9, 9, 9, 9, 9, 9, 9, 9, 10, 10, 10, 10, 10, 10, 10, 10, 9, 9, 9, 9, 9, 9, 9, 9, 10, 10, 10, 10, 10, 10, 10, 10, 9, 9, 9, 9, 9, 9, 9, 9, 10, 10, 10, 10, 10, 10, 10, 10, 9, 9, 9, 9, 9, 9, 9, 9, 10, 10, 10, 10, 10, 10, 10, 10, 9, 9, 9, 9, 9, 9, 9, 9, 10, 10, 10, 10, 10, 10, 10, 10, 9, 9, 9, 9, 9, 9, 9, 9, 10, 10, 10, 10, 10, 10, 10, 10, 9, 9, 9, 9, 9, 9, 15, 15, 6, 6, 6, 6, 6, 10, 10, 10, 9, 15, 15, 15, 15, 15, 15, 15, 6, 6, 6, 6, 6, 6, 6, 6, 15, 15, 15, 15, 15, 15, 15, 15, 6, 6, 6, 6, 6, 6, 6, 6, 18, 18, 18, 18, 18, 20, 20, 20, 20, 20, 20, 19, 19, 19, 19, 19, 18, 18, 18, 18, 18, 20, 20, 20, 20, 20, 20, 19, 19, 19, 19, 19, 18, 18, 18, 18, 18, 20, 20, 20, 20, 20, 20, 19, 19, 19, 19, 19, 18, 18, 18, 18, 18, 20, 20, 20, 20, 20, 20, 19, 19, 19, 19, 19, 18, 18, 18, 18, 18, 20, 20, 20, 20, 20, 20, 19, 19, 19, 19, 19, 18, 18, 18, 18, 18, 20, 20, 20, 20, 20, 20, 19, 19, 19, 19, 19, 18, 18, 18, 18, 18, 20, 20, 20, 20, 20, 20, 19, 19, 19, 19, 19, 18, 18, 18, 18, 18, 20, 20, 20, 20, 20, 20, 19, 19, 19, 19, 19, 23, 23, 23, 23, 23, 23, 24, 24, 24, 24, 26, 26, 26, 26, 26, 26, 23, 23, 23, 23, 23, 23, 24, 24, 24, 24, 26, 26, 26, 26, 26, 26, 23, 23, 23, 23, 23, 23, 24, 24, 24, 24, 26, 26, 26, 26, 26, 26, 23, 23, 23, 23, 23, 23, 24, 24, 24, 24, 26, 26, 26, 26, 26, 26, 23, 23, 23, 23, 23, 24, 24, 24, 24, 24, 24, 26, 26, 26, 26, 26, 23, 23, 23, 23, 23, 24, 24, 24, 24, 24, 24, 26, 26, 26, 26, 26, 23, 23, 23, 23, 23, 24, 24, 24, 24, 24, 24, 26, 26, 26, 26, 26, 23, 23, 23, 23, 23, 24, 24, 24, 24, 24, 24, 26, 26, 26, 26, 26, 23, 23, 1, 1, 1, 1, 1, 33, 16, 15, 15, 15, 15, 15, 15, 15, 23, 23, 23, 1, 1, 1, 1, 33, 16, 15, 15, 15, 15, 15, 15, 15, 23, 23, 23, 23, 1, 1, 1, 33, 16, 15, 15, 15, 15, 15, 15, 15, 23, 23, 23, 23, 1, 1, 1, 33, 16, 16, 15, 15, 15, 15, 15, 15, 23, 23, 23, 23, 23, 1, 1, 33, 16, 16, 15, 15, 15, 15, 15, 15, 24, 23, 23, 23, 23, 23, 33, 33, 16, 16, 15, 15, 15, 15, 15, 15, 24, 24, 24, 24, 24, 23, 25, 25, 8, 8, 8, 15, 15, 15, 15, 15, 24, 24, 24, 24, 24, 24, 25, 25, 8, 8, 8, 8, 15, 15, 15, 15, 24, 24, 24, 24, 24, 24, 25, 25, 8, 8, 8, 8, 6, 6, 6, 6, 24, 24, 24, 24, 24, 26, 27, 27, 8, 8, 8, 6, 6, 6, 6, 6, 24, 26, 26, 26, 26, 26, 27, 27, 8, 8, 6, 6, 6, 6, 6, 6, 26, 26, 26, 26, 26, 5, 5, 27, 7, 7, 6, 6, 6, 6, 6, 6, 26, 26, 26, 26, 5, 5, 5, 27, 7, 7, 6, 6, 6, 6, 6, 6, 26, 26, 26, 26, 5, 5, 5, 27, 7, 6, 6, 6, 6, 6, 6, 6, 26, 26, 26, 5, 5, 5, 5, 5, 7, 6, 6, 6, 6, 6, 6, 6, 26, 26, 5, 5, 5, 5, 5, 5, 7, 6, 6, 6, 6, 6, 6, 6, 18, 18, 18, 2, 2, 2, 2, 2, 14, 14, 14, 22, 22, 22, 22, 22, 18, 18, 18, 18, 2, 2, 2, 2, 21, 14, 14, 22, 22, 22, 22, 22, 18, 18, 18, 18, 2, 2, 2, 2, 21, 14, 14, 14, 22, 22, 22, 22, 18, 18, 18, 18, 18, 2, 2, 2, 21, 21, 14, 14, 22, 22, 22, 22, 18, 18, 18, 18, 18, 2, 2, 30, 21, 21, 14, 14, 22, 22, 22, 22, 20, 18, 18, 18, 18, 18, 30, 30, 21, 21, 14, 14, 22, 22, 22, 22, 20, 20, 20, 20, 18, 18, 30, 30, 12, 12, 12, 14, 14, 22, 22, 22, 20, 20, 20, 20, 20, 20, 30, 30, 12, 12, 12, 12, 14, 22, 22, 22, 20, 20, 20, 20, 20, 20, 17, 17, 12, 12, 12, 12, 11, 11, 11, 11, 20, 20, 20, 20, 19, 19, 17, 17, 12, 12, 12, 11, 11, 11, 11, 11, 20, 19, 19, 19, 19, 19, 4, 17, 12, 13, 11, 11, 11, 11, 11, 11, 19, 19, 19, 19, 19, 4, 4, 17, 13, 13, 11, 11, 11, 11, 11, 11, 19, 19, 19, 19, 19, 4, 4, 4, 13, 13, 11, 11, 11, 11, 11, 11, 19, 19, 19, 19, 4, 4, 4, 4, 13, 11, 11, 11, 11, 11, 11, 11, 19, 19, 19, 19, 4, 4, 4, 4, 13, 11, 11, 11, 11, 11, 11, 11, 19, 19, 19, 4, 4, 4, 4, 4, 13, 11, 11, 11, 11, 11, 11, 11, 19, 19, 19, 19, 19, 19, 19, 19, 26, 26, 26, 26, 26, 26, 26, 26, 19, 19, 19, 19, 19, 19, 19, 19, 26, 26, 26, 26, 26, 26, 26, 26, 19, 19, 19, 19, 19, 19, 19, 19, 5, 5, 5, 5, 5, 5, 5, 5, 4, 4, 4, 4, 4, 4, 19, 19, 5, 5, 5, 5, 5, 5, 5, 5, 4, 4, 4, 4, 4, 4, 4, 4, 5, 5, 5, 5, 5, 5, 5, 5, 4, 4, 4, 4, 4, 4, 4, 4, 5, 5, 5, 5, 5, 5, 5, 5, 4, 4, 4, 4, 4, 4, 31, 3, 3, 3, 5, 5, 5, 5, 5, 5, 4, 4, 4, 31, 31, 31, 31, 3, 3, 3, 29, 29, 29, 29, 29, 5, 13, 11, 11, 11, 11, 11, 10, 10, 10, 10, 6, 6, 6, 6, 7, 7, 11, 11, 11, 11, 11, 11, 10, 10, 10, 10, 6, 6, 6, 6, 6, 6, 11, 11, 11, 11, 11, 10, 10, 10, 10, 10, 10, 6, 6, 6, 6, 6, 11, 11, 11, 11, 10, 10, 10, 10, 10, 10, 10, 10, 6, 6, 6, 6, 11, 11, 11, 11, 10, 10, 10, 10, 10, 10, 10, 10, 6, 6, 6, 6, 11, 11, 11, 10, 10, 10, 10, 10, 10, 10, 10, 10, 10, 6, 6, 6, 11, 11, 11, 10, 10, 10, 10, 10, 10, 10, 10, 10, 10, 6, 6, 6, 11, 11, 10, 10, 10, 10, 10, 10, 10, 10, 10, 10, 10, 10, 6, 6, 18, 18, 18, 18, 18, 18, 18, 18, 23, 23, 23, 23, 23, 23, 23, 23, 18, 18, 18, 18, 18, 18, 18, 18, 23, 23, 23, 23, 23, 23, 23, 23, 18, 18, 18, 18, 18, 18, 18, 18, 1, 1, 1, 1, 1, 1, 1, 1, 2, 2, 2, 2, 2, 2, 18, 18, 1, 1, 1, 1, 1, 1, 1, 1, 2, 2, 2, 2, 2, 2, 2, 2, 1, 1, 1, 1, 1, 1, 1, 1, 2, 2, 2, 2, 2, 2, 2, 2, 1, 1, 1, 1, 1, 1, 1, 1, 2, 2, 2, 2, 2, 2, 32, 0, 0, 0, 1, 1, 1, 1, 1, 1, 2, 2, 2, 32, 32, 32, 32, 0, 0, 0, 28, 28, 28, 28, 28, 33, 14, 14, 14, 14, 22, 22, 22, 9, 9, 9, 15, 15, 15, 15, 15, 16, 14, 14, 14, 22, 22, 22, 22, 9, 9, 9, 9, 15, 15, 15, 15, 15, 14, 14, 22, 22, 22, 22, 22, 9, 9, 9, 9, 15, 15, 15, 15, 15, 22, 22, 22, 22, 22, 22, 9, 9, 9, 9, 9, 9, 15, 15, 15, 15, 22, 22, 22, 22, 22, 22, 9, 9, 9, 9, 9, 9, 9, 15, 15, 15, 22, 22, 22, 22, 22, 22, 9, 9, 9, 9, 9, 9, 9, 15, 15, 15, 22, 22, 22, 22, 22, 22, 9, 9, 9, 9, 9, 9, 9, 9, 15, 15, 22, 22, 22, 22, 22, 9, 9, 9, 9, 9, 9, 9, 9, 9, 9, 15, 73, 67, 69, 1, 86, 65, 76, 69, 2, 0, 0, 0, 34, 0, 0, 0, 186, 0, 0, 0, 7, 0, 0, 0, 6, 6, 6, 5, 6, 7, 6, 5, 7, 5, 5, 6, 6, 5, 5, 5, 4, 6, 5, 5, 7, 5, 6, 6, 4, 6, 6, 5, 5, 4, 6, 4, 5, 6, 9, 22, 32, 2, 1, 28, 2, 18, 23, 33, 28, 0, 0, 32, 21, 30, 18, 1, 4, 31, 10, 29, 5, 5, 19, 17, 13, 31, 3, 3, 29, 7, 27, 26, 19, 4, 7, 29, 10, 9, 15, 8, 8, 27, 5, 29, 6, 6, 15, 16, 33, 25, 27, 7, 15, 6, 10, 22, 0, 6, 3, 11, 22, 9, 12, 14, 22, 10, 31, 13, 13, 17, 30, 21, 14, 11, 11, 31, 4, 17, 12, 12, 21, 32, 22, 11, 28, 16, 8, 6, 9, 15, 28, 33, 8, 4, 19, 20, 30, 12, 13, 2, 30, 20, 23, 1, 5, 26, 20, 17, 4, 19, 26, 24, 23, 18, 30, 17, 12, 30, 2, 32, 14, 14, 32, 0, 9, 10, 11, 24, 25, 33, 1, 18, 20, 20, 26, 25, 23, 24, 26, 27, 8, 33, 23, 5, 27, 25, 24, 20, 19, 25, 26, 5, 7, 8, 0, 1, 33, 16, 15, 7, 5, 3, 6, 2, 21, 12, 17, 20, 18, 3, 4, 13, 11, 14, 21, 2, 0, 22, 1, 23, 25, 8, 16, 28, 0, 0, 128, 191, 51, 118, 139, 60, 244, 217, 170, 60, 90, 9, 33, 60, 90, 9, 33, 60]
            }
        }

        over "head"
        {
            over "collisions" (
                prepend apiSchemas = ["PhysxCookedDataAPI:convexHull"]
            )
            {
                uchar[] physxCookedData:convexHull:buffer = [9, 78, 9, 53, 188, 13, 242, 65, 77, 205, 38, 179, 255, 180, 85, 133, 39, 78, 88, 83, 1, 67, 86, 88, 77, 14, 0, 0, 0, 0, 0, 0, 0, 73, 67, 69, 1, 67, 76, 72, 76, 9, 0, 0, 0, 39, 0, 0, 0, 89, 128, 0, 0, 52, 0, 0, 0, 178, 0, 0, 0, 128, 3, 147, 187, 76, 10, 217, 187, 33, 28, 137, 60, 219, 252, 146, 187, 204, 14, 217, 187, 175, 27, 137, 188, 40, 126, 140, 60, 188, 116, 147, 188, 75, 224, 3, 33, 135, 3, 147, 187, 71, 10, 217, 59, 33, 28, 137, 188, 219, 252, 146, 187, 204, 14, 217, 59, 175, 27, 137, 60, 40, 126, 140, 60, 188, 116, 147, 60, 226, 78, 218, 162, 18, 242, 65, 61, 104, 159, 144, 188, 78, 35, 102, 187, 18, 242, 65, 61, 104, 159, 144, 188, 78, 35, 102, 59, 181, 68, 129, 60, 73, 59, 136, 60, 67, 183, 225, 59, 107, 133, 66, 60, 149, 114, 80, 60, 245, 158, 80, 60, 18, 242, 65, 61, 201, 214, 88, 60, 130, 226, 71, 60, 18, 242, 65, 61, 73, 59, 136, 60, 67, 183, 225, 59, 181, 68, 129, 60, 73, 59, 136, 60, 67, 183, 225, 187, 18, 242, 65, 61, 73, 59, 136, 60, 67, 183, 225, 187, 18, 242, 65, 61, 201, 214, 88, 60, 130, 226, 71, 188, 157, 155, 66, 60, 198, 136, 80, 60, 198, 136, 80, 188, 181, 68, 129, 60, 73, 59, 136, 188, 67, 183, 225, 187, 107, 133, 66, 60, 149, 114, 80, 188, 245, 158, 80, 188, 18, 242, 65, 61, 201, 214, 88, 188, 130, 226, 71, 188, 181, 68, 129, 60, 73, 59, 136, 188, 67, 183, 225, 59, 18, 242, 65, 61, 201, 214, 88, 188, 130, 226, 71, 60, 157, 155, 66, 60, 198, 136, 80, 188, 198, 136, 80, 60, 18, 242, 65, 61, 188, 116, 147, 60, 26, 91, 143, 162, 135, 188, 203, 60, 67, 183, 225, 59, 73, 59, 136, 188, 135, 188, 203, 60, 67, 183, 225, 187, 73, 59, 136, 60, 135, 188, 203, 60, 67, 183, 225, 187, 73, 59, 136, 188, 135, 188, 203, 60, 67, 183, 225, 59, 73, 59, 136, 60, 18, 242, 65, 61, 117, 2, 26, 60, 208, 68, 88, 60, 19, 131, 192, 60, 135, 206, 190, 162, 188, 116, 147, 60, 18, 242, 65, 61, 117, 2, 26, 188, 208, 68, 88, 188, 19, 131, 192, 60, 202, 245, 90, 162, 188, 116, 147, 188, 1, 105, 235, 187, 27, 170, 102, 187, 13, 156, 144, 188, 111, 18, 3, 188, 84, 47, 18, 34, 188, 116, 147, 188, 111, 18, 3, 188, 121, 191, 131, 160, 188, 116, 147, 60, 251, 137, 235, 187, 78, 35, 102, 187, 104, 159, 144, 60, 1, 105, 235, 187, 27, 170, 102, 59, 13, 156, 144, 60, 251, 137, 235, 187, 78, 35, 102, 59, 104, 159, 144, 188, 18, 242, 65, 61, 117, 2, 26, 188, 208, 68, 88, 60, 18, 242, 65, 61, 117, 2, 26, 60, 208, 68, 88, 188, 0, 0, 128, 63, 0, 0, 0, 0, 0, 0, 0, 0, 18, 242, 65, 189, 0, 0, 13, 32, 37, 71, 238, 190, 105, 150, 98, 191, 97, 223, 84, 54, 14, 67, 2, 188, 13, 0, 3, 22, 37, 71, 238, 190, 106, 150, 98, 63, 128, 246, 85, 182, 15, 67, 2, 188, 16, 0, 3, 7, 212, 159, 59, 60, 180, 251, 127, 191, 0, 0, 0, 0, 35, 14, 149, 188, 19, 0, 3, 5, 158, 246, 204, 190, 225, 37, 105, 63, 210, 237, 207, 61, 66, 26, 28, 188, 22, 0, 3, 6, 253, 115, 95, 190, 86, 87, 95, 63, 51, 233, 223, 62, 152, 164, 102, 188, 25, 0, 3, 6, 239, 185, 125, 187, 246, 90, 86, 63, 240, 243, 11, 63, 20, 235, 143, 188, 28, 0, 4, 18, 142, 14, 123, 187, 160, 94, 86, 63, 89, 238, 11, 191, 125, 238, 143, 188, 32, 0, 4, 20, 143, 162, 95, 190, 234, 92, 95, 63, 80, 199, 223, 190, 77, 151, 102, 188, 36, 0, 3, 7, 133, 247, 204, 190, 176, 37, 105, 63, 200, 236, 207, 189, 138, 25, 28, 188, 39, 0, 3, 7, 192, 234, 113, 187, 219, 29, 85, 191, 21, 213, 13, 191, 131, 50, 144, 188, 42, 0, 3, 10, 35, 78, 160, 60, 131, 34, 100, 191, 196, 20, 232, 190, 203, 130, 149, 188, 45, 0, 3, 8, 197, 118, 55, 188, 127, 44, 123, 191, 186, 144, 69, 190, 88, 26, 143, 188, 48, 0, 3, 22, 158, 246, 204, 190, 225, 37, 105, 191, 210, 237, 207, 189, 66, 26, 28, 188, 51, 0, 3, 22, 253, 115, 95, 190, 86, 87, 95, 191, 51, 233, 223, 190, 152, 164, 102, 188, 54, 0, 3, 11, 32, 78, 160, 60, 130, 34, 100, 191, 197, 20, 232, 62, 203, 130, 149, 188, 57, 0, 3, 12, 56, 122, 111, 187, 161, 36, 85, 191, 233, 202, 13, 63, 27, 53, 144, 188, 60, 0, 3, 14, 138, 162, 95, 190, 232, 92, 95, 191, 83, 199, 223, 62, 77, 151, 102, 188, 63, 0, 3, 13, 134, 247, 204, 190, 176, 37, 105, 191, 203, 236, 207, 61, 139, 25, 28, 188, 66, 0, 3, 22, 197, 118, 55, 188, 126, 44, 123, 191, 185, 144, 69, 62, 87, 26, 143, 188, 69, 0, 3, 22, 246, 23, 114, 163, 191, 20, 123, 63, 185, 197, 71, 62, 103, 159, 144, 188, 72, 0, 4, 6, 0, 0, 0, 0, 192, 20, 123, 63, 186, 197, 71, 190, 103, 159, 144, 188, 76, 0, 4, 7, 180, 184, 148, 59, 97, 34, 13, 63, 22, 148, 85, 191, 240, 233, 144, 188, 80, 0, 4, 0, 176, 184, 148, 59, 99, 34, 13, 191, 22, 148, 85, 63, 241, 233, 144, 188, 84, 0, 4, 3, 28, 56, 150, 59, 4, 23, 13, 191, 150, 155, 85, 191, 152, 236, 144, 188, 88, 0, 4, 4, 28, 56, 150, 59, 4, 23, 13, 63, 150, 155, 85, 63, 152, 236, 144, 188, 92, 0, 4, 1, 183, 228, 242, 61, 37, 72, 128, 62, 187, 247, 117, 63, 193, 49, 169, 188, 96, 0, 3, 31, 129, 97, 5, 62, 233, 123, 44, 62, 28, 33, 122, 63, 109, 38, 169, 188, 99, 0, 3, 31, 183, 228, 242, 61, 37, 72, 128, 190, 187, 247, 117, 191, 193, 49, 169, 188, 102, 0, 3, 35, 129, 97, 5, 62, 233, 123, 44, 190, 28, 33, 122, 191, 109, 38, 169, 188, 105, 0, 3, 35, 103, 90, 142, 163, 179, 51, 201, 189, 246, 194, 126, 191, 30, 190, 146, 188, 108, 0, 3, 28, 98, 159, 52, 60, 134, 153, 69, 190, 48, 44, 123, 191, 56, 204, 146, 188, 111, 0, 3, 35, 58, 245, 122, 58, 16, 118, 144, 190, 63, 153, 117, 191, 31, 208, 146, 188, 114, 0, 3, 35, 103, 103, 121, 191, 202, 243, 102, 190, 79, 193, 126, 163, 190, 99, 255, 187, 117, 0, 4, 22, 117, 67, 65, 191, 113, 226, 39, 191, 161, 179, 136, 56, 11, 81, 253, 187, 121, 0, 4, 22, 34, 11, 124, 58, 28, 87, 144, 190, 204, 157, 117, 63, 87, 207, 146, 188, 125, 0, 3, 36, 47, 156, 52, 60, 145, 153, 69, 190, 49, 44, 123, 63, 47, 204, 146, 188, 128, 0, 3, 36, 105, 6, 142, 163, 252, 188, 200, 189, 111, 196, 126, 63, 249, 190, 146, 188, 131, 0, 3, 30, 103, 90, 142, 35, 179, 51, 201, 61, 246, 194, 126, 63, 30, 190, 146, 188, 134, 0, 3, 30, 98, 159, 52, 60, 134, 153, 69, 62, 48, 44, 123, 63, 56, 204, 146, 188, 137, 0, 3, 31, 58, 245, 122, 58, 16, 118, 144, 62, 63, 153, 117, 63, 31, 208, 146, 188, 140, 0, 3, 31, 103, 103, 121, 191, 202, 243, 102, 62, 79, 193, 126, 35, 190, 99, 255, 187, 143, 0, 4, 6, 118, 67, 65, 191, 111, 226, 39, 63, 158, 179, 136, 184, 11, 81, 253, 187, 147, 0, 4, 7, 121, 9, 124, 58, 35, 87, 144, 62, 202, 157, 117, 191, 87, 207, 146, 188, 151, 0, 3, 34, 47, 156, 52, 60, 145, 153, 69, 62, 49, 44, 123, 191, 47, 204, 146, 188, 154, 0, 3, 34, 105, 6, 142, 35, 252, 188, 200, 61, 111, 196, 126, 191, 249, 190, 146, 188, 157, 0, 3, 28, 117, 9, 74, 62, 0, 0, 0, 0, 192, 247, 122, 63, 86, 138, 182, 188, 160, 0, 3, 32, 128, 97, 5, 62, 232, 123, 44, 190, 28, 33, 122, 63, 109, 38, 169, 188, 163, 0, 3, 36, 182, 228, 242, 61, 36, 72, 128, 190, 187, 247, 117, 63, 193, 49, 169, 188, 166, 0, 3, 36, 117, 9, 74, 62, 0, 0, 0, 0, 192, 247, 122, 191, 86, 138, 182, 188, 169, 0, 3, 33, 128, 97, 5, 62, 232, 123, 44, 62, 28, 33, 122, 191, 109, 38, 169, 188, 172, 0, 3, 34, 182, 228, 242, 61, 36, 72, 128, 62, 187, 247, 117, 191, 193, 49, 169, 188, 175, 0, 3, 34, 38, 14, 13, 22, 11, 10, 27, 37, 20, 7, 6, 18, 29, 0, 1, 2, 3, 4, 5, 6, 7, 2, 8, 5, 4, 8, 4, 9, 9, 10, 11, 8, 12, 13, 14, 15, 12, 15, 3, 12, 3, 5, 16, 17, 18, 16, 18, 6, 16, 6, 2, 16, 2, 1, 16, 1, 17, 19, 7, 20, 19, 20, 21, 19, 21, 0, 19, 0, 2, 19, 2, 7, 11, 22, 5, 8, 13, 12, 5, 22, 23, 3, 15, 14, 24, 0, 21, 20, 18, 17, 1, 25, 10, 9, 4, 26, 27, 10, 26, 27, 26, 28, 29, 18, 25, 29, 25, 30, 31, 32, 30, 31, 30, 25, 31, 25, 1, 33, 32, 31, 34, 34, 31, 1, 0, 34, 0, 24, 34, 24, 28, 34, 28, 33, 35, 33, 28, 35, 28, 26, 35, 26, 4, 32, 33, 35, 36, 36, 35, 4, 3, 36, 3, 23, 36, 23, 30, 36, 30, 32, 37, 27, 28, 37, 28, 24, 37, 24, 20, 38, 29, 30, 38, 30, 23, 38, 23, 14, 0, 51, 0, 7, 0, 21, 0, 20, 0, 6, 0, 26, 0, 46, 0, 48, 0, 15, 0, 3, 0, 11, 0, 28, 0, 49, 1, 34, 1, 13, 1, 18, 2, 42, 2, 4, 2, 9, 3, 19, 3, 12, 4, 20, 4, 5, 5, 25, 5, 6, 6, 25, 6, 20, 7, 21, 7, 22, 7, 8, 8, 22, 8, 9, 9, 21, 10, 14, 10, 24, 10, 11, 11, 12, 12, 13, 13, 14, 14, 24, 15, 19, 15, 16, 16, 23, 16, 17, 17, 23, 17, 18, 18, 19, 20, 21, 22, 43, 22, 51, 23, 35, 23, 48, 24, 32, 24, 28, 25, 40, 25, 26, 26, 27, 27, 39, 27, 46, 28, 29, 29, 31, 29, 49, 30, 33, 30, 45, 30, 31, 31, 32, 32, 34, 33, 41, 33, 34, 33, 37, 34, 35, 35, 36, 36, 47, 36, 37, 37, 38, 38, 41, 38, 39, 39, 40, 40, 42, 41, 42, 41, 45, 42, 43, 43, 44, 44, 50, 44, 45, 46, 47, 47, 48, 49, 50, 50, 51, 1, 17, 18, 1, 13, 14, 1, 3, 12, 2, 8, 9, 2, 4, 5, 2, 4, 9, 0, 3, 11, 0, 3, 15, 4, 5, 6, 5, 6, 25, 0, 6, 25, 0, 6, 20, 7, 8, 9, 0, 7, 21, 0, 7, 22, 7, 8, 22, 10, 11, 12, 10, 14, 24, 0, 10, 11, 15, 16, 17, 0, 15, 16, 16, 17, 23, 0, 20, 21, 22, 43, 44, 23, 35, 36, 24, 28, 29, 25, 26, 27, 0, 26, 27, 27, 36, 37, 0, 28, 29, 29, 30, 31, 30, 31, 32, 30, 33, 41, 33, 37, 38, 33, 34, 35, 38, 39, 40, 41, 42, 43, 0, 46, 47, 0, 49, 50, 38, 0, 14, 0, 14, 0, 13, 0, 13, 0, 22, 0, 22, 0, 11, 0, 11, 0, 10, 0, 10, 0, 27, 0, 27, 0, 37, 0, 37, 0, 20, 0, 20, 0, 7, 0, 7, 0, 6, 0, 6, 0, 18, 0, 18, 0, 29, 0, 29, 0, 38, 0, 0, 0, 1, 0, 1, 0, 2, 0, 2, 0, 0, 0, 3, 0, 4, 0, 4, 0, 5, 0, 5, 0, 3, 0, 7, 0, 2, 0, 2, 0, 6, 0, 8, 0, 5, 0, 4, 0, 8, 0, 4, 0, 9, 0, 9, 0, 8, 0, 9, 0, 10, 0, 11, 0, 8, 0, 12, 0, 13, 0, 14, 0, 15, 0, 15, 0, 12, 0, 15, 0, 3, 0, 3, 0, 12, 0, 5, 0, 12, 0, 16, 0, 17, 0, 17, 0, 18, 0, 18, 0, 16, 0, 6, 0, 16, 0, 2, 0, 16, 0, 1, 0, 16, 0, 1, 0, 17, 0, 19, 0, 7, 0, 20, 0, 19, 0, 20, 0, 21, 0, 21, 0, 19, 0, 21, 0, 0, 0, 0, 0, 19, 0, 2, 0, 19, 0, 22, 0, 5, 0, 23, 0, 3, 0, 14, 0, 23, 0, 24, 0, 0, 0, 20, 0, 24, 0, 1, 0, 25, 0, 25, 0, 18, 0, 4, 0, 26, 0, 26, 0, 10, 0, 26, 0, 27, 0, 26, 0, 28, 0, 28, 0, 27, 0, 25, 0, 29, 0, 25, 0, 30, 0, 30, 0, 29, 0, 31, 0, 32, 0, 32, 0, 30, 0, 30, 0, 31, 0, 25, 0, 31, 0, 1, 0, 31, 0, 33, 0, 32, 0, 31, 0, 34, 0, 34, 0, 33, 0, 0, 0, 34, 0, 24, 0, 34, 0, 24, 0, 28, 0, 28, 0, 34, 0, 28, 0, 33, 0, 35, 0, 33, 0, 28, 0, 35, 0, 26, 0, 35, 0, 4, 0, 35, 0, 35, 0, 36, 0, 36, 0, 32, 0, 3, 0, 36, 0, 23, 0, 36, 0, 23, 0, 30, 0, 30, 0, 36, 0, 28, 0, 37, 0, 24, 0, 37, 0, 30, 0, 38, 0, 23, 0, 38, 0, 0, 0, 0, 0, 112, 18, 3, 188, 188, 116, 147, 188, 188, 116, 147, 188, 18, 242, 65, 61, 188, 116, 147, 60, 188, 116, 147, 60, 217, 233, 65, 56, 143, 25, 232, 49, 79, 154, 135, 173, 253, 212, 198, 43, 79, 154, 135, 173, 67, 252, 26, 51, 122, 4, 80, 44, 253, 212, 198, 43, 122, 4, 80, 44, 38, 59, 25, 51, 6, 158, 181, 60, 0, 254, 212, 54, 78, 139, 134, 181, 0, 0, 128, 63, 73, 67, 69, 1, 83, 85, 80, 77, 0, 0, 0, 0, 73, 67, 69, 1, 71, 65, 85, 83, 0, 0, 0, 0, 16, 0, 0, 0, 0, 6, 0, 0, 18, 18, 18, 18, 6, 6, 6, 6, 7, 7, 7, 7, 20, 20, 20, 20, 18, 18, 18, 18, 18, 6, 6, 6, 7, 7, 7, 20, 20, 20, 20, 20, 18, 18, 18, 18, 18, 6, 6, 6, 7, 7, 7, 20, 20, 20, 20, 20, 18, 18, 18, 18, 18, 18, 6, 6, 7, 7, 20, 20, 20, 20, 20, 20, 18, 18, 18, 18, 18, 18, 6, 6, 7, 7, 20, 20, 20, 20, 20, 20, 18, 18, 18, 18, 18, 18, 18, 6, 7, 20, 20, 20, 20, 20, 20, 20, 29, 29, 18, 18, 18, 18, 18, 6, 7, 20, 20, 20, 20, 20, 37, 37, 29, 29, 29, 29, 29, 29, 18, 18, 20, 20, 37, 37, 37, 37, 37, 37, 38, 38, 38, 38, 38, 38, 14, 14, 10, 10, 27, 27, 27, 27, 27, 27, 38, 38, 14, 14, 14, 14, 14, 13, 11, 10, 10, 10, 10, 10, 27, 27, 14, 14, 14, 14, 14, 14, 13, 13, 11, 11, 10, 10, 10, 10, 10, 10, 14, 14, 14, 14, 14, 14, 13, 22, 22, 11, 10, 10, 10, 10, 10, 10, 14, 14, 14, 14, 14, 13, 13, 22, 22, 11, 11, 10, 10, 10, 10, 10, 14, 14, 14, 14, 13, 13, 13, 22, 22, 11, 11, 11, 10, 10, 10, 10, 14, 14, 14, 14, 13, 13, 13, 22, 22, 11, 11, 11, 10, 10, 10, 10, 14, 14, 14, 13, 13, 13, 13, 22, 22, 11, 11, 11, 11, 10, 10, 10, 31, 31, 31, 31, 31, 1, 1, 1, 0, 0, 0, 34, 34, 34, 34, 34, 31, 31, 31, 31, 31, 31, 31, 31, 34, 34, 34, 34, 34, 34, 34, 34, 31, 31, 31, 31, 31, 31, 31, 31, 34, 34, 34, 34, 34, 34, 34, 34, 31, 31, 31, 31, 31, 31, 31, 31, 34, 34, 34, 34, 34, 34, 34, 34, 31, 31, 31, 31, 31, 31, 31, 31, 34, 34, 34, 34, 34, 34, 34, 34, 31, 31, 31, 31, 31, 31, 31, 31, 34, 34, 34, 34, 34, 34, 34, 34, 32, 32, 32, 32, 32, 32, 32, 32, 33, 33, 33, 33, 33, 33, 33, 33, 32, 32, 32, 32, 32, 32, 32, 32, 33, 33, 33, 33, 33, 33, 33, 33, 32, 32, 32, 32, 32, 32, 32, 32, 33, 33, 33, 33, 33, 33, 33, 33, 32, 32, 32, 32, 32, 32, 32, 32, 33, 33, 33, 33, 33, 33, 33, 33, 36, 36, 36, 36, 36, 36, 36, 36, 35, 35, 35, 35, 35, 35, 35, 35, 36, 36, 36, 36, 36, 36, 36, 36, 35, 35, 35, 35, 35, 35, 35, 35, 36, 36, 36, 36, 36, 36, 36, 36, 35, 35, 35, 35, 35, 35, 35, 35, 36, 36, 36, 36, 36, 36, 36, 36, 35, 35, 35, 35, 35, 35, 35, 35, 36, 36, 36, 36, 36, 36, 36, 36, 35, 35, 35, 35, 35, 35, 35, 35, 36, 36, 36, 36, 36, 3, 3, 3, 4, 4, 4, 35, 35, 35, 35, 35, 36, 36, 3, 3, 3, 3, 3, 15, 14, 14, 14, 14, 14, 14, 14, 14, 36, 36, 3, 3, 3, 3, 3, 15, 14, 14, 14, 14, 14, 14, 14, 14, 36, 3, 3, 3, 3, 3, 3, 15, 14, 14, 14, 14, 14, 14, 14, 14, 36, 3, 3, 3, 3, 3, 15, 12, 13, 13, 13, 13, 13, 13, 13, 13, 36, 3, 3, 3, 3, 3, 12, 12, 13, 13, 13, 13, 13, 13, 13, 13, 3, 3, 3, 3, 3, 3, 12, 12, 13, 13, 13, 13, 13, 13, 13, 13, 3, 3, 3, 3, 3, 12, 12, 12, 13, 13, 13, 13, 13, 13, 13, 13, 3, 3, 3, 3, 5, 5, 5, 5, 22, 22, 22, 22, 22, 22, 22, 22, 4, 4, 4, 4, 5, 5, 5, 5, 22, 22, 22, 22, 22, 22, 22, 22, 4, 4, 4, 4, 4, 8, 8, 8, 11, 11, 11, 11, 11, 11, 11, 11, 4, 4, 4, 4, 4, 4, 8, 8, 11, 11, 11, 11, 11, 11, 11, 11, 35, 4, 4, 4, 4, 4, 8, 8, 11, 11, 11, 11, 11, 11, 11, 11, 35, 4, 4, 4, 4, 4, 9, 8, 11, 11, 11, 11, 11, 11, 11, 11, 35, 4, 4, 4, 4, 4, 4, 9, 10, 10, 10, 10, 10, 10, 10, 10, 35, 35, 4, 4, 4, 4, 4, 9, 10, 10, 10, 10, 10, 10, 10, 10, 35, 35, 4, 4, 4, 4, 4, 9, 10, 10, 10, 10, 10, 10, 10, 10, 31, 31, 1, 1, 1, 1, 1, 17, 18, 18, 18, 18, 18, 18, 18, 18, 31, 31, 1, 1, 1, 1, 1, 17, 18, 18, 18, 18, 18, 18, 18, 18, 31, 1, 1, 1, 1, 1, 1, 17, 18, 18, 18, 18, 18, 18, 18, 18, 31, 1, 1, 1, 1, 1, 17, 16, 18, 18, 18, 18, 18, 18, 18, 18, 31, 1, 1, 1, 1, 1, 16, 16, 6, 6, 6, 6, 6, 6, 6, 6, 1, 1, 1, 1, 1, 1, 16, 16, 6, 6, 6, 6, 6, 6, 6, 6, 1, 1, 1, 1, 1, 16, 16, 16, 6, 6, 6, 6, 6, 6, 6, 6, 1, 1, 1, 1, 2, 2, 2, 2, 6, 6, 6, 6, 6, 6, 6, 6, 0, 0, 0, 0, 2, 2, 2, 2, 7, 7, 7, 7, 7, 7, 7, 7, 0, 0, 0, 0, 0, 19, 19, 19, 7, 7, 7, 7, 7, 7, 7, 7, 0, 0, 0, 0, 0, 0, 19, 19, 7, 7, 7, 7, 7, 7, 7, 7, 34, 0, 0, 0, 0, 0, 19, 19, 7, 7, 7, 7, 7, 7, 7, 7, 34, 0, 0, 0, 0, 0, 21, 19, 20, 20, 20, 20, 20, 20, 20, 20, 34, 0, 0, 0, 0, 0, 0, 21, 20, 20, 20, 20, 20, 20, 20, 20, 34, 34, 0, 0, 0, 0, 0, 21, 20, 20, 20, 20, 20, 20, 20, 20, 34, 34, 0, 0, 0, 0, 0, 21, 20, 20, 20, 20, 20, 20, 20, 20, 34, 34, 34, 34, 34, 34, 33, 33, 33, 33, 35, 35, 35, 35, 35, 35, 34, 34, 34, 34, 34, 34, 33, 33, 33, 33, 35, 35, 35, 35, 35, 35, 0, 34, 34, 34, 34, 34, 33, 33, 33, 33, 35, 35, 35, 35, 35, 4, 0, 0, 34, 34, 34, 34, 33, 33, 33, 33, 35, 35, 35, 35, 4, 4, 0, 0, 0, 34, 34, 34, 33, 33, 33, 33, 35, 35, 35, 4, 4, 4, 0, 0, 0, 0, 34, 34, 34, 33, 33, 35, 35, 35, 4, 4, 4, 4, 0, 0, 0, 0, 34, 34, 34, 33, 33, 35, 35, 35, 4, 4, 4, 4, 21, 21, 0, 0, 0, 34, 34, 33, 33, 35, 35, 4, 4, 4, 9, 9, 20, 20, 20, 20, 20, 24, 24, 28, 28, 26, 26, 10, 10, 10, 10, 10, 20, 20, 20, 20, 20, 20, 37, 37, 27, 27, 10, 10, 10, 10, 10, 10, 20, 20, 20, 20, 20, 20, 37, 37, 27, 27, 10, 10, 10, 10, 10, 10, 20, 20, 20, 20, 20, 20, 37, 37, 27, 27, 10, 10, 10, 10, 10, 10, 20, 20, 20, 20, 20, 20, 37, 37, 27, 27, 10, 10, 10, 10, 10, 10, 20, 20, 20, 20, 20, 20, 37, 37, 27, 27, 10, 10, 10, 10, 10, 10, 20, 20, 20, 20, 20, 20, 37, 37, 27, 27, 10, 10, 10, 10, 10, 10, 20, 20, 20, 20, 20, 20, 37, 37, 27, 27, 10, 10, 10, 10, 10, 10, 31, 31, 31, 31, 31, 31, 32, 32, 32, 32, 36, 36, 36, 36, 36, 36, 31, 31, 31, 31, 31, 31, 32, 32, 32, 32, 36, 36, 36, 36, 36, 36, 1, 31, 31, 31, 31, 31, 32, 32, 32, 32, 36, 36, 36, 36, 36, 3, 1, 1, 31, 31, 31, 31, 32, 32, 32, 32, 36, 36, 36, 36, 3, 3, 1, 1, 1, 31, 31, 31, 32, 32, 32, 32, 36, 36, 36, 3, 3, 3, 1, 1, 1, 1, 31, 31, 31, 32, 32, 36, 36, 36, 3, 3, 3, 3, 1, 1, 1, 1, 31, 31, 31, 32, 32, 36, 36, 36, 3, 3, 3, 3, 17, 17, 1, 1, 1, 31, 31, 32, 32, 36, 36, 3, 3, 3, 15, 15, 18, 18, 18, 18, 18, 25, 25, 30, 30, 23, 23, 14, 14, 14, 14, 14, 18, 18, 18, 18, 18, 18, 29, 29, 38, 38, 14, 14, 14, 14, 14, 14, 18, 18, 18, 18, 18, 18, 29, 29, 38, 38, 14, 14, 14, 14, 14, 14, 18, 18, 18, 18, 18, 18, 29, 29, 38, 38, 14, 14, 14, 14, 14, 14, 18, 18, 18, 18, 18, 18, 29, 29, 38, 38, 14, 14, 14, 14, 14, 14, 18, 18, 18, 18, 18, 18, 29, 29, 38, 38, 14, 14, 14, 14, 14, 14, 18, 18, 18, 18, 18, 18, 29, 29, 38, 38, 14, 14, 14, 14, 14, 14, 18, 18, 18, 18, 18, 18, 29, 29, 38, 38, 14, 14, 14, 14, 14, 14, 35, 35, 35, 35, 35, 4, 4, 4, 3, 3, 3, 36, 36, 36, 36, 36, 35, 35, 35, 35, 35, 35, 35, 35, 36, 36, 36, 36, 36, 36, 36, 36, 35, 35, 35, 35, 35, 35, 35, 35, 36, 36, 36, 36, 36, 36, 36, 36, 35, 35, 35, 35, 35, 35, 35, 35, 36, 36, 36, 36, 36, 36, 36, 36, 35, 35, 35, 35, 35, 35, 35, 35, 36, 36, 36, 36, 36, 36, 36, 36, 35, 35, 35, 35, 35, 35, 35, 35, 36, 36, 36, 36, 36, 36, 36, 36, 33, 33, 33, 33, 33, 33, 33, 33, 32, 32, 32, 32, 32, 32, 32, 32, 33, 33, 33, 33, 33, 33, 33, 33, 32, 32, 32, 32, 32, 32, 32, 32, 33, 33, 33, 33, 33, 33, 33, 33, 32, 32, 32, 32, 32, 32, 32, 32, 33, 33, 33, 33, 33, 33, 33, 33, 32, 32, 32, 32, 32, 32, 32, 32, 34, 34, 34, 34, 34, 34, 34, 34, 31, 31, 31, 31, 31, 31, 31, 31, 34, 34, 34, 34, 34, 34, 34, 34, 31, 31, 31, 31, 31, 31, 31, 31, 34, 34, 34, 34, 34, 34, 34, 34, 31, 31, 31, 31, 31, 31, 31, 31, 34, 34, 34, 34, 34, 34, 34, 34, 31, 31, 31, 31, 31, 31, 31, 31, 34, 34, 34, 34, 34, 34, 34, 34, 31, 31, 31, 31, 31, 31, 31, 31, 34, 34, 34, 34, 34, 0, 0, 0, 1, 1, 1, 31, 31, 31, 31, 31, 10, 10, 10, 11, 11, 11, 11, 22, 22, 13, 13, 13, 13, 14, 14, 14, 10, 10, 10, 10, 11, 11, 11, 22, 22, 13, 13, 13, 14, 14, 14, 14, 10, 10, 10, 10, 11, 11, 11, 22, 22, 13, 13, 13, 14, 14, 14, 14, 10, 10, 10, 10, 10, 11, 11, 22, 22, 13, 13, 14, 14, 14, 14, 14, 10, 10, 10, 10, 10, 10, 11, 22, 22, 13, 14, 14, 14, 14, 14, 14, 10, 10, 10, 10, 10, 10, 11, 11, 13, 13, 14, 14, 14, 14, 14, 14, 27, 27, 10, 10, 10, 10, 10, 11, 13, 14, 14, 14, 14, 14, 38, 38, 27, 27, 27, 27, 27, 27, 10, 10, 14, 14, 38, 38, 38, 38, 38, 38, 37, 37, 37, 37, 37, 37, 20, 20, 18, 18, 29, 29, 29, 29, 29, 29, 37, 37, 20, 20, 20, 20, 20, 7, 6, 18, 18, 18, 18, 18, 29, 29, 20, 20, 20, 20, 20, 20, 20, 7, 6, 18, 18, 18, 18, 18, 18, 18, 20, 20, 20, 20, 20, 20, 7, 7, 6, 6, 18, 18, 18, 18, 18, 18, 20, 20, 20, 20, 20, 20, 7, 7, 6, 6, 18, 18, 18, 18, 18, 18, 20, 20, 20, 20, 20, 7, 7, 7, 6, 6, 6, 18, 18, 18, 18, 18, 20, 20, 20, 20, 20, 7, 7, 7, 6, 6, 6, 18, 18, 18, 18, 18, 20, 20, 20, 20, 7, 7, 7, 7, 6, 6, 6, 6, 18, 18, 18, 18, 20, 20, 20, 20, 20, 20, 20, 20, 21, 0, 0, 0, 0, 0, 34, 34, 20, 20, 20, 20, 20, 20, 20, 20, 21, 0, 0, 0, 0, 0, 34, 34, 20, 20, 20, 20, 20, 20, 20, 20, 21, 0, 0, 0, 0, 0, 0, 34, 20, 20, 20, 20, 20, 20, 20, 20, 19, 21, 0, 0, 0, 0, 0, 34, 7, 7, 7, 7, 7, 7, 7, 7, 19, 19, 0, 0, 0, 0, 0, 34, 7, 7, 7, 7, 7, 7, 7, 7, 19, 19, 0, 0, 0, 0, 0, 0, 7, 7, 7, 7, 7, 7, 7, 7, 19, 19, 19, 0, 0, 0, 0, 0, 7, 7, 7, 7, 7, 7, 7, 7, 2, 2, 2, 2, 0, 0, 0, 0, 6, 6, 6, 6, 6, 6, 6, 6, 2, 2, 2, 2, 1, 1, 1, 1, 6, 6, 6, 6, 6, 6, 6, 6, 16, 16, 16, 1, 1, 1, 1, 1, 6, 6, 6, 6, 6, 6, 6, 6, 16, 16, 1, 1, 1, 1, 1, 1, 6, 6, 6, 6, 6, 6, 6, 6, 16, 16, 1, 1, 1, 1, 1, 31, 18, 18, 18, 18, 18, 18, 18, 18, 16, 17, 1, 1, 1, 1, 1, 31, 18, 18, 18, 18, 18, 18, 18, 18, 17, 1, 1, 1, 1, 1, 1, 31, 18, 18, 18, 18, 18, 18, 18, 18, 17, 1, 1, 1, 1, 1, 31, 31, 18, 18, 18, 18, 18, 18, 18, 18, 17, 1, 1, 1, 1, 1, 31, 31, 10, 10, 10, 10, 10, 10, 10, 10, 9, 4, 4, 4, 4, 4, 35, 35, 10, 10, 10, 10, 10, 10, 10, 10, 9, 4, 4, 4, 4, 4, 35, 35, 10, 10, 10, 10, 10, 10, 10, 10, 9, 4, 4, 4, 4, 4, 4, 35, 11, 11, 11, 11, 11, 11, 11, 11, 8, 9, 4, 4, 4, 4, 4, 35, 11, 11, 11, 11, 11, 11, 11, 11, 8, 8, 4, 4, 4, 4, 4, 35, 11, 11, 11, 11, 11, 11, 11, 11, 8, 8, 4, 4, 4, 4, 4, 4, 11, 11, 11, 11, 11, 11, 11, 11, 8, 8, 8, 4, 4, 4, 4, 4, 22, 22, 22, 22, 22, 22, 22, 22, 5, 5, 5, 5, 4, 4, 4, 4, 22, 22, 22, 22, 22, 22, 22, 22, 5, 5, 5, 5, 3, 3, 3, 3, 13, 13, 13, 13, 13, 13, 13, 13, 12, 12, 12, 3, 3, 3, 3, 3, 13, 13, 13, 13, 13, 13, 13, 13, 12, 12, 3, 3, 3, 3, 3, 3, 13, 13, 13, 13, 13, 13, 13, 13, 12, 12, 3, 3, 3, 3, 3, 36, 13, 13, 13, 13, 13, 13, 13, 13, 12, 15, 3, 3, 3, 3, 3, 36, 14, 14, 14, 14, 14, 14, 14, 14, 15, 3, 3, 3, 3, 3, 3, 36, 14, 14, 14, 14, 14, 14, 14, 14, 15, 3, 3, 3, 3, 3, 36, 36, 14, 14, 14, 14, 14, 14, 14, 14, 15, 3, 3, 3, 3, 3, 36, 36, 14, 14, 14, 14, 14, 14, 38, 38, 29, 29, 18, 18, 18, 18, 18, 18, 14, 14, 14, 14, 14, 14, 38, 38, 29, 29, 18, 18, 18, 18, 18, 18, 14, 14, 14, 14, 14, 14, 38, 38, 29, 29, 18, 18, 18, 18, 18, 18, 14, 14, 14, 14, 14, 14, 38, 38, 29, 29, 18, 18, 18, 18, 18, 18, 14, 14, 14, 14, 14, 14, 38, 38, 29, 29, 18, 18, 18, 18, 18, 18, 14, 14, 14, 14, 14, 14, 38, 38, 29, 29, 18, 18, 18, 18, 18, 18, 14, 14, 14, 14, 14, 14, 38, 38, 29, 29, 18, 18, 18, 18, 18, 18, 14, 14, 14, 14, 14, 23, 23, 30, 30, 25, 25, 18, 18, 18, 18, 18, 15, 15, 3, 3, 3, 36, 36, 32, 32, 31, 31, 1, 1, 1, 17, 17, 3, 3, 3, 3, 36, 36, 36, 32, 32, 31, 31, 31, 1, 1, 1, 1, 3, 3, 3, 3, 36, 36, 36, 32, 32, 31, 31, 31, 1, 1, 1, 1, 3, 3, 3, 36, 36, 36, 32, 32, 32, 32, 31, 31, 31, 1, 1, 1, 3, 3, 36, 36, 36, 36, 32, 32, 32, 32, 31, 31, 31, 31, 1, 1, 3, 36, 36, 36, 36, 36, 32, 32, 32, 32, 31, 31, 31, 31, 31, 1, 36, 36, 36, 36, 36, 36, 32, 32, 32, 32, 31, 31, 31, 31, 31, 31, 36, 36, 36, 36, 36, 36, 32, 32, 32, 32, 31, 31, 31, 31, 31, 31, 10, 10, 10, 10, 10, 10, 27, 27, 37, 37, 20, 20, 20, 20, 20, 20, 10, 10, 10, 10, 10, 10, 27, 27, 37, 37, 20, 20, 20, 20, 20, 20, 10, 10, 10, 10, 10, 10, 27, 27, 37, 37, 20, 20, 20, 20, 20, 20, 10, 10, 10, 10, 10, 10, 27, 27, 37, 37, 20, 20, 20, 20, 20, 20, 10, 10, 10, 10, 10, 10, 27, 27, 37, 37, 20, 20, 20, 20, 20, 20, 10, 10, 10, 10, 10, 10, 27, 27, 37, 37, 20, 20, 20, 20, 20, 20, 10, 10, 10, 10, 10, 10, 27, 27, 37, 37, 20, 20, 20, 20, 20, 20, 10, 10, 10, 10, 10, 26, 26, 28, 28, 24, 24, 20, 20, 20, 20, 20, 9, 9, 4, 4, 4, 35, 35, 33, 33, 34, 34, 0, 0, 0, 21, 21, 4, 4, 4, 4, 35, 35, 35, 33, 33, 34, 34, 34, 0, 0, 0, 0, 4, 4, 4, 4, 35, 35, 35, 33, 33, 34, 34, 34, 0, 0, 0, 0, 4, 4, 4, 35, 35, 35, 33, 33, 33, 33, 34, 34, 34, 0, 0, 0, 4, 4, 35, 35, 35, 35, 33, 33, 33, 33, 34, 34, 34, 34, 0, 0, 4, 35, 35, 35, 35, 35, 33, 33, 33, 33, 34, 34, 34, 34, 34, 0, 35, 35, 35, 35, 35, 35, 33, 33, 33, 33, 34, 34, 34, 34, 34, 34, 35, 35, 35, 35, 35, 35, 33, 33, 33, 33, 34, 34, 34, 34, 34, 34, 73, 67, 69, 1, 86, 65, 76, 69, 2, 0, 0, 0, 39, 0, 0, 0, 178, 0, 0, 0, 7, 0, 0, 0, 6, 6, 6, 6, 6, 5, 4, 4, 4, 3, 4, 3, 4, 3, 4, 3, 5, 3, 5, 5, 5, 3, 3, 5, 5, 5, 5, 4, 7, 4, 7, 5, 4, 4, 5, 5, 5, 4, 4, 1, 34, 24, 21, 19, 2, 2, 16, 17, 25, 31, 0, 0, 19, 7, 6, 16, 1, 4, 36, 23, 15, 12, 5, 5, 8, 9, 26, 35, 3, 3, 12, 22, 8, 4, 18, 16, 2, 7, 6, 2, 19, 20, 5, 11, 9, 4, 8, 10, 4, 27, 26, 9, 11, 10, 8, 22, 13, 5, 3, 15, 22, 12, 14, 13, 15, 23, 38, 12, 3, 14, 17, 1, 2, 6, 18, 18, 1, 16, 29, 25, 17, 16, 6, 7, 2, 0, 21, 20, 7, 19, 21, 24, 37, 19, 0, 20, 11, 5, 13, 3, 36, 30, 38, 14, 0, 34, 28, 37, 20, 18, 29, 30, 31, 1, 10, 27, 28, 35, 4, 37, 28, 26, 10, 27, 37, 24, 34, 33, 35, 26, 38, 30, 25, 18, 29, 38, 23, 36, 32, 31, 25, 32, 34, 1, 25, 30, 30, 36, 33, 31, 32, 35, 28, 34, 33, 28, 24, 0, 31, 33, 36, 4, 26, 28, 32, 30, 23, 3, 35, 20, 24, 28, 27, 14, 23, 30, 29, 0, 0, 128, 191, 211, 13, 144, 60, 45, 74, 163, 60, 216, 86, 38, 60, 216, 86, 38, 60]
            }
        }

        over "Link10_cover"
        {
            over "collisions" (
                prepend apiSchemas = ["PhysxCookedDataAPI:convexHull"]
            )
            {
                uchar[] physxCookedData:convexHull:buffer = [9, 195, 204, 54, 152, 32, 141, 218, 29, 135, 223, 7, 5, 239, 0, 74, 211, 78, 88, 83, 1, 67, 86, 88, 77, 14, 0, 0, 0, 0, 0, 0, 0, 73, 67, 69, 1, 67, 76, 72, 76, 9, 0, 0, 0, 34, 0, 0, 0, 85, 128, 0, 0, 53, 0, 0, 0, 170, 0, 0, 0, 3, 120, 11, 61, 43, 166, 121, 188, 90, 245, 57, 188, 202, 236, 184, 60, 182, 240, 13, 187, 41, 162, 154, 188, 3, 120, 11, 61, 43, 166, 121, 60, 90, 245, 57, 188, 3, 120, 11, 61, 43, 166, 121, 188, 90, 245, 57, 60, 3, 120, 11, 61, 43, 166, 121, 60, 90, 245, 57, 60, 166, 85, 185, 60, 182, 240, 13, 59, 41, 162, 154, 60, 254, 42, 58, 187, 152, 15, 245, 187, 93, 21, 143, 188, 15, 159, 148, 60, 163, 149, 155, 188, 235, 58, 14, 58, 16, 58, 15, 187, 44, 44, 252, 187, 29, 79, 142, 60, 16, 58, 15, 187, 44, 44, 252, 59, 29, 79, 142, 60, 15, 159, 148, 60, 163, 149, 155, 60, 235, 58, 14, 186, 148, 95, 58, 187, 154, 5, 245, 59, 110, 22, 143, 188, 112, 178, 130, 60, 4, 169, 137, 188, 140, 69, 17, 188, 112, 178, 130, 60, 4, 169, 137, 60, 140, 69, 17, 60, 3, 120, 11, 61, 80, 16, 154, 60, 74, 53, 49, 59, 209, 166, 124, 60, 253, 73, 133, 60, 161, 192, 32, 188, 209, 166, 124, 60, 253, 73, 133, 188, 161, 192, 32, 60, 3, 120, 11, 61, 211, 136, 150, 188, 57, 70, 158, 59, 247, 47, 196, 60, 65, 91, 242, 59, 253, 94, 143, 188, 209, 152, 196, 60, 65, 91, 242, 187, 253, 94, 143, 60, 3, 120, 11, 61, 67, 140, 152, 188, 28, 72, 119, 187, 163, 149, 2, 188, 12, 180, 52, 58, 168, 139, 155, 60, 111, 18, 3, 188, 61, 54, 120, 163, 227, 165, 155, 188, 217, 196, 215, 187, 141, 223, 148, 187, 250, 33, 151, 188, 181, 198, 215, 187, 219, 220, 148, 187, 36, 34, 151, 60, 181, 198, 215, 187, 219, 220, 148, 59, 36, 34, 151, 188, 54, 179, 205, 187, 144, 128, 162, 59, 175, 64, 150, 60, 3, 120, 11, 61, 67, 140, 152, 60, 28, 72, 119, 187, 77, 7, 204, 60, 18, 19, 25, 188, 167, 135, 135, 188, 41, 112, 204, 60, 18, 19, 25, 60, 167, 135, 135, 60, 89, 80, 81, 60, 130, 61, 95, 188, 49, 244, 88, 188, 89, 80, 81, 60, 130, 61, 95, 60, 49, 244, 88, 60, 53, 60, 61, 60, 95, 41, 75, 60, 128, 220, 107, 188, 107, 144, 68, 60, 148, 125, 82, 188, 54, 88, 101, 60, 0, 0, 128, 63, 0, 0, 0, 0, 0, 0, 0, 0, 3, 120, 11, 189, 0, 0, 8, 22, 209, 99, 12, 63, 0, 0, 0, 0, 88, 18, 86, 191, 62, 184, 230, 188, 8, 0, 3, 21, 147, 209, 12, 63, 0, 0, 0, 0, 53, 202, 85, 63, 160, 21, 231, 188, 11, 0, 3, 22, 91, 134, 247, 190, 253, 23, 96, 191, 131, 130, 110, 59, 215, 183, 0, 188, 14, 0, 3, 14, 252, 113, 247, 190, 158, 29, 96, 63, 234, 42, 111, 59, 234, 185, 0, 188, 17, 0, 3, 20, 53, 61, 203, 190, 30, 249, 104, 191, 16, 92, 244, 189, 213, 32, 36, 188, 20, 0, 3, 14, 24, 59, 205, 190, 21, 148, 104, 63, 210, 197, 241, 61, 226, 128, 34, 188, 23, 0, 3, 20, 141, 149, 226, 60, 9, 138, 108, 63, 161, 75, 195, 62, 50, 132, 158, 188, 26, 0, 3, 12, 20, 120, 8, 189, 154, 163, 121, 63, 70, 69, 96, 62, 35, 203, 145, 188, 29, 0, 3, 20, 24, 59, 191, 190, 10, 249, 105, 63, 89, 128, 34, 190, 63, 201, 46, 188, 32, 0, 3, 17, 120, 108, 19, 189, 148, 48, 118, 191, 40, 42, 139, 62, 51, 123, 145, 188, 35, 0, 3, 27, 43, 238, 103, 60, 218, 164, 102, 191, 17, 12, 222, 62, 194, 187, 156, 188, 38, 0, 3, 15, 82, 6, 193, 190, 93, 170, 105, 191, 71, 22, 33, 62, 223, 91, 45, 188, 41, 0, 3, 27, 168, 186, 249, 62, 98, 215, 97, 61, 136, 9, 95, 191, 40, 241, 223, 188, 44, 0, 3, 21, 111, 204, 250, 62, 70, 240, 95, 189, 154, 190, 94, 63, 64, 92, 224, 188, 47, 0, 3, 22, 187, 39, 254, 60, 188, 197, 127, 191, 221, 209, 233, 60, 27, 47, 160, 188, 50, 0, 3, 10, 14, 126, 21, 189, 215, 166, 121, 191, 117, 134, 95, 190, 247, 84, 145, 188, 53, 0, 3, 14, 252, 31, 189, 60, 112, 174, 105, 191, 214, 191, 208, 190, 106, 74, 158, 188, 56, 0, 3, 13, 174, 24, 118, 191, 128, 0, 141, 190, 35, 109, 188, 59, 49, 108, 248, 187, 59, 0, 4, 14, 50, 73, 25, 191, 3, 9, 77, 191, 189, 167, 98, 54, 19, 110, 248, 187, 63, 0, 4, 14, 255, 93, 126, 186, 80, 40, 166, 190, 240, 36, 114, 63, 80, 21, 155, 188, 67, 0, 3, 18, 154, 38, 31, 60, 55, 131, 1, 190, 153, 238, 125, 63, 202, 240, 152, 188, 70, 0, 4, 25, 241, 25, 151, 187, 92, 140, 249, 189, 245, 22, 126, 191, 234, 201, 154, 188, 74, 0, 3, 5, 205, 78, 136, 185, 203, 166, 162, 62, 33, 189, 114, 191, 29, 36, 155, 188, 77, 0, 3, 19, 108, 193, 91, 60, 120, 218, 7, 62, 189, 182, 125, 191, 5, 97, 153, 188, 80, 0, 4, 24, 189, 95, 116, 191, 83, 134, 152, 62, 172, 162, 152, 187, 152, 35, 253, 187, 84, 0, 3, 20, 44, 22, 14, 191, 236, 241, 84, 63, 238, 245, 172, 59, 97, 131, 252, 187, 87, 0, 3, 20, 86, 215, 29, 191, 16, 140, 73, 63, 35, 6, 118, 187, 50, 130, 252, 187, 90, 0, 3, 20, 86, 238, 109, 191, 12, 239, 188, 62, 247, 124, 107, 59, 89, 78, 253, 187, 93, 0, 3, 20, 252, 246, 113, 187, 65, 171, 26, 62, 168, 15, 125, 63, 153, 218, 154, 188, 96, 0, 3, 1, 151, 241, 138, 60, 199, 181, 105, 63, 101, 198, 208, 190, 196, 153, 156, 188, 99, 0, 3, 16, 64, 8, 7, 189, 238, 39, 118, 63, 130, 153, 139, 190, 3, 234, 145, 188, 102, 0, 3, 17, 33, 72, 143, 60, 64, 219, 127, 63, 169, 228, 233, 188, 63, 57, 158, 188, 105, 0, 3, 7, 200, 121, 51, 60, 243, 105, 156, 190, 209, 190, 115, 191, 93, 173, 154, 188, 108, 0, 4, 26, 251, 200, 208, 62, 98, 113, 35, 190, 42, 38, 102, 191, 128, 66, 217, 188, 112, 0, 3, 21, 14, 175, 72, 60, 90, 27, 158, 62, 215, 119, 115, 63, 18, 208, 154, 188, 115, 0, 4, 23, 175, 6, 210, 62, 76, 85, 34, 62, 111, 234, 101, 63, 67, 183, 217, 188, 119, 0, 3, 22, 170, 194, 30, 188, 203, 243, 79, 191, 173, 72, 21, 191, 233, 233, 152, 188, 122, 0, 3, 4, 105, 80, 87, 190, 118, 115, 91, 191, 223, 169, 240, 190, 178, 85, 121, 188, 125, 0, 3, 4, 158, 213, 78, 188, 156, 130, 22, 191, 94, 14, 79, 191, 141, 10, 152, 188, 128, 0, 3, 29, 192, 79, 157, 60, 84, 226, 36, 191, 150, 196, 67, 191, 46, 219, 156, 188, 131, 0, 3, 31, 170, 194, 30, 188, 203, 243, 79, 63, 173, 72, 21, 63, 233, 233, 152, 188, 134, 0, 3, 0, 5, 250, 86, 190, 25, 113, 91, 63, 211, 197, 240, 62, 36, 113, 121, 188, 137, 0, 3, 0, 133, 233, 55, 188, 3, 36, 23, 63, 5, 154, 78, 63, 28, 69, 152, 188, 140, 0, 3, 28, 171, 45, 157, 60, 105, 233, 36, 63, 164, 190, 67, 63, 80, 219, 156, 188, 143, 0, 3, 30, 3, 40, 37, 190, 128, 38, 81, 63, 212, 186, 13, 191, 72, 5, 133, 188, 146, 0, 3, 3, 123, 210, 39, 188, 9, 174, 68, 63, 25, 217, 35, 191, 127, 141, 152, 188, 149, 0, 3, 3, 233, 246, 15, 61, 211, 162, 22, 63, 77, 203, 78, 191, 115, 92, 158, 188, 152, 0, 3, 8, 142, 246, 4, 58, 2, 58, 7, 63, 189, 94, 89, 191, 79, 215, 153, 188, 155, 0, 3, 8, 21, 106, 49, 190, 234, 189, 83, 191, 107, 223, 8, 63, 45, 85, 131, 188, 158, 0, 3, 2, 39, 247, 15, 188, 38, 18, 71, 191, 170, 240, 32, 63, 142, 17, 153, 188, 161, 0, 3, 2, 103, 121, 6, 61, 24, 43, 23, 191, 43, 110, 78, 63, 158, 215, 157, 188, 164, 0, 3, 11, 89, 122, 7, 59, 46, 58, 11, 191, 55, 212, 86, 63, 244, 171, 153, 188, 167, 0, 3, 32, 27, 14, 4, 3, 17, 20, 0, 2, 0, 1, 2, 3, 4, 5, 6, 7, 8, 9, 10, 11, 12, 7, 6, 13, 10, 9, 13, 4, 14, 13, 14, 10, 15, 11, 10, 16, 7, 17, 16, 17, 3, 16, 8, 7, 18, 2, 1, 19, 3, 5, 20, 17, 7, 20, 7, 12, 20, 12, 0, 21, 22, 23, 24, 24, 23, 6, 8, 24, 8, 19, 19, 5, 21, 24, 23, 22, 1, 25, 11, 18, 18, 1, 22, 25, 25, 22, 21, 26, 9, 11, 26, 11, 25, 26, 25, 21, 26, 21, 5, 27, 2, 15, 27, 15, 10, 27, 10, 14, 28, 6, 23, 1, 28, 1, 0, 29, 9, 26, 5, 29, 5, 4, 30, 0, 12, 30, 12, 6, 30, 6, 28, 30, 28, 0, 31, 4, 13, 31, 13, 9, 31, 9, 29, 31, 29, 4, 32, 11, 15, 32, 15, 2, 32, 2, 18, 32, 18, 11, 33, 8, 16, 33, 16, 3, 33, 3, 19, 33, 19, 8, 0, 32, 0, 7, 0, 2, 0, 11, 0, 15, 0, 17, 0, 1, 0, 30, 1, 34, 1, 13, 2, 36, 2, 14, 3, 5, 3, 12, 3, 19, 4, 6, 4, 9, 4, 26, 5, 16, 5, 38, 6, 8, 6, 42, 7, 41, 7, 8, 8, 32, 9, 45, 9, 31, 10, 12, 10, 15, 10, 11, 11, 50, 12, 49, 13, 47, 13, 24, 14, 51, 14, 21, 15, 16, 16, 17, 17, 37, 18, 25, 18, 22, 18, 19, 18, 21, 19, 33, 19, 20, 20, 52, 20, 21, 21, 29, 22, 24, 22, 33, 23, 27, 23, 48, 23, 24, 24, 25, 25, 28, 26, 35, 26, 27, 27, 28, 28, 29, 29, 35, 30, 46, 30, 31, 31, 32, 33, 39, 33, 34, 34, 40, 35, 43, 35, 36, 36, 44, 37, 40, 37, 38, 38, 39, 39, 40, 41, 44, 41, 42, 42, 43, 43, 44, 45, 48, 45, 46, 46, 47, 47, 48, 49, 52, 49, 50, 50, 51, 51, 52, 0, 1, 17, 1, 13, 22, 0, 1, 13, 0, 2, 11, 0, 2, 7, 2, 14, 21, 3, 5, 19, 3, 5, 10, 3, 12, 19, 4, 6, 26, 4, 6, 8, 4, 9, 23, 5, 16, 17, 6, 7, 8, 0, 7, 8, 9, 30, 31, 10, 11, 12, 0, 10, 11, 13, 23, 24, 14, 20, 21, 0, 15, 16, 18, 21, 25, 18, 22, 24, 18, 19, 22, 18, 19, 20, 23, 24, 25, 26, 27, 28, 0, 30, 31, 33, 34, 39, 35, 36, 43, 37, 38, 39, 41, 42, 43, 45, 46, 47, 49, 50, 51, 27, 0, 14, 0, 14, 0, 4, 0, 4, 0, 3, 0, 3, 0, 17, 0, 17, 0, 20, 0, 20, 0, 0, 0, 0, 0, 2, 0, 2, 0, 27, 0, 0, 0, 1, 0, 1, 0, 2, 0, 4, 0, 5, 0, 5, 0, 3, 0, 6, 0, 7, 0, 7, 0, 8, 0, 8, 0, 6, 0, 9, 0, 10, 0, 10, 0, 11, 0, 11, 0, 9, 0, 12, 0, 7, 0, 6, 0, 12, 0, 13, 0, 10, 0, 9, 0, 13, 0, 13, 0, 4, 0, 14, 0, 13, 0, 14, 0, 10, 0, 15, 0, 11, 0, 10, 0, 15, 0, 16, 0, 7, 0, 7, 0, 17, 0, 17, 0, 16, 0, 3, 0, 16, 0, 16, 0, 8, 0, 18, 0, 2, 0, 1, 0, 18, 0, 19, 0, 3, 0, 5, 0, 19, 0, 7, 0, 20, 0, 12, 0, 20, 0, 12, 0, 0, 0, 21, 0, 22, 0, 22, 0, 23, 0, 23, 0, 24, 0, 24, 0, 21, 0, 23, 0, 6, 0, 8, 0, 24, 0, 8, 0, 19, 0, 19, 0, 24, 0, 5, 0, 21, 0, 22, 0, 1, 0, 1, 0, 23, 0, 25, 0, 11, 0, 11, 0, 18, 0, 18, 0, 25, 0, 22, 0, 25, 0, 21, 0, 25, 0, 26, 0, 9, 0, 11, 0, 26, 0, 25, 0, 26, 0, 21, 0, 26, 0, 5, 0, 26, 0, 2, 0, 15, 0, 15, 0, 27, 0, 10, 0, 27, 0, 28, 0, 6, 0, 1, 0, 28, 0, 0, 0, 28, 0, 29, 0, 9, 0, 5, 0, 29, 0, 4, 0, 29, 0, 30, 0, 0, 0, 12, 0, 30, 0, 6, 0, 30, 0, 28, 0, 30, 0, 31, 0, 4, 0, 13, 0, 31, 0, 9, 0, 31, 0, 29, 0, 31, 0, 32, 0, 11, 0, 15, 0, 32, 0, 2, 0, 32, 0, 18, 0, 32, 0, 33, 0, 8, 0, 16, 0, 33, 0, 3, 0, 33, 0, 19, 0, 33, 0, 0, 0, 0, 0, 112, 18, 3, 188, 163, 149, 155, 188, 228, 165, 155, 188, 3, 120, 11, 61, 163, 149, 155, 60, 168, 139, 155, 60, 200, 122, 24, 56, 233, 45, 198, 49, 249, 185, 71, 44, 42, 187, 14, 171, 249, 185, 71, 44, 150, 205, 139, 50, 207, 227, 210, 172, 42, 187, 14, 171, 207, 227, 210, 172, 93, 59, 134, 50, 3, 43, 127, 60, 0, 19, 68, 52, 251, 128, 40, 183, 0, 0, 128, 63, 73, 67, 69, 1, 83, 85, 80, 77, 0, 0, 0, 0, 73, 67, 69, 1, 71, 65, 85, 83, 0, 0, 0, 0, 16, 0, 0, 0, 0, 6, 0, 0, 0, 0, 0, 0, 0, 20, 20, 20, 17, 17, 17, 17, 3, 3, 3, 3, 0, 0, 0, 0, 0, 20, 20, 20, 17, 17, 17, 3, 3, 3, 3, 3, 0, 0, 0, 0, 0, 0, 20, 20, 17, 17, 17, 3, 3, 3, 3, 3, 0, 0, 0, 0, 0, 0, 20, 20, 17, 17, 3, 3, 3, 3, 3, 3, 0, 0, 0, 0, 0, 0, 20, 20, 17, 17, 3, 3, 3, 3, 3, 3, 0, 0, 0, 0, 0, 0, 0, 20, 17, 3, 3, 3, 3, 3, 3, 3, 0, 0, 0, 0, 0, 0, 0, 20, 17, 3, 3, 3, 3, 3, 3, 3, 0, 0, 0, 0, 0, 0, 0, 0, 3, 3, 3, 3, 3, 3, 3, 3, 2, 2, 2, 2, 2, 2, 2, 2, 4, 4, 4, 4, 4, 4, 4, 4, 2, 2, 2, 2, 2, 2, 2, 27, 14, 4, 4, 4, 4, 4, 4, 4, 2, 2, 2, 2, 2, 2, 2, 27, 14, 4, 4, 4, 4, 4, 4, 4, 2, 2, 2, 2, 2, 2, 27, 27, 14, 4, 4, 4, 4, 4, 4, 4, 2, 2, 2, 2, 2, 2, 27, 27, 14, 14, 4, 4, 4, 4, 4, 4, 2, 2, 2, 2, 2, 2, 27, 27, 14, 14, 4, 4, 4, 4, 4, 4, 2, 2, 2, 2, 2, 27, 27, 27, 14, 14, 14, 4, 4, 4, 4, 4, 2, 2, 2, 2, 2, 27, 27, 27, 14, 14, 14, 4, 4, 4, 4, 4, 23, 23, 23, 23, 23, 23, 23, 23, 24, 24, 24, 24, 24, 24, 24, 24, 23, 23, 23, 23, 23, 23, 23, 23, 24, 24, 24, 24, 24, 24, 24, 24, 23, 23, 23, 23, 23, 23, 23, 23, 24, 24, 24, 24, 24, 24, 24, 24, 23, 23, 23, 23, 23, 23, 23, 23, 24, 24, 24, 24, 24, 24, 24, 24, 23, 23, 23, 23, 23, 23, 23, 23, 24, 24, 24, 24, 24, 24, 24, 24, 22, 22, 22, 22, 22, 22, 22, 23, 24, 24, 24, 24, 24, 21, 21, 21, 22, 22, 22, 22, 22, 22, 22, 22, 21, 21, 21, 21, 21, 21, 21, 21, 22, 22, 22, 22, 22, 22, 22, 22, 21, 21, 21, 21, 21, 21, 21, 21, 22, 22, 22, 22, 22, 22, 22, 22, 21, 21, 21, 21, 21, 21, 21, 21, 22, 22, 22, 22, 22, 22, 22, 22, 21, 21, 21, 21, 21, 21, 21, 21, 22, 22, 22, 22, 22, 22, 22, 25, 21, 21, 21, 21, 21, 21, 21, 21, 25, 25, 25, 25, 25, 25, 25, 25, 26, 26, 26, 21, 21, 21, 21, 21, 25, 25, 25, 25, 25, 25, 25, 25, 26, 26, 26, 26, 26, 26, 26, 26, 25, 25, 25, 25, 25, 25, 25, 25, 26, 26, 26, 26, 26, 26, 26, 26, 25, 25, 25, 25, 25, 25, 25, 25, 26, 26, 26, 26, 26, 26, 26, 26, 25, 25, 25, 25, 25, 25, 25, 25, 26, 26, 26, 26, 26, 26, 26, 26, 25, 25, 25, 25, 11, 11, 11, 32, 2, 2, 2, 2, 2, 2, 2, 2, 25, 25, 25, 25, 11, 11, 11, 32, 2, 2, 2, 2, 2, 2, 2, 2, 25, 25, 25, 25, 11, 11, 11, 15, 2, 2, 2, 2, 2, 2, 2, 2, 25, 25, 25, 11, 11, 11, 15, 15, 2, 2, 2, 2, 2, 2, 2, 2, 25, 25, 25, 11, 11, 11, 15, 15, 2, 2, 2, 2, 2, 2, 2, 2, 25, 25, 25, 11, 11, 15, 15, 15, 27, 27, 27, 27, 27, 27, 27, 27, 25, 25, 25, 11, 11, 15, 10, 10, 27, 27, 27, 27, 27, 27, 27, 27, 25, 25, 11, 11, 10, 10, 10, 10, 27, 27, 27, 27, 27, 27, 27, 27, 26, 26, 26, 9, 10, 10, 10, 10, 14, 14, 14, 14, 14, 14, 14, 14, 26, 26, 26, 9, 9, 13, 13, 10, 14, 14, 14, 14, 14, 14, 14, 14, 26, 26, 26, 26, 9, 13, 13, 13, 14, 14, 14, 14, 14, 14, 14, 14, 26, 26, 26, 26, 9, 9, 13, 13, 4, 4, 4, 4, 4, 4, 4, 4, 26, 26, 26, 26, 9, 9, 31, 13, 4, 4, 4, 4, 4, 4, 4, 4, 26, 26, 26, 26, 9, 9, 9, 31, 4, 4, 4, 4, 4, 4, 4, 4, 26, 26, 26, 26, 26, 9, 9, 31, 4, 4, 4, 4, 4, 4, 4, 4, 26, 26, 26, 26, 26, 9, 9, 31, 4, 4, 4, 4, 4, 4, 4, 4, 23, 23, 23, 23, 6, 6, 6, 30, 0, 0, 0, 0, 0, 0, 0, 0, 23, 23, 23, 23, 6, 6, 6, 30, 0, 0, 0, 0, 0, 0, 0, 0, 23, 23, 23, 23, 6, 6, 6, 30, 0, 0, 0, 0, 0, 0, 0, 0, 23, 23, 23, 6, 6, 6, 30, 12, 0, 0, 0, 0, 0, 0, 0, 0, 23, 23, 23, 6, 6, 6, 12, 12, 0, 0, 0, 0, 0, 0, 0, 0, 23, 23, 23, 6, 6, 12, 12, 12, 20, 20, 20, 20, 20, 20, 20, 20, 23, 23, 23, 6, 6, 12, 12, 7, 20, 20, 20, 20, 20, 20, 20, 20, 23, 23, 6, 6, 7, 7, 7, 7, 20, 20, 20, 20, 20, 20, 20, 20, 24, 24, 24, 8, 7, 7, 7, 7, 17, 17, 17, 17, 17, 17, 17, 17, 24, 24, 24, 8, 8, 16, 7, 7, 17, 17, 17, 17, 17, 17, 17, 17, 24, 24, 24, 8, 8, 16, 16, 16, 17, 17, 17, 17, 17, 17, 17, 17, 24, 24, 24, 8, 8, 8, 16, 16, 17, 17, 17, 17, 17, 17, 17, 17, 24, 24, 24, 24, 8, 8, 16, 16, 3, 3, 3, 3, 3, 3, 3, 3, 24, 24, 24, 24, 8, 8, 8, 16, 3, 3, 3, 3, 3, 3, 3, 3, 24, 24, 24, 24, 8, 8, 8, 33, 3, 3, 3, 3, 3, 3, 3, 3, 24, 24, 24, 24, 8, 8, 8, 33, 3, 3, 3, 3, 3, 3, 3, 3, 24, 24, 24, 24, 24, 21, 21, 21, 21, 21, 21, 21, 26, 26, 26, 26, 24, 24, 24, 24, 24, 24, 21, 21, 21, 21, 21, 21, 26, 26, 26, 26, 24, 24, 24, 24, 24, 24, 21, 21, 21, 21, 21, 26, 26, 26, 26, 26, 24, 24, 24, 24, 24, 24, 21, 21, 21, 21, 21, 26, 26, 26, 26, 26, 8, 24, 24, 24, 24, 24, 21, 21, 21, 21, 21, 26, 26, 26, 26, 26, 8, 8, 24, 24, 24, 24, 24, 21, 21, 21, 26, 26, 26, 26, 9, 9, 8, 8, 8, 24, 24, 24, 24, 21, 21, 21, 26, 26, 26, 9, 9, 9, 33, 33, 8, 8, 8, 24, 24, 21, 21, 26, 26, 9, 9, 9, 31, 31, 3, 3, 3, 19, 19, 19, 19, 5, 5, 5, 29, 29, 29, 29, 4, 4, 3, 3, 3, 3, 19, 19, 19, 5, 5, 5, 29, 29, 4, 4, 4, 4, 3, 3, 3, 3, 3, 19, 19, 5, 5, 5, 29, 4, 4, 4, 4, 4, 3, 3, 3, 3, 3, 3, 3, 5, 5, 4, 4, 4, 4, 4, 4, 4, 3, 3, 3, 3, 3, 3, 3, 3, 4, 4, 4, 4, 4, 4, 4, 4, 3, 3, 3, 3, 3, 3, 3, 3, 4, 4, 4, 4, 4, 4, 4, 4, 3, 3, 3, 3, 3, 3, 3, 3, 4, 4, 4, 4, 4, 4, 4, 4, 3, 3, 3, 3, 3, 3, 3, 3, 4, 4, 4, 4, 4, 4, 4, 4, 23, 23, 23, 23, 23, 22, 22, 22, 22, 22, 22, 25, 25, 25, 25, 25, 23, 23, 23, 23, 23, 22, 22, 22, 22, 22, 22, 25, 25, 25, 25, 25, 23, 23, 23, 23, 23, 22, 22, 22, 22, 22, 22, 25, 25, 25, 25, 25, 23, 23, 23, 23, 23, 23, 22, 22, 22, 22, 25, 25, 25, 25, 25, 25, 6, 23, 23, 23, 23, 23, 22, 22, 22, 22, 25, 25, 25, 25, 25, 11, 6, 6, 23, 23, 23, 23, 22, 22, 22, 22, 25, 25, 25, 25, 11, 11, 6, 6, 6, 6, 23, 23, 23, 22, 22, 25, 25, 25, 11, 11, 11, 11, 30, 30, 6, 6, 6, 23, 23, 22, 22, 25, 25, 11, 11, 11, 32, 32, 0, 0, 28, 28, 28, 28, 1, 1, 1, 18, 18, 18, 18, 2, 2, 2, 0, 0, 0, 0, 28, 28, 1, 1, 1, 18, 18, 18, 2, 2, 2, 2, 0, 0, 0, 0, 0, 28, 1, 1, 1, 18, 18, 2, 2, 2, 2, 2, 0, 0, 0, 0, 0, 0, 0, 1, 1, 2, 2, 2, 2, 2, 2, 2, 0, 0, 0, 0, 0, 0, 0, 0, 2, 2, 2, 2, 2, 2, 2, 2, 0, 0, 0, 0, 0, 0, 0, 0, 2, 2, 2, 2, 2, 2, 2, 2, 0, 0, 0, 0, 0, 0, 0, 0, 2, 2, 2, 2, 2, 2, 2, 2, 0, 0, 0, 0, 0, 0, 0, 0, 2, 2, 2, 2, 2, 2, 2, 2, 26, 26, 26, 26, 26, 26, 26, 26, 25, 25, 25, 25, 25, 25, 25, 25, 26, 26, 26, 26, 26, 26, 26, 26, 25, 25, 25, 25, 25, 25, 25, 25, 26, 26, 26, 26, 26, 26, 26, 26, 25, 25, 25, 25, 25, 25, 25, 25, 26, 26, 26, 26, 26, 26, 26, 26, 25, 25, 25, 25, 25, 25, 25, 25, 21, 21, 21, 21, 21, 26, 26, 26, 25, 25, 25, 25, 25, 25, 25, 25, 21, 21, 21, 21, 21, 21, 21, 21, 25, 22, 22, 22, 22, 22, 22, 22, 21, 21, 21, 21, 21, 21, 21, 21, 22, 22, 22, 22, 22, 22, 22, 22, 21, 21, 21, 21, 21, 21, 21, 21, 22, 22, 22, 22, 22, 22, 22, 22, 21, 21, 21, 21, 21, 21, 21, 21, 22, 22, 22, 22, 22, 22, 22, 22, 21, 21, 21, 21, 21, 21, 21, 21, 22, 22, 22, 22, 22, 22, 22, 22, 21, 21, 21, 24, 24, 24, 24, 24, 23, 22, 22, 22, 22, 22, 22, 22, 24, 24, 24, 24, 24, 24, 24, 24, 23, 23, 23, 23, 23, 23, 23, 23, 24, 24, 24, 24, 24, 24, 24, 24, 23, 23, 23, 23, 23, 23, 23, 23, 24, 24, 24, 24, 24, 24, 24, 24, 23, 23, 23, 23, 23, 23, 23, 23, 24, 24, 24, 24, 24, 24, 24, 24, 23, 23, 23, 23, 23, 23, 23, 23, 24, 24, 24, 24, 24, 24, 24, 24, 23, 23, 23, 23, 23, 23, 23, 23, 4, 4, 4, 4, 4, 14, 14, 14, 27, 27, 27, 2, 2, 2, 2, 2, 4, 4, 4, 4, 4, 14, 14, 14, 27, 27, 27, 2, 2, 2, 2, 2, 4, 4, 4, 4, 4, 4, 14, 14, 27, 27, 2, 2, 2, 2, 2, 2, 4, 4, 4, 4, 4, 4, 14, 14, 27, 27, 2, 2, 2, 2, 2, 2, 4, 4, 4, 4, 4, 4, 4, 14, 27, 27, 2, 2, 2, 2, 2, 2, 4, 4, 4, 4, 4, 4, 4, 14, 27, 2, 2, 2, 2, 2, 2, 2, 4, 4, 4, 4, 4, 4, 4, 14, 27, 2, 2, 2, 2, 2, 2, 2, 4, 4, 4, 4, 4, 4, 4, 4, 2, 2, 2, 2, 2, 2, 2, 2, 3, 3, 3, 3, 3, 3, 3, 3, 0, 0, 0, 0, 0, 0, 0, 0, 3, 3, 3, 3, 3, 3, 3, 17, 20, 0, 0, 0, 0, 0, 0, 0, 3, 3, 3, 3, 3, 3, 3, 17, 20, 0, 0, 0, 0, 0, 0, 0, 3, 3, 3, 3, 3, 3, 17, 17, 20, 20, 0, 0, 0, 0, 0, 0, 3, 3, 3, 3, 3, 3, 17, 17, 20, 20, 0, 0, 0, 0, 0, 0, 3, 3, 3, 3, 3, 17, 17, 17, 20, 20, 0, 0, 0, 0, 0, 0, 3, 3, 3, 3, 3, 17, 17, 17, 20, 20, 20, 0, 0, 0, 0, 0, 3, 3, 3, 3, 17, 17, 17, 17, 20, 20, 20, 0, 0, 0, 0, 0, 3, 3, 3, 3, 3, 3, 3, 3, 33, 8, 8, 8, 24, 24, 24, 24, 3, 3, 3, 3, 3, 3, 3, 3, 33, 8, 8, 8, 24, 24, 24, 24, 3, 3, 3, 3, 3, 3, 3, 3, 16, 8, 8, 8, 24, 24, 24, 24, 3, 3, 3, 3, 3, 3, 3, 3, 16, 16, 8, 8, 24, 24, 24, 24, 17, 17, 17, 17, 17, 17, 17, 17, 16, 16, 8, 8, 8, 24, 24, 24, 17, 17, 17, 17, 17, 17, 17, 17, 16, 16, 16, 8, 8, 24, 24, 24, 17, 17, 17, 17, 17, 17, 17, 17, 7, 7, 16, 8, 8, 24, 24, 24, 17, 17, 17, 17, 17, 17, 17, 17, 7, 7, 7, 7, 8, 24, 24, 24, 20, 20, 20, 20, 20, 20, 20, 20, 7, 7, 7, 7, 6, 6, 23, 23, 20, 20, 20, 20, 20, 20, 20, 20, 7, 12, 12, 6, 6, 23, 23, 23, 20, 20, 20, 20, 20, 20, 20, 20, 12, 12, 12, 6, 6, 23, 23, 23, 0, 0, 0, 0, 0, 0, 0, 0, 12, 12, 6, 6, 6, 23, 23, 23, 0, 0, 0, 0, 0, 0, 0, 0, 12, 30, 6, 6, 6, 23, 23, 23, 0, 0, 0, 0, 0, 0, 0, 0, 30, 6, 6, 6, 23, 23, 23, 23, 0, 0, 0, 0, 0, 0, 0, 0, 30, 6, 6, 6, 23, 23, 23, 23, 0, 0, 0, 0, 0, 0, 0, 0, 30, 6, 6, 6, 23, 23, 23, 23, 4, 4, 4, 4, 4, 4, 4, 4, 31, 9, 9, 26, 26, 26, 26, 26, 4, 4, 4, 4, 4, 4, 4, 4, 31, 9, 9, 26, 26, 26, 26, 26, 4, 4, 4, 4, 4, 4, 4, 4, 31, 9, 9, 9, 26, 26, 26, 26, 4, 4, 4, 4, 4, 4, 4, 4, 13, 31, 9, 9, 26, 26, 26, 26, 4, 4, 4, 4, 4, 4, 4, 4, 13, 13, 9, 9, 26, 26, 26, 26, 14, 14, 14, 14, 14, 14, 14, 14, 13, 13, 13, 9, 26, 26, 26, 26, 14, 14, 14, 14, 14, 14, 14, 14, 10, 13, 13, 9, 9, 26, 26, 26, 14, 14, 14, 14, 14, 14, 14, 14, 10, 10, 10, 10, 9, 26, 26, 26, 27, 27, 27, 27, 27, 27, 27, 27, 10, 10, 10, 10, 11, 11, 25, 25, 27, 27, 27, 27, 27, 27, 27, 27, 10, 10, 15, 11, 11, 25, 25, 25, 27, 27, 27, 27, 27, 27, 27, 27, 15, 15, 15, 11, 11, 25, 25, 25, 2, 2, 2, 2, 2, 2, 2, 2, 15, 15, 11, 11, 11, 25, 25, 25, 2, 2, 2, 2, 2, 2, 2, 2, 15, 15, 11, 11, 11, 25, 25, 25, 2, 2, 2, 2, 2, 2, 2, 2, 15, 11, 11, 11, 25, 25, 25, 25, 2, 2, 2, 2, 2, 2, 2, 2, 32, 11, 11, 11, 25, 25, 25, 25, 2, 2, 2, 2, 2, 2, 2, 2, 32, 11, 11, 11, 25, 25, 25, 25, 2, 2, 2, 2, 2, 2, 2, 2, 0, 0, 0, 0, 0, 0, 0, 0, 2, 2, 2, 2, 2, 2, 2, 2, 0, 0, 0, 0, 0, 0, 0, 0, 2, 2, 2, 2, 2, 2, 2, 2, 0, 0, 0, 0, 0, 0, 0, 0, 2, 2, 2, 2, 2, 2, 2, 2, 0, 0, 0, 0, 0, 0, 0, 0, 2, 2, 2, 2, 2, 2, 2, 1, 1, 0, 0, 0, 0, 0, 0, 0, 2, 2, 2, 2, 2, 18, 18, 1, 1, 1, 28, 0, 0, 0, 0, 0, 2, 2, 2, 2, 18, 18, 18, 1, 1, 1, 28, 28, 0, 0, 0, 0, 2, 2, 2, 18, 18, 18, 18, 1, 1, 1, 28, 28, 28, 28, 0, 0, 32, 32, 11, 11, 11, 25, 25, 22, 22, 23, 23, 6, 6, 6, 30, 30, 11, 11, 11, 11, 25, 25, 25, 22, 22, 23, 23, 23, 6, 6, 6, 6, 11, 11, 25, 25, 25, 25, 22, 22, 22, 22, 23, 23, 23, 23, 6, 6, 11, 25, 25, 25, 25, 25, 22, 22, 22, 22, 23, 23, 23, 23, 23, 6, 25, 25, 25, 25, 25, 25, 22, 22, 22, 22, 23, 23, 23, 23, 23, 23, 25, 25, 25, 25, 25, 22, 22, 22, 22, 22, 22, 23, 23, 23, 23, 23, 25, 25, 25, 25, 25, 22, 22, 22, 22, 22, 22, 23, 23, 23, 23, 23, 25, 25, 25, 25, 25, 22, 22, 22, 22, 22, 22, 23, 23, 23, 23, 23, 4, 4, 4, 4, 4, 4, 4, 4, 3, 3, 3, 3, 3, 3, 3, 3, 4, 4, 4, 4, 4, 4, 4, 4, 3, 3, 3, 3, 3, 3, 3, 3, 4, 4, 4, 4, 4, 4, 4, 4, 3, 3, 3, 3, 3, 3, 3, 3, 4, 4, 4, 4, 4, 4, 4, 4, 3, 3, 3, 3, 3, 3, 3, 3, 4, 4, 4, 4, 4, 4, 4, 5, 5, 3, 3, 3, 3, 3, 3, 3, 4, 4, 4, 4, 4, 29, 5, 5, 5, 19, 19, 3, 3, 3, 3, 3, 4, 4, 4, 4, 29, 29, 5, 5, 5, 19, 19, 19, 3, 3, 3, 3, 4, 4, 29, 29, 29, 29, 5, 5, 5, 19, 19, 19, 19, 3, 3, 3, 31, 31, 9, 9, 9, 26, 26, 21, 21, 24, 24, 8, 8, 8, 33, 33, 9, 9, 9, 26, 26, 26, 21, 21, 21, 24, 24, 24, 24, 8, 8, 8, 9, 9, 26, 26, 26, 26, 21, 21, 21, 24, 24, 24, 24, 24, 8, 8, 26, 26, 26, 26, 26, 21, 21, 21, 21, 21, 24, 24, 24, 24, 24, 8, 26, 26, 26, 26, 26, 21, 21, 21, 21, 21, 24, 24, 24, 24, 24, 24, 26, 26, 26, 26, 26, 21, 21, 21, 21, 21, 24, 24, 24, 24, 24, 24, 26, 26, 26, 26, 21, 21, 21, 21, 21, 21, 24, 24, 24, 24, 24, 24, 26, 26, 26, 26, 21, 21, 21, 21, 21, 21, 21, 24, 24, 24, 24, 24, 73, 67, 69, 1, 86, 65, 76, 69, 2, 0, 0, 0, 34, 0, 0, 0, 170, 0, 0, 0, 7, 0, 0, 0, 6, 6, 6, 6, 6, 6, 6, 6, 6, 6, 6, 7, 5, 5, 4, 5, 5, 4, 5, 5, 4, 5, 4, 4, 4, 5, 5, 4, 4, 4, 4, 4, 4, 4, 2, 1, 28, 30, 12, 20, 2, 18, 22, 23, 28, 0, 27, 15, 32, 18, 1, 0, 17, 16, 33, 19, 5, 4, 3, 5, 29, 31, 13, 14, 3, 19, 21, 26, 29, 4, 7, 12, 30, 28, 23, 8, 8, 16, 17, 20, 12, 6, 6, 24, 19, 33, 16, 7, 10, 13, 31, 29, 26, 11, 11, 15, 27, 14, 13, 9, 9, 26, 25, 18, 32, 15, 10, 7, 20, 0, 30, 6, 10, 14, 4, 31, 9, 4, 13, 10, 27, 11, 32, 2, 27, 10, 7, 8, 33, 3, 17, 20, 7, 16, 3, 2, 32, 11, 25, 1, 3, 33, 8, 24, 5, 0, 12, 7, 17, 22, 25, 26, 5, 24, 23, 1, 25, 21, 24, 6, 1, 22, 21, 19, 8, 23, 11, 26, 21, 22, 18, 9, 5, 21, 25, 11, 14, 10, 15, 2, 6, 30, 0, 1, 9, 31, 4, 5, 0, 28, 6, 12, 4, 29, 9, 13, 11, 18, 2, 15, 8, 19, 3, 16, 0, 0, 128, 191, 116, 11, 124, 60, 35, 105, 128, 60, 162, 132, 17, 60, 162, 132, 17, 60]
            }
        }

        over "Link10"
        {
            over "collisions" (
                prepend apiSchemas = ["PhysxCookedDataAPI:convexHull"]
            )
            {
                uchar[] physxCookedData:convexHull:buffer = [9, 122, 94, 178, 61, 177, 78, 196, 15, 204, 152, 145, 236, 131, 32, 191, 246, 78, 88, 83, 1, 67, 86, 88, 77, 14, 0, 0, 0, 0, 0, 0, 0, 73, 67, 69, 1, 67, 76, 72, 76, 9, 0, 0, 0, 34, 0, 0, 0, 93, 128, 0, 0, 61, 0, 0, 0, 186, 0, 0, 0, 19, 131, 192, 60, 242, 150, 159, 34, 188, 116, 147, 60, 156, 249, 62, 61, 205, 204, 76, 188, 199, 223, 45, 60, 229, 123, 57, 61, 244, 253, 84, 60, 109, 108, 50, 60, 19, 131, 192, 60, 228, 165, 40, 35, 188, 116, 147, 188, 229, 123, 57, 61, 244, 253, 84, 60, 109, 108, 50, 188, 156, 249, 62, 61, 205, 204, 76, 188, 199, 223, 45, 188, 30, 208, 113, 187, 190, 153, 232, 187, 127, 129, 135, 188, 53, 60, 61, 60, 95, 41, 75, 188, 159, 197, 85, 188, 181, 77, 140, 60, 73, 68, 147, 188, 38, 254, 110, 186, 94, 53, 2, 188, 126, 93, 112, 186, 186, 67, 147, 60, 111, 18, 3, 188, 57, 217, 123, 163, 188, 116, 147, 188, 2, 200, 113, 187, 190, 153, 232, 59, 127, 129, 135, 188, 181, 77, 140, 60, 73, 68, 147, 60, 38, 254, 110, 58, 221, 210, 71, 60, 6, 192, 85, 60, 67, 47, 75, 188, 37, 61, 221, 186, 137, 30, 0, 60, 117, 208, 132, 60, 55, 5, 129, 187, 31, 51, 228, 187, 4, 249, 135, 60, 105, 72, 91, 60, 146, 53, 105, 188, 116, 132, 52, 60, 3, 120, 11, 61, 110, 193, 145, 60, 168, 161, 50, 187, 158, 73, 81, 61, 205, 204, 76, 60, 95, 160, 246, 59, 158, 73, 81, 61, 205, 204, 76, 60, 95, 160, 246, 187, 172, 250, 92, 61, 205, 204, 76, 60, 175, 167, 11, 36, 87, 89, 108, 60, 127, 70, 122, 60, 114, 255, 27, 60, 45, 199, 215, 187, 32, 219, 148, 59, 206, 174, 142, 60, 242, 191, 84, 61, 205, 204, 76, 188, 216, 69, 211, 59, 49, 110, 92, 61, 244, 253, 84, 188, 84, 239, 1, 36, 3, 120, 11, 61, 73, 68, 147, 188, 38, 254, 110, 58, 242, 191, 84, 61, 205, 204, 76, 188, 216, 69, 211, 187, 3, 120, 11, 61, 245, 70, 138, 188, 86, 217, 204, 187, 85, 10, 211, 60, 18, 31, 15, 188, 123, 237, 128, 60, 85, 10, 211, 60, 18, 31, 15, 188, 123, 237, 128, 188, 3, 120, 11, 61, 176, 191, 142, 60, 68, 215, 147, 59, 81, 118, 204, 60, 190, 153, 232, 59, 127, 129, 135, 188, 81, 118, 204, 60, 190, 153, 232, 59, 127, 129, 135, 60, 3, 120, 11, 61, 253, 98, 132, 188, 165, 224, 1, 60, 10, 108, 202, 59, 86, 78, 114, 190, 135, 185, 120, 63, 100, 116, 144, 188, 0, 0, 4, 11, 19, 66, 157, 62, 96, 141, 189, 59, 5, 159, 115, 63, 113, 116, 199, 188, 4, 0, 3, 10, 19, 66, 157, 62, 115, 141, 189, 59, 5, 159, 115, 191, 113, 116, 199, 188, 7, 0, 3, 9, 107, 239, 126, 190, 225, 25, 107, 191, 188, 127, 157, 190, 69, 57, 77, 188, 10, 0, 3, 2, 170, 133, 90, 191, 74, 82, 5, 191, 32, 250, 68, 188, 155, 219, 230, 187, 13, 0, 3, 20, 225, 50, 146, 190, 219, 166, 109, 63, 41, 198, 115, 190, 228, 189, 61, 188, 16, 0, 3, 23, 221, 59, 240, 190, 236, 14, 98, 63, 138, 23, 23, 60, 86, 143, 0, 188, 19, 0, 3, 24, 187, 4, 168, 190, 182, 2, 109, 191, 145, 4, 64, 62, 236, 204, 49, 188, 22, 0, 3, 19, 241, 117, 85, 191, 62, 80, 13, 191, 169, 217, 130, 187, 119, 96, 231, 187, 25, 0, 3, 20, 205, 44, 237, 190, 107, 224, 98, 191, 154, 184, 8, 57, 197, 9, 3, 188, 28, 0, 3, 20, 42, 108, 190, 60, 200, 52, 96, 63, 101, 214, 246, 190, 253, 230, 144, 188, 31, 0, 3, 16, 172, 211, 117, 189, 204, 110, 113, 63, 7, 116, 167, 190, 15, 6, 128, 188, 34, 0, 3, 33, 174, 128, 0, 63, 140, 11, 139, 60, 113, 94, 93, 63, 233, 148, 4, 189, 37, 0, 3, 10, 174, 128, 0, 63, 137, 11, 139, 60, 112, 94, 93, 191, 233, 148, 4, 189, 40, 0, 3, 9, 19, 232, 100, 62, 75, 113, 113, 63, 142, 236, 123, 190, 143, 80, 205, 188, 43, 0, 3, 16, 225, 145, 137, 62, 195, 51, 117, 63, 122, 177, 208, 189, 199, 212, 216, 188, 46, 0, 3, 8, 84, 223, 179, 190, 116, 77, 107, 63, 154, 111, 54, 62, 3, 205, 46, 188, 49, 0, 3, 26, 193, 174, 13, 191, 115, 46, 85, 63, 213, 147, 125, 60, 168, 54, 252, 187, 52, 0, 3, 24, 2, 234, 89, 191, 97, 20, 6, 63, 208, 220, 7, 189, 79, 181, 242, 187, 55, 0, 3, 24, 159, 84, 120, 191, 6, 166, 120, 62, 146, 91, 249, 59, 82, 205, 249, 187, 58, 0, 3, 24, 117, 239, 116, 187, 141, 152, 210, 61, 35, 164, 126, 63, 45, 244, 145, 188, 61, 0, 3, 3, 245, 200, 117, 63, 183, 73, 165, 187, 77, 42, 143, 62, 66, 231, 83, 189, 64, 0, 3, 10, 22, 85, 111, 63, 97, 152, 133, 60, 139, 136, 181, 62, 58, 109, 79, 189, 67, 0, 3, 10, 208, 221, 29, 63, 82, 241, 86, 188, 105, 128, 73, 63, 124, 167, 24, 189, 70, 0, 3, 10, 11, 213, 125, 62, 232, 41, 117, 191, 40, 223, 21, 62, 33, 69, 211, 188, 73, 0, 3, 12, 208, 221, 29, 63, 78, 241, 86, 188, 105, 128, 73, 191, 124, 167, 24, 189, 76, 0, 3, 9, 22, 85, 111, 63, 97, 152, 133, 60, 139, 136, 181, 190, 58, 109, 79, 189, 79, 0, 3, 9, 245, 200, 117, 63, 175, 73, 165, 187, 77, 42, 143, 190, 65, 231, 83, 189, 82, 0, 3, 9, 239, 25, 113, 62, 17, 24, 118, 191, 44, 117, 18, 190, 16, 45, 206, 188, 85, 0, 3, 12, 136, 163, 133, 60, 163, 3, 125, 191, 153, 10, 27, 190, 0, 248, 148, 188, 88, 0, 3, 12, 13, 144, 131, 189, 223, 234, 106, 191, 176, 202, 200, 190, 255, 13, 129, 188, 91, 0, 3, 30, 150, 72, 46, 61, 237, 126, 67, 191, 158, 235, 36, 191, 241, 116, 150, 188, 94, 0, 3, 21, 77, 51, 102, 62, 227, 98, 110, 191, 30, 234, 146, 190, 46, 42, 206, 188, 97, 0, 3, 21, 241, 67, 111, 62, 18, 11, 118, 191, 12, 197, 22, 190, 130, 157, 205, 188, 100, 0, 3, 12, 83, 32, 121, 188, 139, 161, 33, 191, 34, 124, 70, 63, 33, 239, 141, 188, 103, 0, 3, 13, 224, 34, 77, 62, 173, 91, 73, 190, 248, 180, 117, 63, 194, 23, 180, 188, 106, 0, 3, 10, 215, 51, 22, 188, 243, 134, 17, 191, 150, 153, 82, 191, 227, 206, 144, 188, 109, 0, 3, 32, 35, 216, 62, 37, 137, 59, 106, 190, 112, 54, 121, 191, 231, 139, 143, 188, 112, 0, 4, 22, 220, 34, 77, 62, 173, 91, 73, 190, 248, 180, 117, 191, 193, 23, 180, 188, 116, 0, 3, 22, 171, 101, 65, 61, 234, 34, 52, 191, 248, 126, 53, 191, 115, 185, 151, 188, 119, 0, 3, 14, 174, 142, 104, 62, 225, 199, 112, 63, 1, 80, 129, 62, 30, 242, 206, 188, 122, 0, 3, 8, 30, 44, 133, 62, 60, 229, 117, 63, 173, 5, 202, 61, 3, 80, 213, 188, 125, 0, 3, 8, 86, 56, 128, 62, 62, 134, 119, 63, 39, 217, 72, 61, 119, 176, 209, 188, 128, 0, 3, 8, 191, 81, 178, 60, 96, 156, 127, 63, 235, 104, 79, 61, 162, 121, 150, 188, 131, 0, 3, 8, 181, 219, 250, 188, 94, 214, 116, 63, 156, 183, 148, 62, 221, 183, 138, 188, 134, 0, 3, 27, 182, 186, 34, 61, 102, 53, 90, 63, 130, 123, 5, 63, 130, 7, 152, 188, 137, 0, 3, 7, 108, 242, 39, 165, 42, 33, 78, 62, 121, 194, 122, 191, 4, 112, 144, 188, 140, 0, 4, 9, 0, 0, 0, 0, 162, 62, 18, 63, 141, 29, 82, 191, 5, 112, 144, 188, 144, 0, 3, 28, 19, 208, 21, 61, 151, 96, 31, 63, 51, 30, 72, 191, 105, 155, 149, 188, 147, 0, 3, 15, 2, 241, 100, 62, 33, 142, 27, 62, 123, 120, 118, 191, 16, 2, 185, 188, 150, 0, 3, 9, 63, 118, 12, 187, 52, 25, 178, 62, 42, 3, 112, 63, 29, 213, 146, 188, 153, 0, 3, 6, 75, 158, 53, 60, 209, 224, 75, 62, 206, 219, 122, 63, 234, 160, 146, 188, 156, 0, 3, 10, 3, 241, 100, 62, 33, 142, 27, 62, 123, 120, 118, 63, 16, 2, 185, 188, 159, 0, 3, 10, 12, 105, 128, 60, 232, 175, 41, 63, 6, 164, 63, 63, 62, 48, 143, 188, 162, 0, 3, 7, 54, 132, 11, 60, 45, 91, 40, 63, 41, 215, 64, 63, 170, 14, 142, 188, 165, 0, 3, 7, 150, 2, 77, 61, 55, 99, 50, 191, 112, 42, 55, 63, 194, 172, 152, 188, 168, 0, 3, 13, 117, 84, 39, 61, 82, 194, 51, 191, 123, 248, 53, 63, 209, 131, 150, 188, 171, 0, 3, 13, 213, 114, 62, 189, 220, 9, 117, 191, 30, 75, 146, 62, 177, 77, 132, 188, 174, 0, 3, 17, 221, 39, 221, 188, 200, 188, 119, 191, 137, 73, 128, 62, 198, 218, 136, 188, 177, 0, 3, 17, 19, 223, 90, 62, 188, 25, 114, 191, 143, 188, 122, 62, 97, 184, 200, 188, 180, 0, 3, 12, 206, 157, 91, 62, 133, 5, 112, 191, 231, 40, 140, 62, 96, 185, 201, 188, 183, 0, 3, 13, 28, 0, 9, 15, 0, 1, 2, 3, 4, 5, 6, 7, 8, 6, 9, 10, 11, 12, 13, 11, 14, 12, 15, 8, 16, 15, 9, 6, 15, 6, 8, 17, 4, 13, 17, 13, 12, 18, 2, 1, 19, 5, 4, 19, 4, 17, 19, 17, 20, 21, 12, 14, 22, 14, 11, 22, 11, 10, 22, 10, 9, 22, 9, 0, 23, 24, 20, 23, 20, 18, 23, 18, 1, 23, 25, 24, 26, 5, 19, 26, 19, 20, 26, 20, 24, 26, 24, 25, 27, 25, 8, 27, 8, 7, 27, 7, 5, 27, 5, 26, 27, 26, 25, 28, 15, 16, 28, 1, 0, 29, 7, 6, 29, 6, 10, 3, 29, 3, 5, 29, 5, 7, 30, 2, 18, 30, 18, 20, 30, 20, 17, 30, 17, 12, 30, 12, 21, 30, 21, 2, 31, 3, 10, 11, 31, 11, 13, 31, 13, 4, 31, 4, 3, 32, 14, 22, 32, 22, 0, 32, 0, 2, 32, 2, 21, 32, 21, 14, 33, 1, 28, 33, 28, 16, 33, 16, 8, 33, 8, 25, 33, 25, 23, 33, 23, 1, 0, 35, 0, 20, 0, 8, 0, 34, 1, 35, 1, 12, 1, 52, 2, 49, 2, 13, 2, 38, 3, 36, 3, 30, 3, 9, 4, 8, 4, 19, 4, 37, 5, 6, 5, 11, 5, 47, 6, 17, 6, 16, 7, 9, 7, 57, 7, 34, 8, 9, 10, 14, 10, 48, 10, 11, 11, 43, 12, 40, 12, 23, 13, 25, 13, 14, 14, 15, 15, 42, 15, 26, 16, 44, 16, 54, 17, 50, 17, 18, 18, 46, 18, 19, 19, 20, 20, 51, 21, 24, 21, 27, 21, 22, 22, 41, 22, 23, 23, 60, 24, 59, 24, 28, 25, 32, 25, 26, 26, 27, 27, 28, 28, 33, 29, 33, 29, 58, 29, 30, 30, 31, 31, 39, 31, 32, 32, 33, 34, 56, 35, 55, 36, 39, 36, 37, 37, 46, 37, 38, 38, 39, 40, 45, 40, 41, 41, 42, 42, 43, 43, 44, 44, 45, 45, 53, 46, 49, 46, 47, 47, 48, 48, 49, 50, 54, 50, 51, 51, 52, 52, 53, 53, 54, 55, 60, 55, 56, 56, 57, 57, 58, 58, 59, 59, 60, 0, 1, 20, 1, 12, 23, 1, 12, 40, 2, 37, 38, 2, 10, 13, 2, 13, 25, 3, 4, 8, 3, 30, 31, 3, 7, 9, 0, 4, 8, 4, 18, 19, 5, 6, 17, 5, 6, 11, 5, 10, 11, 6, 16, 17, 0, 7, 8, 7, 34, 56, 10, 11, 14, 12, 22, 23, 13, 14, 15, 15, 21, 22, 16, 44, 45, 17, 18, 19, 21, 22, 23, 21, 24, 27, 24, 28, 29, 25, 26, 27, 29, 30, 31, 0, 34, 35, 36, 37, 38, 40, 41, 42, 46, 47, 48, 50, 51, 52, 55, 56, 57, 28, 0, 0, 0, 0, 0, 9, 0, 9, 0, 15, 0, 15, 0, 28, 0, 0, 0, 1, 0, 1, 0, 2, 0, 2, 0, 0, 0, 3, 0, 4, 0, 4, 0, 5, 0, 5, 0, 3, 0, 6, 0, 7, 0, 7, 0, 8, 0, 8, 0, 6, 0, 6, 0, 9, 0, 9, 0, 10, 0, 10, 0, 6, 0, 11, 0, 12, 0, 12, 0, 13, 0, 13, 0, 11, 0, 11, 0, 14, 0, 14, 0, 12, 0, 15, 0, 8, 0, 8, 0, 16, 0, 16, 0, 15, 0, 6, 0, 15, 0, 17, 0, 4, 0, 4, 0, 13, 0, 13, 0, 17, 0, 12, 0, 17, 0, 18, 0, 2, 0, 1, 0, 18, 0, 19, 0, 5, 0, 4, 0, 19, 0, 17, 0, 19, 0, 17, 0, 20, 0, 20, 0, 19, 0, 21, 0, 12, 0, 14, 0, 21, 0, 22, 0, 14, 0, 11, 0, 22, 0, 11, 0, 10, 0, 10, 0, 22, 0, 9, 0, 22, 0, 0, 0, 22, 0, 23, 0, 24, 0, 24, 0, 20, 0, 20, 0, 23, 0, 20, 0, 18, 0, 18, 0, 23, 0, 1, 0, 23, 0, 23, 0, 25, 0, 25, 0, 24, 0, 26, 0, 5, 0, 19, 0, 26, 0, 20, 0, 26, 0, 24, 0, 26, 0, 25, 0, 26, 0, 27, 0, 25, 0, 25, 0, 8, 0, 8, 0, 27, 0, 7, 0, 27, 0, 7, 0, 5, 0, 5, 0, 27, 0, 26, 0, 27, 0, 16, 0, 28, 0, 28, 0, 1, 0, 29, 0, 7, 0, 6, 0, 29, 0, 10, 0, 3, 0, 3, 0, 29, 0, 5, 0, 29, 0, 30, 0, 2, 0, 18, 0, 30, 0, 20, 0, 30, 0, 17, 0, 30, 0, 12, 0, 30, 0, 21, 0, 30, 0, 21, 0, 2, 0, 31, 0, 3, 0, 11, 0, 31, 0, 13, 0, 31, 0, 4, 0, 31, 0, 32, 0, 14, 0, 22, 0, 32, 0, 0, 0, 32, 0, 2, 0, 32, 0, 21, 0, 32, 0, 33, 0, 1, 0, 28, 0, 33, 0, 16, 0, 33, 0, 8, 0, 33, 0, 25, 0, 33, 0, 23, 0, 33, 0, 0, 0, 0, 0, 112, 18, 3, 188, 73, 68, 147, 188, 188, 116, 147, 188, 172, 250, 92, 61, 73, 68, 147, 60, 188, 116, 147, 60, 40, 234, 61, 56, 44, 45, 210, 49, 49, 130, 9, 46, 30, 210, 83, 173, 49, 130, 9, 46, 77, 105, 31, 51, 7, 178, 63, 172, 30, 210, 83, 173, 7, 178, 63, 172, 67, 27, 30, 51, 150, 171, 186, 60, 112, 82, 166, 183, 48, 133, 255, 55, 0, 0, 128, 63, 73, 67, 69, 1, 83, 85, 80, 77, 0, 0, 0, 0, 73, 67, 69, 1, 71, 65, 85, 83, 0, 0, 0, 0, 16, 0, 0, 0, 0, 6, 0, 0, 26, 26, 26, 26, 26, 24, 24, 24, 24, 24, 24, 23, 23, 23, 23, 23, 26, 26, 26, 26, 26, 24, 24, 24, 24, 24, 24, 23, 23, 23, 23, 23, 26, 26, 26, 26, 26, 24, 24, 24, 24, 24, 24, 23, 23, 23, 23, 23, 26, 26, 26, 26, 26, 24, 24, 24, 24, 24, 24, 23, 23, 23, 23, 23, 26, 26, 26, 26, 26, 26, 24, 24, 24, 24, 23, 23, 23, 23, 23, 23, 26, 26, 26, 26, 26, 26, 24, 24, 24, 24, 23, 23, 23, 23, 23, 23, 26, 26, 26, 26, 26, 26, 24, 24, 24, 24, 23, 23, 23, 23, 23, 23, 26, 26, 26, 26, 26, 26, 24, 24, 24, 24, 23, 23, 23, 23, 23, 23, 19, 19, 19, 19, 19, 20, 20, 20, 20, 20, 20, 18, 18, 18, 18, 18, 19, 19, 19, 19, 19, 20, 20, 20, 20, 20, 20, 18, 18, 18, 18, 18, 19, 19, 19, 19, 19, 20, 20, 20, 20, 20, 20, 18, 18, 18, 18, 18, 19, 19, 19, 19, 19, 20, 20, 20, 20, 20, 20, 18, 18, 18, 18, 18, 19, 19, 19, 19, 19, 20, 20, 20, 20, 20, 20, 18, 18, 18, 18, 18, 19, 19, 19, 19, 19, 20, 20, 20, 20, 20, 20, 18, 18, 18, 18, 18, 19, 19, 19, 19, 19, 20, 20, 20, 20, 20, 20, 18, 18, 18, 18, 18, 19, 19, 19, 19, 19, 20, 20, 20, 20, 20, 20, 18, 18, 18, 18, 18, 6, 6, 6, 6, 6, 6, 6, 6, 15, 15, 15, 15, 15, 15, 15, 15, 6, 6, 6, 6, 6, 6, 6, 6, 15, 15, 15, 15, 15, 15, 15, 9, 10, 10, 10, 6, 6, 6, 6, 6, 15, 15, 9, 9, 9, 9, 9, 9, 10, 10, 10, 10, 10, 10, 10, 10, 9, 9, 9, 9, 9, 9, 9, 9, 10, 10, 10, 10, 10, 10, 10, 10, 9, 9, 9, 9, 9, 9, 9, 9, 10, 10, 10, 10, 10, 10, 10, 10, 9, 9, 9, 9, 9, 9, 9, 9, 10, 10, 10, 10, 10, 10, 10, 10, 9, 9, 9, 9, 9, 9, 9, 9, 10, 10, 10, 10, 10, 10, 10, 10, 9, 9, 9, 9, 9, 9, 9, 9, 10, 10, 10, 10, 10, 10, 10, 10, 9, 9, 9, 9, 9, 9, 9, 9, 10, 10, 10, 10, 10, 10, 10, 10, 9, 9, 9, 9, 9, 9, 9, 9, 10, 10, 10, 10, 10, 10, 10, 10, 22, 22, 22, 22, 22, 22, 9, 9, 10, 10, 10, 10, 10, 10, 10, 10, 22, 22, 22, 22, 22, 22, 22, 22, 10, 10, 10, 10, 10, 10, 10, 10, 22, 22, 22, 22, 22, 22, 22, 22, 10, 10, 10, 11, 11, 11, 11, 11, 22, 22, 22, 22, 22, 22, 22, 22, 11, 11, 11, 11, 11, 11, 11, 11, 22, 22, 22, 22, 22, 22, 22, 22, 11, 11, 11, 11, 11, 11, 11, 11, 22, 22, 22, 22, 22, 22, 22, 22, 11, 11, 11, 11, 11, 11, 11, 13, 4, 4, 4, 4, 4, 19, 19, 19, 11, 11, 11, 11, 11, 11, 11, 13, 4, 4, 4, 4, 19, 19, 19, 19, 11, 11, 11, 11, 11, 11, 11, 13, 4, 4, 4, 4, 19, 19, 19, 19, 11, 11, 11, 11, 11, 11, 13, 13, 4, 4, 4, 19, 19, 19, 19, 19, 11, 11, 11, 11, 11, 11, 13, 13, 17, 4, 4, 19, 19, 19, 19, 19, 11, 11, 11, 11, 11, 11, 13, 12, 17, 4, 19, 19, 19, 19, 19, 20, 11, 11, 11, 11, 11, 12, 12, 12, 17, 17, 19, 19, 20, 20, 20, 20, 11, 11, 11, 11, 12, 12, 12, 12, 17, 17, 20, 20, 20, 20, 20, 20, 22, 22, 22, 14, 12, 12, 12, 12, 30, 30, 20, 20, 20, 20, 20, 20, 22, 22, 22, 14, 14, 12, 12, 12, 30, 30, 18, 18, 20, 20, 20, 20, 22, 22, 22, 22, 14, 14, 21, 21, 30, 30, 18, 18, 18, 18, 18, 20, 22, 22, 22, 22, 14, 14, 21, 21, 30, 2, 2, 18, 18, 18, 18, 18, 22, 22, 22, 22, 14, 14, 21, 21, 2, 2, 2, 18, 18, 18, 18, 18, 22, 22, 22, 22, 14, 14, 14, 21, 2, 2, 2, 2, 18, 18, 18, 18, 22, 22, 22, 22, 22, 14, 14, 21, 2, 2, 2, 2, 18, 18, 18, 18, 22, 22, 22, 22, 22, 14, 14, 14, 2, 2, 2, 2, 2, 18, 18, 18, 6, 6, 6, 6, 6, 6, 6, 7, 5, 5, 5, 5, 5, 5, 26, 26, 6, 6, 6, 6, 6, 6, 6, 7, 5, 5, 5, 5, 5, 26, 26, 26, 6, 6, 6, 6, 6, 6, 6, 7, 27, 5, 5, 5, 26, 26, 26, 26, 6, 6, 6, 6, 6, 6, 7, 7, 27, 5, 5, 5, 26, 26, 26, 26, 6, 6, 6, 6, 6, 6, 7, 7, 27, 5, 5, 26, 26, 26, 26, 26, 6, 6, 6, 6, 6, 6, 8, 8, 27, 27, 26, 26, 26, 26, 26, 24, 6, 6, 6, 6, 6, 8, 8, 8, 27, 27, 26, 24, 24, 24, 24, 24, 6, 6, 6, 6, 8, 8, 8, 8, 25, 25, 24, 24, 24, 24, 24, 24, 15, 15, 15, 15, 8, 8, 8, 8, 25, 25, 24, 24, 24, 24, 24, 24, 15, 15, 15, 15, 15, 8, 8, 8, 25, 25, 23, 24, 24, 24, 24, 24, 15, 15, 15, 15, 15, 15, 16, 16, 33, 33, 23, 23, 23, 23, 23, 24, 15, 15, 15, 15, 15, 15, 16, 16, 33, 1, 1, 23, 23, 23, 23, 23, 15, 15, 15, 15, 15, 15, 16, 16, 33, 1, 1, 1, 23, 23, 23, 23, 15, 15, 15, 15, 15, 15, 15, 16, 33, 1, 1, 1, 23, 23, 23, 23, 15, 15, 15, 15, 15, 15, 15, 16, 33, 1, 1, 1, 1, 23, 23, 23, 15, 15, 15, 15, 15, 15, 15, 16, 33, 1, 1, 1, 1, 1, 23, 23, 15, 9, 9, 9, 9, 9, 9, 9, 9, 9, 9, 22, 22, 22, 22, 22, 15, 15, 9, 9, 9, 9, 9, 9, 9, 9, 22, 22, 22, 22, 22, 22, 15, 15, 15, 9, 9, 9, 9, 9, 9, 9, 22, 22, 22, 22, 22, 22, 15, 15, 15, 9, 9, 9, 9, 9, 9, 9, 22, 22, 22, 22, 22, 22, 15, 15, 15, 15, 9, 9, 9, 9, 9, 9, 22, 22, 22, 22, 22, 22, 15, 15, 15, 15, 15, 9, 9, 9, 9, 22, 22, 22, 22, 22, 14, 14, 15, 15, 15, 15, 15, 9, 9, 9, 9, 22, 22, 22, 22, 14, 14, 14, 16, 15, 15, 15, 15, 15, 9, 9, 9, 22, 22, 22, 14, 14, 14, 14, 33, 28, 28, 28, 28, 28, 0, 0, 0, 32, 32, 32, 32, 2, 2, 2, 1, 1, 1, 1, 1, 1, 0, 0, 0, 32, 2, 2, 2, 2, 2, 2, 1, 1, 1, 1, 1, 1, 1, 1, 2, 2, 2, 2, 2, 2, 2, 2, 1, 1, 1, 1, 1, 1, 1, 1, 2, 2, 2, 2, 2, 2, 2, 2, 1, 1, 1, 1, 1, 1, 1, 1, 18, 18, 2, 2, 2, 2, 2, 2, 1, 1, 1, 1, 1, 1, 1, 1, 18, 18, 18, 18, 18, 18, 18, 18, 23, 23, 23, 23, 23, 23, 23, 23, 18, 18, 18, 18, 18, 18, 18, 18, 23, 23, 23, 23, 23, 23, 23, 23, 18, 18, 18, 18, 18, 18, 18, 18, 6, 6, 10, 10, 10, 10, 10, 10, 10, 10, 10, 10, 10, 10, 11, 11, 6, 6, 6, 10, 10, 10, 10, 10, 10, 10, 10, 10, 10, 11, 11, 11, 6, 6, 6, 10, 10, 10, 10, 10, 10, 10, 10, 10, 10, 11, 11, 11, 6, 6, 6, 6, 10, 10, 10, 10, 10, 10, 10, 10, 11, 11, 11, 11, 6, 6, 6, 6, 10, 10, 10, 10, 10, 10, 10, 10, 11, 11, 11, 11, 6, 6, 6, 6, 6, 10, 10, 10, 10, 10, 10, 11, 11, 11, 11, 11, 6, 6, 6, 6, 6, 6, 10, 10, 10, 10, 11, 11, 11, 11, 11, 11, 7, 7, 6, 6, 6, 6, 10, 10, 10, 10, 11, 11, 11, 11, 11, 13, 5, 29, 29, 29, 29, 29, 3, 3, 3, 31, 31, 31, 31, 4, 4, 4, 5, 5, 5, 5, 5, 5, 3, 3, 3, 31, 4, 4, 4, 4, 4, 4, 5, 5, 5, 5, 5, 5, 5, 5, 4, 4, 4, 4, 4, 4, 4, 4, 5, 5, 5, 5, 5, 5, 5, 5, 4, 4, 4, 4, 4, 4, 4, 4, 5, 5, 5, 5, 5, 5, 5, 5, 19, 19, 4, 4, 4, 4, 4, 4, 5, 5, 5, 5, 5, 5, 5, 5, 19, 19, 19, 19, 19, 19, 19, 19, 26, 26, 26, 26, 26, 26, 26, 26, 19, 19, 19, 19, 19, 19, 19, 19, 26, 26, 26, 26, 26, 26, 26, 26, 19, 19, 19, 19, 19, 19, 19, 19, 22, 22, 22, 22, 22, 22, 22, 22, 11, 11, 11, 11, 11, 11, 11, 11, 22, 22, 22, 22, 22, 22, 22, 22, 11, 11, 11, 11, 11, 11, 11, 11, 22, 22, 22, 22, 22, 22, 22, 22, 11, 11, 11, 11, 11, 10, 10, 10, 22, 22, 22, 22, 22, 22, 22, 22, 10, 10, 10, 10, 10, 10, 10, 10, 22, 22, 22, 22, 22, 22, 22, 22, 10, 10, 10, 10, 10, 10, 10, 10, 9, 9, 22, 22, 22, 22, 22, 22, 10, 10, 10, 10, 10, 10, 10, 10, 9, 9, 9, 9, 9, 9, 9, 9, 10, 10, 10, 10, 10, 10, 10, 10, 9, 9, 9, 9, 9, 9, 9, 9, 10, 10, 10, 10, 10, 10, 10, 10, 9, 9, 9, 9, 9, 9, 9, 9, 10, 10, 10, 10, 10, 10, 10, 10, 9, 9, 9, 9, 9, 9, 9, 9, 10, 10, 10, 10, 10, 10, 10, 10, 9, 9, 9, 9, 9, 9, 9, 9, 10, 10, 10, 10, 10, 10, 10, 10, 9, 9, 9, 9, 9, 9, 9, 9, 10, 10, 10, 10, 10, 10, 10, 10, 9, 9, 9, 9, 9, 9, 9, 9, 10, 10, 10, 10, 10, 10, 10, 10, 9, 9, 9, 9, 9, 9, 15, 15, 6, 6, 6, 6, 6, 10, 10, 10, 9, 15, 15, 15, 15, 15, 15, 15, 6, 6, 6, 6, 6, 6, 6, 6, 15, 15, 15, 15, 15, 15, 15, 15, 6, 6, 6, 6, 6, 6, 6, 6, 18, 18, 18, 18, 18, 20, 20, 20, 20, 20, 20, 19, 19, 19, 19, 19, 18, 18, 18, 18, 18, 20, 20, 20, 20, 20, 20, 19, 19, 19, 19, 19, 18, 18, 18, 18, 18, 20, 20, 20, 20, 20, 20, 19, 19, 19, 19, 19, 18, 18, 18, 18, 18, 20, 20, 20, 20, 20, 20, 19, 19, 19, 19, 19, 18, 18, 18, 18, 18, 20, 20, 20, 20, 20, 20, 19, 19, 19, 19, 19, 18, 18, 18, 18, 18, 20, 20, 20, 20, 20, 20, 19, 19, 19, 19, 19, 18, 18, 18, 18, 18, 20, 20, 20, 20, 20, 20, 19, 19, 19, 19, 19, 18, 18, 18, 18, 18, 20, 20, 20, 20, 20, 20, 19, 19, 19, 19, 19, 23, 23, 23, 23, 23, 23, 24, 24, 24, 24, 26, 26, 26, 26, 26, 26, 23, 23, 23, 23, 23, 23, 24, 24, 24, 24, 26, 26, 26, 26, 26, 26, 23, 23, 23, 23, 23, 23, 24, 24, 24, 24, 26, 26, 26, 26, 26, 26, 23, 23, 23, 23, 23, 23, 24, 24, 24, 24, 26, 26, 26, 26, 26, 26, 23, 23, 23, 23, 23, 24, 24, 24, 24, 24, 24, 26, 26, 26, 26, 26, 23, 23, 23, 23, 23, 24, 24, 24, 24, 24, 24, 26, 26, 26, 26, 26, 23, 23, 23, 23, 23, 24, 24, 24, 24, 24, 24, 26, 26, 26, 26, 26, 23, 23, 23, 23, 23, 24, 24, 24, 24, 24, 24, 26, 26, 26, 26, 26, 23, 23, 1, 1, 1, 1, 1, 33, 16, 15, 15, 15, 15, 15, 15, 15, 23, 23, 23, 1, 1, 1, 1, 33, 16, 15, 15, 15, 15, 15, 15, 15, 23, 23, 23, 23, 1, 1, 1, 33, 16, 15, 15, 15, 15, 15, 15, 15, 23, 23, 23, 23, 1, 1, 1, 33, 16, 16, 15, 15, 15, 15, 15, 15, 23, 23, 23, 23, 23, 1, 1, 33, 16, 16, 15, 15, 15, 15, 15, 15, 24, 23, 23, 23, 23, 23, 33, 33, 16, 16, 15, 15, 15, 15, 15, 15, 24, 24, 24, 24, 24, 23, 25, 25, 8, 8, 8, 15, 15, 15, 15, 15, 24, 24, 24, 24, 24, 24, 25, 25, 8, 8, 8, 8, 15, 15, 15, 15, 24, 24, 24, 24, 24, 24, 25, 25, 8, 8, 8, 8, 6, 6, 6, 6, 24, 24, 24, 24, 24, 26, 27, 27, 8, 8, 8, 6, 6, 6, 6, 6, 24, 26, 26, 26, 26, 26, 27, 27, 8, 8, 6, 6, 6, 6, 6, 6, 26, 26, 26, 26, 26, 5, 5, 27, 7, 7, 6, 6, 6, 6, 6, 6, 26, 26, 26, 26, 5, 5, 5, 27, 7, 7, 6, 6, 6, 6, 6, 6, 26, 26, 26, 26, 5, 5, 5, 27, 7, 6, 6, 6, 6, 6, 6, 6, 26, 26, 26, 5, 5, 5, 5, 5, 7, 6, 6, 6, 6, 6, 6, 6, 26, 26, 5, 5, 5, 5, 5, 5, 7, 6, 6, 6, 6, 6, 6, 6, 18, 18, 18, 2, 2, 2, 2, 2, 14, 14, 14, 22, 22, 22, 22, 22, 18, 18, 18, 18, 2, 2, 2, 2, 21, 14, 14, 22, 22, 22, 22, 22, 18, 18, 18, 18, 2, 2, 2, 2, 21, 14, 14, 14, 22, 22, 22, 22, 18, 18, 18, 18, 18, 2, 2, 2, 21, 21, 14, 14, 22, 22, 22, 22, 18, 18, 18, 18, 18, 2, 2, 30, 21, 21, 14, 14, 22, 22, 22, 22, 20, 18, 18, 18, 18, 18, 30, 30, 21, 21, 14, 14, 22, 22, 22, 22, 20, 20, 20, 20, 18, 18, 30, 30, 12, 12, 12, 14, 14, 22, 22, 22, 20, 20, 20, 20, 20, 20, 30, 30, 12, 12, 12, 12, 14, 22, 22, 22, 20, 20, 20, 20, 20, 20, 17, 17, 12, 12, 12, 12, 11, 11, 11, 11, 20, 20, 20, 20, 19, 19, 17, 17, 12, 12, 12, 11, 11, 11, 11, 11, 20, 19, 19, 19, 19, 19, 4, 17, 12, 13, 11, 11, 11, 11, 11, 11, 19, 19, 19, 19, 19, 4, 4, 17, 13, 13, 11, 11, 11, 11, 11, 11, 19, 19, 19, 19, 19, 4, 4, 4, 13, 13, 11, 11, 11, 11, 11, 11, 19, 19, 19, 19, 4, 4, 4, 4, 13, 11, 11, 11, 11, 11, 11, 11, 19, 19, 19, 19, 4, 4, 4, 4, 13, 11, 11, 11, 11, 11, 11, 11, 19, 19, 19, 4, 4, 4, 4, 4, 13, 11, 11, 11, 11, 11, 11, 11, 19, 19, 19, 19, 19, 19, 19, 19, 26, 26, 26, 26, 26, 26, 26, 26, 19, 19, 19, 19, 19, 19, 19, 19, 26, 26, 26, 26, 26, 26, 26, 26, 19, 19, 19, 19, 19, 19, 19, 19, 5, 5, 5, 5, 5, 5, 5, 5, 4, 4, 4, 4, 4, 4, 19, 19, 5, 5, 5, 5, 5, 5, 5, 5, 4, 4, 4, 4, 4, 4, 4, 4, 5, 5, 5, 5, 5, 5, 5, 5, 4, 4, 4, 4, 4, 4, 4, 4, 5, 5, 5, 5, 5, 5, 5, 5, 4, 4, 4, 4, 4, 4, 31, 3, 3, 3, 5, 5, 5, 5, 5, 5, 4, 4, 4, 31, 31, 31, 31, 3, 3, 3, 29, 29, 29, 29, 29, 5, 13, 11, 11, 11, 11, 11, 10, 10, 10, 10, 6, 6, 6, 6, 7, 7, 11, 11, 11, 11, 11, 11, 10, 10, 10, 10, 6, 6, 6, 6, 6, 6, 11, 11, 11, 11, 11, 10, 10, 10, 10, 10, 10, 6, 6, 6, 6, 6, 11, 11, 11, 11, 10, 10, 10, 10, 10, 10, 10, 10, 6, 6, 6, 6, 11, 11, 11, 11, 10, 10, 10, 10, 10, 10, 10, 10, 6, 6, 6, 6, 11, 11, 11, 10, 10, 10, 10, 10, 10, 10, 10, 10, 10, 6, 6, 6, 11, 11, 11, 10, 10, 10, 10, 10, 10, 10, 10, 10, 10, 6, 6, 6, 11, 11, 10, 10, 10, 10, 10, 10, 10, 10, 10, 10, 10, 10, 6, 6, 18, 18, 18, 18, 18, 18, 18, 18, 23, 23, 23, 23, 23, 23, 23, 23, 18, 18, 18, 18, 18, 18, 18, 18, 23, 23, 23, 23, 23, 23, 23, 23, 18, 18, 18, 18, 18, 18, 18, 18, 1, 1, 1, 1, 1, 1, 1, 1, 2, 2, 2, 2, 2, 2, 18, 18, 1, 1, 1, 1, 1, 1, 1, 1, 2, 2, 2, 2, 2, 2, 2, 2, 1, 1, 1, 1, 1, 1, 1, 1, 2, 2, 2, 2, 2, 2, 2, 2, 1, 1, 1, 1, 1, 1, 1, 1, 2, 2, 2, 2, 2, 2, 32, 0, 0, 0, 1, 1, 1, 1, 1, 1, 2, 2, 2, 32, 32, 32, 32, 0, 0, 0, 28, 28, 28, 28, 28, 33, 14, 14, 14, 14, 22, 22, 22, 9, 9, 9, 15, 15, 15, 15, 15, 16, 14, 14, 14, 22, 22, 22, 22, 9, 9, 9, 9, 15, 15, 15, 15, 15, 14, 14, 22, 22, 22, 22, 22, 9, 9, 9, 9, 15, 15, 15, 15, 15, 22, 22, 22, 22, 22, 22, 9, 9, 9, 9, 9, 9, 15, 15, 15, 15, 22, 22, 22, 22, 22, 22, 9, 9, 9, 9, 9, 9, 9, 15, 15, 15, 22, 22, 22, 22, 22, 22, 9, 9, 9, 9, 9, 9, 9, 15, 15, 15, 22, 22, 22, 22, 22, 22, 9, 9, 9, 9, 9, 9, 9, 9, 15, 15, 22, 22, 22, 22, 22, 9, 9, 9, 9, 9, 9, 9, 9, 9, 9, 15, 73, 67, 69, 1, 86, 65, 76, 69, 2, 0, 0, 0, 34, 0, 0, 0, 186, 0, 0, 0, 7, 0, 0, 0, 6, 6, 6, 5, 6, 7, 6, 5, 7, 5, 5, 6, 6, 5, 5, 5, 4, 6, 5, 5, 7, 5, 6, 6, 4, 6, 6, 5, 5, 4, 6, 4, 5, 6, 9, 22, 32, 2, 1, 28, 2, 18, 23, 33, 28, 0, 0, 32, 21, 30, 18, 1, 4, 31, 10, 29, 5, 5, 19, 17, 13, 31, 3, 3, 29, 7, 27, 26, 19, 4, 7, 29, 10, 9, 15, 8, 8, 27, 5, 29, 6, 6, 15, 16, 33, 25, 27, 7, 15, 6, 10, 22, 0, 6, 3, 11, 22, 9, 12, 14, 22, 10, 31, 13, 13, 17, 30, 21, 14, 11, 11, 31, 4, 17, 12, 12, 21, 32, 22, 11, 28, 16, 8, 6, 9, 15, 28, 33, 8, 4, 19, 20, 30, 12, 13, 2, 30, 20, 23, 1, 5, 26, 20, 17, 4, 19, 26, 24, 23, 18, 30, 17, 12, 30, 2, 32, 14, 14, 32, 0, 9, 10, 11, 24, 25, 33, 1, 18, 20, 20, 26, 25, 23, 24, 26, 27, 8, 33, 23, 5, 27, 25, 24, 20, 19, 25, 26, 5, 7, 8, 0, 1, 33, 16, 15, 7, 5, 3, 6, 2, 21, 12, 17, 20, 18, 3, 4, 13, 11, 14, 21, 2, 0, 22, 1, 23, 25, 8, 16, 28, 0, 0, 128, 191, 51, 118, 139, 60, 244, 217, 170, 60, 90, 9, 33, 60, 90, 9, 33, 60]
            }
        }

        over "Link8_cover"
        {
            over "collisions" (
                prepend apiSchemas = ["PhysxCookedDataAPI:convexHull"]
            )
            {
                uchar[] physxCookedData:convexHull:buffer = [9, 197, 231, 46, 120, 134, 62, 217, 210, 67, 75, 105, 205, 123, 86, 214, 104, 78, 88, 83, 1, 67, 86, 88, 77, 14, 0, 0, 0, 0, 0, 0, 0, 73, 67, 69, 1, 67, 76, 72, 76, 9, 0, 0, 0, 34, 0, 0, 0, 85, 128, 0, 0, 53, 0, 0, 0, 170, 0, 0, 0, 3, 120, 11, 61, 43, 166, 121, 188, 90, 245, 57, 188, 202, 236, 184, 60, 182, 240, 13, 187, 41, 162, 154, 188, 3, 120, 11, 61, 43, 166, 121, 60, 90, 245, 57, 188, 3, 120, 11, 61, 43, 166, 121, 188, 90, 245, 57, 60, 3, 120, 11, 61, 43, 166, 121, 60, 90, 245, 57, 60, 166, 85, 185, 60, 182, 240, 13, 59, 41, 162, 154, 60, 254, 42, 58, 187, 152, 15, 245, 187, 93, 21, 143, 188, 15, 159, 148, 60, 163, 149, 155, 188, 235, 58, 14, 58, 16, 58, 15, 187, 44, 44, 252, 187, 29, 79, 142, 60, 16, 58, 15, 187, 44, 44, 252, 59, 29, 79, 142, 60, 15, 159, 148, 60, 163, 149, 155, 60, 235, 58, 14, 186, 148, 95, 58, 187, 154, 5, 245, 59, 110, 22, 143, 188, 112, 178, 130, 60, 4, 169, 137, 188, 140, 69, 17, 188, 112, 178, 130, 60, 4, 169, 137, 60, 140, 69, 17, 60, 3, 120, 11, 61, 80, 16, 154, 60, 74, 53, 49, 59, 209, 166, 124, 60, 253, 73, 133, 60, 161, 192, 32, 188, 209, 166, 124, 60, 253, 73, 133, 188, 161, 192, 32, 60, 3, 120, 11, 61, 211, 136, 150, 188, 57, 70, 158, 59, 247, 47, 196, 60, 65, 91, 242, 59, 253, 94, 143, 188, 209, 152, 196, 60, 65, 91, 242, 187, 253, 94, 143, 60, 3, 120, 11, 61, 67, 140, 152, 188, 28, 72, 119, 187, 163, 149, 2, 188, 12, 180, 52, 58, 168, 139, 155, 60, 111, 18, 3, 188, 6, 147, 95, 164, 227, 165, 155, 188, 217, 196, 215, 187, 141, 223, 148, 187, 250, 33, 151, 188, 181, 198, 215, 187, 219, 220, 148, 187, 36, 34, 151, 60, 181, 198, 215, 187, 219, 220, 148, 59, 36, 34, 151, 188, 54, 179, 205, 187, 144, 128, 162, 59, 175, 64, 150, 60, 3, 120, 11, 61, 67, 140, 152, 60, 28, 72, 119, 187, 77, 7, 204, 60, 18, 19, 25, 188, 167, 135, 135, 188, 41, 112, 204, 60, 18, 19, 25, 60, 167, 135, 135, 60, 89, 80, 81, 60, 130, 61, 95, 188, 49, 244, 88, 188, 89, 80, 81, 60, 130, 61, 95, 60, 49, 244, 88, 60, 53, 60, 61, 60, 95, 41, 75, 60, 128, 220, 107, 188, 107, 144, 68, 60, 148, 125, 82, 188, 54, 88, 101, 60, 0, 0, 128, 63, 0, 0, 0, 0, 0, 0, 0, 0, 3, 120, 11, 189, 0, 0, 8, 22, 209, 99, 12, 63, 0, 0, 0, 0, 88, 18, 86, 191, 62, 184, 230, 188, 8, 0, 3, 21, 147, 209, 12, 63, 0, 0, 0, 0, 53, 202, 85, 63, 160, 21, 231, 188, 11, 0, 3, 22, 91, 134, 247, 190, 253, 23, 96, 191, 131, 130, 110, 59, 215, 183, 0, 188, 14, 0, 3, 14, 252, 113, 247, 190, 158, 29, 96, 63, 234, 42, 111, 59, 234, 185, 0, 188, 17, 0, 3, 20, 53, 61, 203, 190, 30, 249, 104, 191, 16, 92, 244, 189, 213, 32, 36, 188, 20, 0, 3, 14, 24, 59, 205, 190, 21, 148, 104, 63, 210, 197, 241, 61, 226, 128, 34, 188, 23, 0, 3, 20, 141, 149, 226, 60, 9, 138, 108, 63, 161, 75, 195, 62, 50, 132, 158, 188, 26, 0, 3, 12, 20, 120, 8, 189, 154, 163, 121, 63, 70, 69, 96, 62, 35, 203, 145, 188, 29, 0, 3, 20, 24, 59, 191, 190, 10, 249, 105, 63, 89, 128, 34, 190, 63, 201, 46, 188, 32, 0, 3, 17, 120, 108, 19, 189, 148, 48, 118, 191, 40, 42, 139, 62, 51, 123, 145, 188, 35, 0, 3, 27, 43, 238, 103, 60, 218, 164, 102, 191, 17, 12, 222, 62, 194, 187, 156, 188, 38, 0, 3, 15, 82, 6, 193, 190, 93, 170, 105, 191, 71, 22, 33, 62, 223, 91, 45, 188, 41, 0, 3, 27, 168, 186, 249, 62, 98, 215, 97, 61, 136, 9, 95, 191, 40, 241, 223, 188, 44, 0, 3, 21, 111, 204, 250, 62, 70, 240, 95, 189, 154, 190, 94, 63, 64, 92, 224, 188, 47, 0, 3, 22, 187, 39, 254, 60, 188, 197, 127, 191, 221, 209, 233, 60, 27, 47, 160, 188, 50, 0, 3, 10, 14, 126, 21, 189, 215, 166, 121, 191, 117, 134, 95, 190, 247, 84, 145, 188, 53, 0, 3, 14, 252, 31, 189, 60, 112, 174, 105, 191, 214, 191, 208, 190, 106, 74, 158, 188, 56, 0, 3, 13, 174, 24, 118, 191, 128, 0, 141, 190, 35, 109, 188, 59, 49, 108, 248, 187, 59, 0, 4, 14, 50, 73, 25, 191, 3, 9, 77, 191, 189, 167, 98, 54, 19, 110, 248, 187, 63, 0, 4, 14, 255, 93, 126, 186, 80, 40, 166, 190, 240, 36, 114, 63, 80, 21, 155, 188, 67, 0, 3, 18, 154, 38, 31, 60, 55, 131, 1, 190, 153, 238, 125, 63, 202, 240, 152, 188, 70, 0, 4, 25, 241, 25, 151, 187, 92, 140, 249, 189, 245, 22, 126, 191, 234, 201, 154, 188, 74, 0, 3, 5, 205, 78, 136, 185, 203, 166, 162, 62, 33, 189, 114, 191, 29, 36, 155, 188, 77, 0, 3, 19, 108, 193, 91, 60, 120, 218, 7, 62, 189, 182, 125, 191, 5, 97, 153, 188, 80, 0, 4, 24, 189, 95, 116, 191, 83, 134, 152, 62, 172, 162, 152, 187, 152, 35, 253, 187, 84, 0, 3, 20, 44, 22, 14, 191, 236, 241, 84, 63, 238, 245, 172, 59, 97, 131, 252, 187, 87, 0, 3, 20, 86, 215, 29, 191, 16, 140, 73, 63, 35, 6, 118, 187, 50, 130, 252, 187, 90, 0, 3, 20, 86, 238, 109, 191, 12, 239, 188, 62, 247, 124, 107, 59, 89, 78, 253, 187, 93, 0, 3, 20, 252, 246, 113, 187, 65, 171, 26, 62, 168, 15, 125, 63, 153, 218, 154, 188, 96, 0, 3, 1, 151, 241, 138, 60, 199, 181, 105, 63, 101, 198, 208, 190, 196, 153, 156, 188, 99, 0, 3, 16, 64, 8, 7, 189, 238, 39, 118, 63, 130, 153, 139, 190, 3, 234, 145, 188, 102, 0, 3, 17, 33, 72, 143, 60, 64, 219, 127, 63, 169, 228, 233, 188, 63, 57, 158, 188, 105, 0, 3, 7, 200, 121, 51, 60, 243, 105, 156, 190, 209, 190, 115, 191, 93, 173, 154, 188, 108, 0, 4, 26, 251, 200, 208, 62, 98, 113, 35, 190, 42, 38, 102, 191, 128, 66, 217, 188, 112, 0, 3, 21, 14, 175, 72, 60, 90, 27, 158, 62, 215, 119, 115, 63, 18, 208, 154, 188, 115, 0, 4, 23, 175, 6, 210, 62, 76, 85, 34, 62, 111, 234, 101, 63, 67, 183, 217, 188, 119, 0, 3, 22, 170, 194, 30, 188, 203, 243, 79, 191, 173, 72, 21, 191, 233, 233, 152, 188, 122, 0, 3, 4, 105, 80, 87, 190, 118, 115, 91, 191, 223, 169, 240, 190, 178, 85, 121, 188, 125, 0, 3, 4, 158, 213, 78, 188, 156, 130, 22, 191, 94, 14, 79, 191, 141, 10, 152, 188, 128, 0, 3, 29, 192, 79, 157, 60, 84, 226, 36, 191, 150, 196, 67, 191, 46, 219, 156, 188, 131, 0, 3, 31, 170, 194, 30, 188, 203, 243, 79, 63, 173, 72, 21, 63, 233, 233, 152, 188, 134, 0, 3, 0, 5, 250, 86, 190, 25, 113, 91, 63, 211, 197, 240, 62, 36, 113, 121, 188, 137, 0, 3, 0, 133, 233, 55, 188, 3, 36, 23, 63, 5, 154, 78, 63, 28, 69, 152, 188, 140, 0, 3, 28, 171, 45, 157, 60, 105, 233, 36, 63, 164, 190, 67, 63, 80, 219, 156, 188, 143, 0, 3, 30, 3, 40, 37, 190, 128, 38, 81, 63, 212, 186, 13, 191, 72, 5, 133, 188, 146, 0, 3, 3, 123, 210, 39, 188, 9, 174, 68, 63, 25, 217, 35, 191, 127, 141, 152, 188, 149, 0, 3, 3, 233, 246, 15, 61, 211, 162, 22, 63, 77, 203, 78, 191, 115, 92, 158, 188, 152, 0, 3, 8, 142, 246, 4, 58, 2, 58, 7, 63, 189, 94, 89, 191, 79, 215, 153, 188, 155, 0, 3, 8, 21, 106, 49, 190, 234, 189, 83, 191, 107, 223, 8, 63, 45, 85, 131, 188, 158, 0, 3, 2, 39, 247, 15, 188, 38, 18, 71, 191, 170, 240, 32, 63, 142, 17, 153, 188, 161, 0, 3, 2, 103, 121, 6, 61, 24, 43, 23, 191, 43, 110, 78, 63, 158, 215, 157, 188, 164, 0, 3, 11, 89, 122, 7, 59, 46, 58, 11, 191, 55, 212, 86, 63, 244, 171, 153, 188, 167, 0, 3, 32, 27, 14, 4, 3, 17, 20, 0, 2, 0, 1, 2, 3, 4, 5, 6, 7, 8, 9, 10, 11, 12, 7, 6, 13, 10, 9, 13, 4, 14, 13, 14, 10, 15, 11, 10, 16, 7, 17, 16, 17, 3, 16, 8, 7, 18, 2, 1, 19, 3, 5, 20, 17, 7, 20, 7, 12, 20, 12, 0, 21, 22, 23, 24, 24, 23, 6, 8, 24, 8, 19, 19, 5, 21, 24, 23, 22, 1, 25, 11, 18, 18, 1, 22, 25, 25, 22, 21, 26, 9, 11, 26, 11, 25, 26, 25, 21, 26, 21, 5, 27, 2, 15, 27, 15, 10, 27, 10, 14, 28, 6, 23, 1, 28, 1, 0, 29, 9, 26, 5, 29, 5, 4, 30, 0, 12, 30, 12, 6, 30, 6, 28, 30, 28, 0, 31, 4, 13, 31, 13, 9, 31, 9, 29, 31, 29, 4, 32, 11, 15, 32, 15, 2, 32, 2, 18, 32, 18, 11, 33, 8, 16, 33, 16, 3, 33, 3, 19, 33, 19, 8, 0, 32, 0, 7, 0, 2, 0, 11, 0, 15, 0, 17, 0, 1, 0, 30, 1, 34, 1, 13, 2, 36, 2, 14, 3, 5, 3, 12, 3, 19, 4, 6, 4, 9, 4, 26, 5, 16, 5, 38, 6, 8, 6, 42, 7, 41, 7, 8, 8, 32, 9, 45, 9, 31, 10, 12, 10, 15, 10, 11, 11, 50, 12, 49, 13, 47, 13, 24, 14, 51, 14, 21, 15, 16, 16, 17, 17, 37, 18, 25, 18, 22, 18, 19, 18, 21, 19, 33, 19, 20, 20, 52, 20, 21, 21, 29, 22, 24, 22, 33, 23, 27, 23, 48, 23, 24, 24, 25, 25, 28, 26, 35, 26, 27, 27, 28, 28, 29, 29, 35, 30, 46, 30, 31, 31, 32, 33, 39, 33, 34, 34, 40, 35, 43, 35, 36, 36, 44, 37, 40, 37, 38, 38, 39, 39, 40, 41, 44, 41, 42, 42, 43, 43, 44, 45, 48, 45, 46, 46, 47, 47, 48, 49, 52, 49, 50, 50, 51, 51, 52, 0, 1, 17, 1, 13, 22, 0, 1, 13, 0, 2, 11, 0, 2, 7, 2, 14, 21, 3, 5, 19, 3, 5, 10, 3, 12, 19, 4, 6, 26, 4, 6, 8, 4, 9, 23, 5, 16, 17, 6, 7, 8, 0, 7, 8, 9, 30, 31, 10, 11, 12, 0, 10, 11, 13, 23, 24, 14, 20, 21, 0, 15, 16, 18, 21, 25, 18, 22, 24, 18, 19, 22, 18, 19, 20, 23, 24, 25, 26, 27, 28, 0, 30, 31, 33, 34, 39, 35, 36, 43, 37, 38, 39, 41, 42, 43, 45, 46, 47, 49, 50, 51, 27, 0, 14, 0, 14, 0, 4, 0, 4, 0, 3, 0, 3, 0, 17, 0, 17, 0, 20, 0, 20, 0, 0, 0, 0, 0, 2, 0, 2, 0, 27, 0, 0, 0, 1, 0, 1, 0, 2, 0, 4, 0, 5, 0, 5, 0, 3, 0, 6, 0, 7, 0, 7, 0, 8, 0, 8, 0, 6, 0, 9, 0, 10, 0, 10, 0, 11, 0, 11, 0, 9, 0, 12, 0, 7, 0, 6, 0, 12, 0, 13, 0, 10, 0, 9, 0, 13, 0, 13, 0, 4, 0, 14, 0, 13, 0, 14, 0, 10, 0, 15, 0, 11, 0, 10, 0, 15, 0, 16, 0, 7, 0, 7, 0, 17, 0, 17, 0, 16, 0, 3, 0, 16, 0, 16, 0, 8, 0, 18, 0, 2, 0, 1, 0, 18, 0, 19, 0, 3, 0, 5, 0, 19, 0, 7, 0, 20, 0, 12, 0, 20, 0, 12, 0, 0, 0, 21, 0, 22, 0, 22, 0, 23, 0, 23, 0, 24, 0, 24, 0, 21, 0, 23, 0, 6, 0, 8, 0, 24, 0, 8, 0, 19, 0, 19, 0, 24, 0, 5, 0, 21, 0, 22, 0, 1, 0, 1, 0, 23, 0, 25, 0, 11, 0, 11, 0, 18, 0, 18, 0, 25, 0, 22, 0, 25, 0, 21, 0, 25, 0, 26, 0, 9, 0, 11, 0, 26, 0, 25, 0, 26, 0, 21, 0, 26, 0, 5, 0, 26, 0, 2, 0, 15, 0, 15, 0, 27, 0, 10, 0, 27, 0, 28, 0, 6, 0, 1, 0, 28, 0, 0, 0, 28, 0, 29, 0, 9, 0, 5, 0, 29, 0, 4, 0, 29, 0, 30, 0, 0, 0, 12, 0, 30, 0, 6, 0, 30, 0, 28, 0, 30, 0, 31, 0, 4, 0, 13, 0, 31, 0, 9, 0, 31, 0, 29, 0, 31, 0, 32, 0, 11, 0, 15, 0, 32, 0, 2, 0, 32, 0, 18, 0, 32, 0, 33, 0, 8, 0, 16, 0, 33, 0, 3, 0, 33, 0, 19, 0, 33, 0, 0, 0, 0, 0, 112, 18, 3, 188, 163, 149, 155, 188, 228, 165, 155, 188, 3, 120, 11, 61, 163, 149, 155, 60, 168, 139, 155, 60, 200, 122, 24, 56, 233, 45, 198, 49, 249, 185, 71, 44, 42, 187, 14, 171, 249, 185, 71, 44, 150, 205, 139, 50, 207, 227, 210, 172, 42, 187, 14, 171, 207, 227, 210, 172, 93, 59, 134, 50, 3, 43, 127, 60, 0, 19, 68, 52, 251, 128, 40, 183, 0, 0, 128, 63, 73, 67, 69, 1, 83, 85, 80, 77, 0, 0, 0, 0, 73, 67, 69, 1, 71, 65, 85, 83, 0, 0, 0, 0, 16, 0, 0, 0, 0, 6, 0, 0, 0, 0, 0, 0, 0, 20, 20, 20, 17, 17, 17, 17, 3, 3, 3, 3, 0, 0, 0, 0, 0, 20, 20, 20, 17, 17, 17, 3, 3, 3, 3, 3, 0, 0, 0, 0, 0, 0, 20, 20, 17, 17, 17, 3, 3, 3, 3, 3, 0, 0, 0, 0, 0, 0, 20, 20, 17, 17, 3, 3, 3, 3, 3, 3, 0, 0, 0, 0, 0, 0, 20, 20, 17, 17, 3, 3, 3, 3, 3, 3, 0, 0, 0, 0, 0, 0, 0, 20, 17, 3, 3, 3, 3, 3, 3, 3, 0, 0, 0, 0, 0, 0, 0, 20, 17, 3, 3, 3, 3, 3, 3, 3, 0, 0, 0, 0, 0, 0, 0, 0, 3, 3, 3, 3, 3, 3, 3, 3, 2, 2, 2, 2, 2, 2, 2, 2, 4, 4, 4, 4, 4, 4, 4, 4, 2, 2, 2, 2, 2, 2, 2, 27, 14, 4, 4, 4, 4, 4, 4, 4, 2, 2, 2, 2, 2, 2, 2, 27, 14, 4, 4, 4, 4, 4, 4, 4, 2, 2, 2, 2, 2, 2, 27, 27, 14, 4, 4, 4, 4, 4, 4, 4, 2, 2, 2, 2, 2, 2, 27, 27, 14, 14, 4, 4, 4, 4, 4, 4, 2, 2, 2, 2, 2, 2, 27, 27, 14, 14, 4, 4, 4, 4, 4, 4, 2, 2, 2, 2, 2, 27, 27, 27, 14, 14, 14, 4, 4, 4, 4, 4, 2, 2, 2, 2, 2, 27, 27, 27, 14, 14, 14, 4, 4, 4, 4, 4, 23, 23, 23, 23, 23, 23, 23, 23, 24, 24, 24, 24, 24, 24, 24, 24, 23, 23, 23, 23, 23, 23, 23, 23, 24, 24, 24, 24, 24, 24, 24, 24, 23, 23, 23, 23, 23, 23, 23, 23, 24, 24, 24, 24, 24, 24, 24, 24, 23, 23, 23, 23, 23, 23, 23, 23, 24, 24, 24, 24, 24, 24, 24, 24, 23, 23, 23, 23, 23, 23, 23, 23, 24, 24, 24, 24, 24, 24, 24, 24, 22, 22, 22, 22, 22, 22, 22, 23, 24, 24, 24, 24, 24, 21, 21, 21, 22, 22, 22, 22, 22, 22, 22, 22, 21, 21, 21, 21, 21, 21, 21, 21, 22, 22, 22, 22, 22, 22, 22, 22, 21, 21, 21, 21, 21, 21, 21, 21, 22, 22, 22, 22, 22, 22, 22, 22, 21, 21, 21, 21, 21, 21, 21, 21, 22, 22, 22, 22, 22, 22, 22, 22, 21, 21, 21, 21, 21, 21, 21, 21, 22, 22, 22, 22, 22, 22, 22, 25, 21, 21, 21, 21, 21, 21, 21, 21, 25, 25, 25, 25, 25, 25, 25, 25, 26, 26, 26, 21, 21, 21, 21, 21, 25, 25, 25, 25, 25, 25, 25, 25, 26, 26, 26, 26, 26, 26, 26, 26, 25, 25, 25, 25, 25, 25, 25, 25, 26, 26, 26, 26, 26, 26, 26, 26, 25, 25, 25, 25, 25, 25, 25, 25, 26, 26, 26, 26, 26, 26, 26, 26, 25, 25, 25, 25, 25, 25, 25, 25, 26, 26, 26, 26, 26, 26, 26, 26, 25, 25, 25, 25, 11, 11, 11, 32, 2, 2, 2, 2, 2, 2, 2, 2, 25, 25, 25, 25, 11, 11, 11, 32, 2, 2, 2, 2, 2, 2, 2, 2, 25, 25, 25, 25, 11, 11, 11, 15, 2, 2, 2, 2, 2, 2, 2, 2, 25, 25, 25, 11, 11, 11, 15, 15, 2, 2, 2, 2, 2, 2, 2, 2, 25, 25, 25, 11, 11, 11, 15, 15, 2, 2, 2, 2, 2, 2, 2, 2, 25, 25, 25, 11, 11, 15, 15, 15, 27, 27, 27, 27, 27, 27, 27, 27, 25, 25, 25, 11, 11, 15, 10, 10, 27, 27, 27, 27, 27, 27, 27, 27, 25, 25, 11, 11, 10, 10, 10, 10, 27, 27, 27, 27, 27, 27, 27, 27, 26, 26, 26, 9, 10, 10, 10, 10, 14, 14, 14, 14, 14, 14, 14, 14, 26, 26, 26, 9, 9, 13, 13, 10, 14, 14, 14, 14, 14, 14, 14, 14, 26, 26, 26, 26, 9, 13, 13, 13, 14, 14, 14, 14, 14, 14, 14, 14, 26, 26, 26, 26, 9, 9, 13, 13, 4, 4, 4, 4, 4, 4, 4, 4, 26, 26, 26, 26, 9, 9, 31, 13, 4, 4, 4, 4, 4, 4, 4, 4, 26, 26, 26, 26, 9, 9, 9, 31, 4, 4, 4, 4, 4, 4, 4, 4, 26, 26, 26, 26, 26, 9, 9, 31, 4, 4, 4, 4, 4, 4, 4, 4, 26, 26, 26, 26, 26, 9, 9, 31, 4, 4, 4, 4, 4, 4, 4, 4, 23, 23, 23, 23, 6, 6, 6, 30, 0, 0, 0, 0, 0, 0, 0, 0, 23, 23, 23, 23, 6, 6, 6, 30, 0, 0, 0, 0, 0, 0, 0, 0, 23, 23, 23, 23, 6, 6, 6, 30, 0, 0, 0, 0, 0, 0, 0, 0, 23, 23, 23, 6, 6, 6, 30, 12, 0, 0, 0, 0, 0, 0, 0, 0, 23, 23, 23, 6, 6, 6, 12, 12, 0, 0, 0, 0, 0, 0, 0, 0, 23, 23, 23, 6, 6, 12, 12, 12, 20, 20, 20, 20, 20, 20, 20, 20, 23, 23, 23, 6, 6, 12, 12, 7, 20, 20, 20, 20, 20, 20, 20, 20, 23, 23, 6, 6, 7, 7, 7, 7, 20, 20, 20, 20, 20, 20, 20, 20, 24, 24, 24, 8, 7, 7, 7, 7, 17, 17, 17, 17, 17, 17, 17, 17, 24, 24, 24, 8, 8, 16, 7, 7, 17, 17, 17, 17, 17, 17, 17, 17, 24, 24, 24, 8, 8, 16, 16, 16, 17, 17, 17, 17, 17, 17, 17, 17, 24, 24, 24, 8, 8, 8, 16, 16, 17, 17, 17, 17, 17, 17, 17, 17, 24, 24, 24, 24, 8, 8, 16, 16, 3, 3, 3, 3, 3, 3, 3, 3, 24, 24, 24, 24, 8, 8, 8, 16, 3, 3, 3, 3, 3, 3, 3, 3, 24, 24, 24, 24, 8, 8, 8, 33, 3, 3, 3, 3, 3, 3, 3, 3, 24, 24, 24, 24, 8, 8, 8, 33, 3, 3, 3, 3, 3, 3, 3, 3, 24, 24, 24, 24, 24, 21, 21, 21, 21, 21, 21, 21, 26, 26, 26, 26, 24, 24, 24, 24, 24, 24, 21, 21, 21, 21, 21, 21, 26, 26, 26, 26, 24, 24, 24, 24, 24, 24, 21, 21, 21, 21, 21, 26, 26, 26, 26, 26, 24, 24, 24, 24, 24, 24, 21, 21, 21, 21, 21, 26, 26, 26, 26, 26, 8, 24, 24, 24, 24, 24, 21, 21, 21, 21, 21, 26, 26, 26, 26, 26, 8, 8, 24, 24, 24, 24, 24, 21, 21, 21, 26, 26, 26, 26, 9, 9, 8, 8, 8, 24, 24, 24, 24, 21, 21, 21, 26, 26, 26, 9, 9, 9, 33, 33, 8, 8, 8, 24, 24, 21, 21, 26, 26, 9, 9, 9, 31, 31, 3, 3, 3, 19, 19, 19, 19, 5, 5, 5, 29, 29, 29, 29, 4, 4, 3, 3, 3, 3, 19, 19, 19, 5, 5, 5, 29, 29, 4, 4, 4, 4, 3, 3, 3, 3, 3, 19, 19, 5, 5, 5, 29, 4, 4, 4, 4, 4, 3, 3, 3, 3, 3, 3, 3, 5, 5, 4, 4, 4, 4, 4, 4, 4, 3, 3, 3, 3, 3, 3, 3, 3, 4, 4, 4, 4, 4, 4, 4, 4, 3, 3, 3, 3, 3, 3, 3, 3, 4, 4, 4, 4, 4, 4, 4, 4, 3, 3, 3, 3, 3, 3, 3, 3, 4, 4, 4, 4, 4, 4, 4, 4, 3, 3, 3, 3, 3, 3, 3, 3, 4, 4, 4, 4, 4, 4, 4, 4, 23, 23, 23, 23, 23, 22, 22, 22, 22, 22, 22, 25, 25, 25, 25, 25, 23, 23, 23, 23, 23, 22, 22, 22, 22, 22, 22, 25, 25, 25, 25, 25, 23, 23, 23, 23, 23, 22, 22, 22, 22, 22, 22, 25, 25, 25, 25, 25, 23, 23, 23, 23, 23, 23, 22, 22, 22, 22, 25, 25, 25, 25, 25, 25, 6, 23, 23, 23, 23, 23, 22, 22, 22, 22, 25, 25, 25, 25, 25, 11, 6, 6, 23, 23, 23, 23, 22, 22, 22, 22, 25, 25, 25, 25, 11, 11, 6, 6, 6, 6, 23, 23, 23, 22, 22, 25, 25, 25, 11, 11, 11, 11, 30, 30, 6, 6, 6, 23, 23, 22, 22, 25, 25, 11, 11, 11, 32, 32, 0, 0, 28, 28, 28, 28, 1, 1, 1, 18, 18, 18, 18, 2, 2, 2, 0, 0, 0, 0, 28, 28, 1, 1, 1, 18, 18, 18, 2, 2, 2, 2, 0, 0, 0, 0, 0, 28, 1, 1, 1, 18, 18, 2, 2, 2, 2, 2, 0, 0, 0, 0, 0, 0, 0, 1, 1, 2, 2, 2, 2, 2, 2, 2, 0, 0, 0, 0, 0, 0, 0, 0, 2, 2, 2, 2, 2, 2, 2, 2, 0, 0, 0, 0, 0, 0, 0, 0, 2, 2, 2, 2, 2, 2, 2, 2, 0, 0, 0, 0, 0, 0, 0, 0, 2, 2, 2, 2, 2, 2, 2, 2, 0, 0, 0, 0, 0, 0, 0, 0, 2, 2, 2, 2, 2, 2, 2, 2, 26, 26, 26, 26, 26, 26, 26, 26, 25, 25, 25, 25, 25, 25, 25, 25, 26, 26, 26, 26, 26, 26, 26, 26, 25, 25, 25, 25, 25, 25, 25, 25, 26, 26, 26, 26, 26, 26, 26, 26, 25, 25, 25, 25, 25, 25, 25, 25, 26, 26, 26, 26, 26, 26, 26, 26, 25, 25, 25, 25, 25, 25, 25, 25, 21, 21, 21, 21, 21, 26, 26, 26, 25, 25, 25, 25, 25, 25, 25, 25, 21, 21, 21, 21, 21, 21, 21, 21, 25, 22, 22, 22, 22, 22, 22, 22, 21, 21, 21, 21, 21, 21, 21, 21, 22, 22, 22, 22, 22, 22, 22, 22, 21, 21, 21, 21, 21, 21, 21, 21, 22, 22, 22, 22, 22, 22, 22, 22, 21, 21, 21, 21, 21, 21, 21, 21, 22, 22, 22, 22, 22, 22, 22, 22, 21, 21, 21, 21, 21, 21, 21, 21, 22, 22, 22, 22, 22, 22, 22, 22, 21, 21, 21, 24, 24, 24, 24, 24, 23, 22, 22, 22, 22, 22, 22, 22, 24, 24, 24, 24, 24, 24, 24, 24, 23, 23, 23, 23, 23, 23, 23, 23, 24, 24, 24, 24, 24, 24, 24, 24, 23, 23, 23, 23, 23, 23, 23, 23, 24, 24, 24, 24, 24, 24, 24, 24, 23, 23, 23, 23, 23, 23, 23, 23, 24, 24, 24, 24, 24, 24, 24, 24, 23, 23, 23, 23, 23, 23, 23, 23, 24, 24, 24, 24, 24, 24, 24, 24, 23, 23, 23, 23, 23, 23, 23, 23, 4, 4, 4, 4, 4, 14, 14, 14, 27, 27, 27, 2, 2, 2, 2, 2, 4, 4, 4, 4, 4, 14, 14, 14, 27, 27, 27, 2, 2, 2, 2, 2, 4, 4, 4, 4, 4, 4, 14, 14, 27, 27, 2, 2, 2, 2, 2, 2, 4, 4, 4, 4, 4, 4, 14, 14, 27, 27, 2, 2, 2, 2, 2, 2, 4, 4, 4, 4, 4, 4, 4, 14, 27, 27, 2, 2, 2, 2, 2, 2, 4, 4, 4, 4, 4, 4, 4, 14, 27, 2, 2, 2, 2, 2, 2, 2, 4, 4, 4, 4, 4, 4, 4, 14, 27, 2, 2, 2, 2, 2, 2, 2, 4, 4, 4, 4, 4, 4, 4, 4, 2, 2, 2, 2, 2, 2, 2, 2, 3, 3, 3, 3, 3, 3, 3, 3, 0, 0, 0, 0, 0, 0, 0, 0, 3, 3, 3, 3, 3, 3, 3, 17, 20, 0, 0, 0, 0, 0, 0, 0, 3, 3, 3, 3, 3, 3, 3, 17, 20, 0, 0, 0, 0, 0, 0, 0, 3, 3, 3, 3, 3, 3, 17, 17, 20, 20, 0, 0, 0, 0, 0, 0, 3, 3, 3, 3, 3, 3, 17, 17, 20, 20, 0, 0, 0, 0, 0, 0, 3, 3, 3, 3, 3, 17, 17, 17, 20, 20, 0, 0, 0, 0, 0, 0, 3, 3, 3, 3, 3, 17, 17, 17, 20, 20, 20, 0, 0, 0, 0, 0, 3, 3, 3, 3, 17, 17, 17, 17, 20, 20, 20, 0, 0, 0, 0, 0, 3, 3, 3, 3, 3, 3, 3, 3, 33, 8, 8, 8, 24, 24, 24, 24, 3, 3, 3, 3, 3, 3, 3, 3, 33, 8, 8, 8, 24, 24, 24, 24, 3, 3, 3, 3, 3, 3, 3, 3, 16, 8, 8, 8, 24, 24, 24, 24, 3, 3, 3, 3, 3, 3, 3, 3, 16, 16, 8, 8, 24, 24, 24, 24, 17, 17, 17, 17, 17, 17, 17, 17, 16, 16, 8, 8, 8, 24, 24, 24, 17, 17, 17, 17, 17, 17, 17, 17, 16, 16, 16, 8, 8, 24, 24, 24, 17, 17, 17, 17, 17, 17, 17, 17, 7, 7, 16, 8, 8, 24, 24, 24, 17, 17, 17, 17, 17, 17, 17, 17, 7, 7, 7, 7, 8, 24, 24, 24, 20, 20, 20, 20, 20, 20, 20, 20, 7, 7, 7, 7, 6, 6, 23, 23, 20, 20, 20, 20, 20, 20, 20, 20, 7, 12, 12, 6, 6, 23, 23, 23, 20, 20, 20, 20, 20, 20, 20, 20, 12, 12, 12, 6, 6, 23, 23, 23, 0, 0, 0, 0, 0, 0, 0, 0, 12, 12, 6, 6, 6, 23, 23, 23, 0, 0, 0, 0, 0, 0, 0, 0, 12, 30, 6, 6, 6, 23, 23, 23, 0, 0, 0, 0, 0, 0, 0, 0, 30, 6, 6, 6, 23, 23, 23, 23, 0, 0, 0, 0, 0, 0, 0, 0, 30, 6, 6, 6, 23, 23, 23, 23, 0, 0, 0, 0, 0, 0, 0, 0, 30, 6, 6, 6, 23, 23, 23, 23, 4, 4, 4, 4, 4, 4, 4, 4, 31, 9, 9, 26, 26, 26, 26, 26, 4, 4, 4, 4, 4, 4, 4, 4, 31, 9, 9, 26, 26, 26, 26, 26, 4, 4, 4, 4, 4, 4, 4, 4, 31, 9, 9, 9, 26, 26, 26, 26, 4, 4, 4, 4, 4, 4, 4, 4, 13, 31, 9, 9, 26, 26, 26, 26, 4, 4, 4, 4, 4, 4, 4, 4, 13, 13, 9, 9, 26, 26, 26, 26, 14, 14, 14, 14, 14, 14, 14, 14, 13, 13, 13, 9, 26, 26, 26, 26, 14, 14, 14, 14, 14, 14, 14, 14, 10, 13, 13, 9, 9, 26, 26, 26, 14, 14, 14, 14, 14, 14, 14, 14, 10, 10, 10, 10, 9, 26, 26, 26, 27, 27, 27, 27, 27, 27, 27, 27, 10, 10, 10, 10, 11, 11, 25, 25, 27, 27, 27, 27, 27, 27, 27, 27, 10, 10, 15, 11, 11, 25, 25, 25, 27, 27, 27, 27, 27, 27, 27, 27, 15, 15, 15, 11, 11, 25, 25, 25, 2, 2, 2, 2, 2, 2, 2, 2, 15, 15, 11, 11, 11, 25, 25, 25, 2, 2, 2, 2, 2, 2, 2, 2, 15, 15, 11, 11, 11, 25, 25, 25, 2, 2, 2, 2, 2, 2, 2, 2, 15, 11, 11, 11, 25, 25, 25, 25, 2, 2, 2, 2, 2, 2, 2, 2, 32, 11, 11, 11, 25, 25, 25, 25, 2, 2, 2, 2, 2, 2, 2, 2, 32, 11, 11, 11, 25, 25, 25, 25, 2, 2, 2, 2, 2, 2, 2, 2, 0, 0, 0, 0, 0, 0, 0, 0, 2, 2, 2, 2, 2, 2, 2, 2, 0, 0, 0, 0, 0, 0, 0, 0, 2, 2, 2, 2, 2, 2, 2, 2, 0, 0, 0, 0, 0, 0, 0, 0, 2, 2, 2, 2, 2, 2, 2, 2, 0, 0, 0, 0, 0, 0, 0, 0, 2, 2, 2, 2, 2, 2, 2, 1, 1, 0, 0, 0, 0, 0, 0, 0, 2, 2, 2, 2, 2, 18, 18, 1, 1, 1, 28, 0, 0, 0, 0, 0, 2, 2, 2, 2, 18, 18, 18, 1, 1, 1, 28, 28, 0, 0, 0, 0, 2, 2, 2, 18, 18, 18, 18, 1, 1, 1, 28, 28, 28, 28, 0, 0, 32, 32, 11, 11, 11, 25, 25, 22, 22, 23, 23, 6, 6, 6, 30, 30, 11, 11, 11, 11, 25, 25, 25, 22, 22, 23, 23, 23, 6, 6, 6, 6, 11, 11, 25, 25, 25, 25, 22, 22, 22, 22, 23, 23, 23, 23, 6, 6, 11, 25, 25, 25, 25, 25, 22, 22, 22, 22, 23, 23, 23, 23, 23, 6, 25, 25, 25, 25, 25, 25, 22, 22, 22, 22, 23, 23, 23, 23, 23, 23, 25, 25, 25, 25, 25, 22, 22, 22, 22, 22, 22, 23, 23, 23, 23, 23, 25, 25, 25, 25, 25, 22, 22, 22, 22, 22, 22, 23, 23, 23, 23, 23, 25, 25, 25, 25, 25, 22, 22, 22, 22, 22, 22, 23, 23, 23, 23, 23, 4, 4, 4, 4, 4, 4, 4, 4, 3, 3, 3, 3, 3, 3, 3, 3, 4, 4, 4, 4, 4, 4, 4, 4, 3, 3, 3, 3, 3, 3, 3, 3, 4, 4, 4, 4, 4, 4, 4, 4, 3, 3, 3, 3, 3, 3, 3, 3, 4, 4, 4, 4, 4, 4, 4, 4, 3, 3, 3, 3, 3, 3, 3, 3, 4, 4, 4, 4, 4, 4, 4, 5, 5, 3, 3, 3, 3, 3, 3, 3, 4, 4, 4, 4, 4, 29, 5, 5, 5, 19, 19, 3, 3, 3, 3, 3, 4, 4, 4, 4, 29, 29, 5, 5, 5, 19, 19, 19, 3, 3, 3, 3, 4, 4, 29, 29, 29, 29, 5, 5, 5, 19, 19, 19, 19, 3, 3, 3, 31, 31, 9, 9, 9, 26, 26, 21, 21, 24, 24, 8, 8, 8, 33, 33, 9, 9, 9, 26, 26, 26, 21, 21, 21, 24, 24, 24, 24, 8, 8, 8, 9, 9, 26, 26, 26, 26, 21, 21, 21, 24, 24, 24, 24, 24, 8, 8, 26, 26, 26, 26, 26, 21, 21, 21, 21, 21, 24, 24, 24, 24, 24, 8, 26, 26, 26, 26, 26, 21, 21, 21, 21, 21, 24, 24, 24, 24, 24, 24, 26, 26, 26, 26, 26, 21, 21, 21, 21, 21, 24, 24, 24, 24, 24, 24, 26, 26, 26, 26, 21, 21, 21, 21, 21, 21, 24, 24, 24, 24, 24, 24, 26, 26, 26, 26, 21, 21, 21, 21, 21, 21, 21, 24, 24, 24, 24, 24, 73, 67, 69, 1, 86, 65, 76, 69, 2, 0, 0, 0, 34, 0, 0, 0, 170, 0, 0, 0, 7, 0, 0, 0, 6, 6, 6, 6, 6, 6, 6, 6, 6, 6, 6, 7, 5, 5, 4, 5, 5, 4, 5, 5, 4, 5, 4, 4, 4, 5, 5, 4, 4, 4, 4, 4, 4, 4, 2, 1, 28, 30, 12, 20, 2, 18, 22, 23, 28, 0, 27, 15, 32, 18, 1, 0, 17, 16, 33, 19, 5, 4, 3, 5, 29, 31, 13, 14, 3, 19, 21, 26, 29, 4, 7, 12, 30, 28, 23, 8, 8, 16, 17, 20, 12, 6, 6, 24, 19, 33, 16, 7, 10, 13, 31, 29, 26, 11, 11, 15, 27, 14, 13, 9, 9, 26, 25, 18, 32, 15, 10, 7, 20, 0, 30, 6, 10, 14, 4, 31, 9, 4, 13, 10, 27, 11, 32, 2, 27, 10, 7, 8, 33, 3, 17, 20, 7, 16, 3, 2, 32, 11, 25, 1, 3, 33, 8, 24, 5, 0, 12, 7, 17, 22, 25, 26, 5, 24, 23, 1, 25, 21, 24, 6, 1, 22, 21, 19, 8, 23, 11, 26, 21, 22, 18, 9, 5, 21, 25, 11, 14, 10, 15, 2, 6, 30, 0, 1, 9, 31, 4, 5, 0, 28, 6, 12, 4, 29, 9, 13, 11, 18, 2, 15, 8, 19, 3, 16, 0, 0, 128, 191, 116, 11, 124, 60, 35, 105, 128, 60, 162, 132, 17, 60, 162, 132, 17, 60]
            }
        }

        over "Link4"
        {
            over "collisions" (
                prepend apiSchemas = ["PhysxCookedDataAPI:convexHull"]
            )
            {
                uchar[] physxCookedData:convexHull:buffer = [9, 125, 146, 209, 97, 98, 82, 193, 47, 122, 246, 200, 249, 32, 11, 119, 181, 78, 88, 83, 1, 67, 86, 88, 77, 14, 0, 0, 0, 0, 0, 0, 0, 73, 67, 69, 1, 67, 76, 72, 76, 9, 0, 0, 0, 34, 0, 0, 0, 93, 128, 0, 0, 61, 0, 0, 0, 186, 0, 0, 0, 19, 131, 192, 60, 118, 151, 143, 160, 188, 116, 147, 60, 156, 249, 62, 61, 205, 204, 76, 188, 199, 223, 45, 60, 229, 123, 57, 61, 244, 253, 84, 60, 109, 108, 50, 60, 19, 131, 192, 60, 118, 151, 143, 160, 188, 116, 147, 188, 229, 123, 57, 61, 244, 253, 84, 60, 109, 108, 50, 188, 156, 249, 62, 61, 205, 204, 76, 188, 199, 223, 45, 188, 30, 208, 113, 187, 190, 153, 232, 187, 127, 129, 135, 188, 53, 60, 61, 60, 95, 41, 75, 188, 159, 197, 85, 188, 181, 77, 140, 60, 73, 68, 147, 188, 38, 254, 110, 186, 94, 53, 2, 188, 126, 93, 112, 186, 186, 67, 147, 60, 111, 18, 3, 188, 225, 126, 30, 36, 188, 116, 147, 188, 2, 200, 113, 187, 190, 153, 232, 59, 127, 129, 135, 188, 181, 77, 140, 60, 73, 68, 147, 60, 38, 254, 110, 58, 221, 210, 71, 60, 6, 192, 85, 60, 67, 47, 75, 188, 37, 61, 221, 186, 137, 30, 0, 60, 117, 208, 132, 60, 55, 5, 129, 187, 31, 51, 228, 187, 4, 249, 135, 60, 105, 72, 91, 60, 146, 53, 105, 188, 116, 132, 52, 60, 3, 120, 11, 61, 110, 193, 145, 60, 168, 161, 50, 187, 158, 73, 81, 61, 205, 204, 76, 60, 95, 160, 246, 59, 158, 73, 81, 61, 205, 204, 76, 60, 95, 160, 246, 187, 172, 250, 92, 61, 205, 204, 76, 60, 192, 251, 78, 163, 87, 89, 108, 60, 127, 70, 122, 60, 114, 255, 27, 60, 45, 199, 215, 187, 32, 219, 148, 59, 206, 174, 142, 60, 242, 191, 84, 61, 205, 204, 76, 188, 216, 69, 211, 59, 49, 110, 92, 61, 244, 253, 84, 188, 223, 65, 53, 163, 3, 120, 11, 61, 73, 68, 147, 188, 38, 254, 110, 58, 242, 191, 84, 61, 205, 204, 76, 188, 216, 69, 211, 187, 3, 120, 11, 61, 245, 70, 138, 188, 86, 217, 204, 187, 85, 10, 211, 60, 18, 31, 15, 188, 123, 237, 128, 60, 85, 10, 211, 60, 18, 31, 15, 188, 123, 237, 128, 188, 3, 120, 11, 61, 176, 191, 142, 60, 68, 215, 147, 59, 81, 118, 204, 60, 190, 153, 232, 59, 127, 129, 135, 188, 81, 118, 204, 60, 190, 153, 232, 59, 127, 129, 135, 60, 3, 120, 11, 61, 253, 98, 132, 188, 165, 224, 1, 60, 10, 108, 202, 59, 86, 78, 114, 190, 135, 185, 120, 63, 100, 116, 144, 188, 0, 0, 4, 11, 19, 66, 157, 62, 96, 141, 189, 59, 5, 159, 115, 63, 113, 116, 199, 188, 4, 0, 3, 10, 19, 66, 157, 62, 115, 141, 189, 59, 5, 159, 115, 191, 113, 116, 199, 188, 7, 0, 3, 9, 107, 239, 126, 190, 225, 25, 107, 191, 188, 127, 157, 190, 69, 57, 77, 188, 10, 0, 3, 2, 170, 133, 90, 191, 74, 82, 5, 191, 32, 250, 68, 188, 155, 219, 230, 187, 13, 0, 3, 20, 225, 50, 146, 190, 219, 166, 109, 63, 41, 198, 115, 190, 228, 189, 61, 188, 16, 0, 3, 23, 221, 59, 240, 190, 236, 14, 98, 63, 138, 23, 23, 60, 86, 143, 0, 188, 19, 0, 3, 24, 187, 4, 168, 190, 182, 2, 109, 191, 145, 4, 64, 62, 236, 204, 49, 188, 22, 0, 3, 19, 241, 117, 85, 191, 62, 80, 13, 191, 169, 217, 130, 187, 119, 96, 231, 187, 25, 0, 3, 20, 205, 44, 237, 190, 107, 224, 98, 191, 154, 184, 8, 57, 197, 9, 3, 188, 28, 0, 3, 20, 42, 108, 190, 60, 200, 52, 96, 63, 101, 214, 246, 190, 253, 230, 144, 188, 31, 0, 3, 16, 172, 211, 117, 189, 204, 110, 113, 63, 7, 116, 167, 190, 15, 6, 128, 188, 34, 0, 3, 33, 174, 128, 0, 63, 140, 11, 139, 60, 113, 94, 93, 63, 233, 148, 4, 189, 37, 0, 3, 10, 174, 128, 0, 63, 137, 11, 139, 60, 112, 94, 93, 191, 233, 148, 4, 189, 40, 0, 3, 9, 19, 232, 100, 62, 75, 113, 113, 63, 142, 236, 123, 190, 143, 80, 205, 188, 43, 0, 3, 16, 225, 145, 137, 62, 195, 51, 117, 63, 122, 177, 208, 189, 199, 212, 216, 188, 46, 0, 3, 8, 84, 223, 179, 190, 116, 77, 107, 63, 154, 111, 54, 62, 3, 205, 46, 188, 49, 0, 3, 26, 193, 174, 13, 191, 115, 46, 85, 63, 213, 147, 125, 60, 168, 54, 252, 187, 52, 0, 3, 24, 2, 234, 89, 191, 97, 20, 6, 63, 208, 220, 7, 189, 79, 181, 242, 187, 55, 0, 3, 24, 159, 84, 120, 191, 6, 166, 120, 62, 146, 91, 249, 59, 82, 205, 249, 187, 58, 0, 3, 24, 117, 239, 116, 187, 141, 152, 210, 61, 35, 164, 126, 63, 45, 244, 145, 188, 61, 0, 3, 3, 245, 200, 117, 63, 183, 73, 165, 187, 77, 42, 143, 62, 66, 231, 83, 189, 64, 0, 3, 10, 22, 85, 111, 63, 97, 152, 133, 60, 139, 136, 181, 62, 58, 109, 79, 189, 67, 0, 3, 10, 208, 221, 29, 63, 82, 241, 86, 188, 105, 128, 73, 63, 124, 167, 24, 189, 70, 0, 3, 10, 11, 213, 125, 62, 232, 41, 117, 191, 40, 223, 21, 62, 33, 69, 211, 188, 73, 0, 3, 12, 208, 221, 29, 63, 78, 241, 86, 188, 105, 128, 73, 191, 124, 167, 24, 189, 76, 0, 3, 9, 22, 85, 111, 63, 97, 152, 133, 60, 139, 136, 181, 190, 58, 109, 79, 189, 79, 0, 3, 9, 245, 200, 117, 63, 175, 73, 165, 187, 77, 42, 143, 190, 65, 231, 83, 189, 82, 0, 3, 9, 239, 25, 113, 62, 17, 24, 118, 191, 44, 117, 18, 190, 16, 45, 206, 188, 85, 0, 3, 12, 136, 163, 133, 60, 163, 3, 125, 191, 153, 10, 27, 190, 0, 248, 148, 188, 88, 0, 3, 12, 13, 144, 131, 189, 223, 234, 106, 191, 176, 202, 200, 190, 255, 13, 129, 188, 91, 0, 3, 30, 150, 72, 46, 61, 237, 126, 67, 191, 158, 235, 36, 191, 241, 116, 150, 188, 94, 0, 3, 21, 77, 51, 102, 62, 227, 98, 110, 191, 30, 234, 146, 190, 46, 42, 206, 188, 97, 0, 3, 21, 241, 67, 111, 62, 18, 11, 118, 191, 12, 197, 22, 190, 130, 157, 205, 188, 100, 0, 3, 12, 83, 32, 121, 188, 139, 161, 33, 191, 34, 124, 70, 63, 33, 239, 141, 188, 103, 0, 3, 13, 224, 34, 77, 62, 173, 91, 73, 190, 248, 180, 117, 63, 194, 23, 180, 188, 106, 0, 3, 10, 215, 51, 22, 188, 243, 134, 17, 191, 150, 153, 82, 191, 227, 206, 144, 188, 109, 0, 3, 32, 223, 226, 144, 165, 137, 59, 106, 190, 112, 54, 121, 191, 231, 139, 143, 188, 112, 0, 4, 22, 220, 34, 77, 62, 173, 91, 73, 190, 248, 180, 117, 191, 193, 23, 180, 188, 116, 0, 3, 22, 171, 101, 65, 61, 234, 34, 52, 191, 248, 126, 53, 191, 115, 185, 151, 188, 119, 0, 3, 14, 174, 142, 104, 62, 225, 199, 112, 63, 1, 80, 129, 62, 30, 242, 206, 188, 122, 0, 3, 8, 30, 44, 133, 62, 60, 229, 117, 63, 173, 5, 202, 61, 3, 80, 213, 188, 125, 0, 3, 8, 86, 56, 128, 62, 62, 134, 119, 63, 39, 217, 72, 61, 119, 176, 209, 188, 128, 0, 3, 8, 191, 81, 178, 60, 96, 156, 127, 63, 235, 104, 79, 61, 162, 121, 150, 188, 131, 0, 3, 8, 181, 219, 250, 188, 94, 214, 116, 63, 156, 183, 148, 62, 221, 183, 138, 188, 134, 0, 3, 27, 182, 186, 34, 61, 102, 53, 90, 63, 130, 123, 5, 63, 130, 7, 152, 188, 137, 0, 3, 7, 124, 1, 127, 37, 42, 33, 78, 62, 121, 194, 122, 191, 4, 112, 144, 188, 140, 0, 4, 9, 0, 0, 0, 0, 162, 62, 18, 63, 141, 29, 82, 191, 5, 112, 144, 188, 144, 0, 3, 28, 19, 208, 21, 61, 151, 96, 31, 63, 51, 30, 72, 191, 105, 155, 149, 188, 147, 0, 3, 15, 2, 241, 100, 62, 33, 142, 27, 62, 123, 120, 118, 191, 16, 2, 185, 188, 150, 0, 3, 9, 63, 118, 12, 187, 52, 25, 178, 62, 42, 3, 112, 63, 29, 213, 146, 188, 153, 0, 3, 6, 75, 158, 53, 60, 209, 224, 75, 62, 206, 219, 122, 63, 234, 160, 146, 188, 156, 0, 3, 10, 3, 241, 100, 62, 33, 142, 27, 62, 123, 120, 118, 63, 16, 2, 185, 188, 159, 0, 3, 10, 12, 105, 128, 60, 232, 175, 41, 63, 6, 164, 63, 63, 62, 48, 143, 188, 162, 0, 3, 7, 54, 132, 11, 60, 45, 91, 40, 63, 41, 215, 64, 63, 170, 14, 142, 188, 165, 0, 3, 7, 150, 2, 77, 61, 55, 99, 50, 191, 112, 42, 55, 63, 194, 172, 152, 188, 168, 0, 3, 13, 117, 84, 39, 61, 82, 194, 51, 191, 123, 248, 53, 63, 209, 131, 150, 188, 171, 0, 3, 13, 213, 114, 62, 189, 220, 9, 117, 191, 30, 75, 146, 62, 177, 77, 132, 188, 174, 0, 3, 17, 221, 39, 221, 188, 200, 188, 119, 191, 137, 73, 128, 62, 198, 218, 136, 188, 177, 0, 3, 17, 19, 223, 90, 62, 188, 25, 114, 191, 143, 188, 122, 62, 97, 184, 200, 188, 180, 0, 3, 12, 206, 157, 91, 62, 133, 5, 112, 191, 231, 40, 140, 62, 96, 185, 201, 188, 183, 0, 3, 13, 28, 0, 9, 15, 0, 1, 2, 3, 4, 5, 6, 7, 8, 6, 9, 10, 11, 12, 13, 11, 14, 12, 15, 8, 16, 15, 9, 6, 15, 6, 8, 17, 4, 13, 17, 13, 12, 18, 2, 1, 19, 5, 4, 19, 4, 17, 19, 17, 20, 21, 12, 14, 22, 14, 11, 22, 11, 10, 22, 10, 9, 22, 9, 0, 23, 24, 20, 23, 20, 18, 23, 18, 1, 23, 25, 24, 26, 5, 19, 26, 19, 20, 26, 20, 24, 26, 24, 25, 27, 25, 8, 27, 8, 7, 27, 7, 5, 27, 5, 26, 27, 26, 25, 28, 15, 16, 28, 1, 0, 29, 7, 6, 29, 6, 10, 3, 29, 3, 5, 29, 5, 7, 30, 2, 18, 30, 18, 20, 30, 20, 17, 30, 17, 12, 30, 12, 21, 30, 21, 2, 31, 3, 10, 11, 31, 11, 13, 31, 13, 4, 31, 4, 3, 32, 14, 22, 32, 22, 0, 32, 0, 2, 32, 2, 21, 32, 21, 14, 33, 1, 28, 33, 28, 16, 33, 16, 8, 33, 8, 25, 33, 25, 23, 33, 23, 1, 0, 35, 0, 20, 0, 8, 0, 34, 1, 35, 1, 12, 1, 52, 2, 49, 2, 13, 2, 38, 3, 36, 3, 30, 3, 9, 4, 8, 4, 19, 4, 37, 5, 6, 5, 11, 5, 47, 6, 17, 6, 16, 7, 9, 7, 57, 7, 34, 8, 9, 10, 14, 10, 48, 10, 11, 11, 43, 12, 40, 12, 23, 13, 25, 13, 14, 14, 15, 15, 42, 15, 26, 16, 44, 16, 54, 17, 50, 17, 18, 18, 46, 18, 19, 19, 20, 20, 51, 21, 24, 21, 27, 21, 22, 22, 41, 22, 23, 23, 60, 24, 59, 24, 28, 25, 32, 25, 26, 26, 27, 27, 28, 28, 33, 29, 33, 29, 58, 29, 30, 30, 31, 31, 39, 31, 32, 32, 33, 34, 56, 35, 55, 36, 39, 36, 37, 37, 46, 37, 38, 38, 39, 40, 45, 40, 41, 41, 42, 42, 43, 43, 44, 44, 45, 45, 53, 46, 49, 46, 47, 47, 48, 48, 49, 50, 54, 50, 51, 51, 52, 52, 53, 53, 54, 55, 60, 55, 56, 56, 57, 57, 58, 58, 59, 59, 60, 0, 1, 20, 1, 12, 23, 1, 12, 40, 2, 37, 38, 2, 10, 13, 2, 13, 25, 3, 4, 8, 3, 30, 31, 3, 7, 9, 0, 4, 8, 4, 18, 19, 5, 6, 17, 5, 6, 11, 5, 10, 11, 6, 16, 17, 0, 7, 8, 7, 34, 56, 10, 11, 14, 12, 22, 23, 13, 14, 15, 15, 21, 22, 16, 44, 45, 17, 18, 19, 21, 22, 23, 21, 24, 27, 24, 28, 29, 25, 26, 27, 29, 30, 31, 0, 34, 35, 36, 37, 38, 40, 41, 42, 46, 47, 48, 50, 51, 52, 55, 56, 57, 28, 0, 0, 0, 0, 0, 9, 0, 9, 0, 15, 0, 15, 0, 28, 0, 0, 0, 1, 0, 1, 0, 2, 0, 2, 0, 0, 0, 3, 0, 4, 0, 4, 0, 5, 0, 5, 0, 3, 0, 6, 0, 7, 0, 7, 0, 8, 0, 8, 0, 6, 0, 6, 0, 9, 0, 9, 0, 10, 0, 10, 0, 6, 0, 11, 0, 12, 0, 12, 0, 13, 0, 13, 0, 11, 0, 11, 0, 14, 0, 14, 0, 12, 0, 15, 0, 8, 0, 8, 0, 16, 0, 16, 0, 15, 0, 6, 0, 15, 0, 17, 0, 4, 0, 4, 0, 13, 0, 13, 0, 17, 0, 12, 0, 17, 0, 18, 0, 2, 0, 1, 0, 18, 0, 19, 0, 5, 0, 4, 0, 19, 0, 17, 0, 19, 0, 17, 0, 20, 0, 20, 0, 19, 0, 21, 0, 12, 0, 14, 0, 21, 0, 22, 0, 14, 0, 11, 0, 22, 0, 11, 0, 10, 0, 10, 0, 22, 0, 9, 0, 22, 0, 0, 0, 22, 0, 23, 0, 24, 0, 24, 0, 20, 0, 20, 0, 23, 0, 20, 0, 18, 0, 18, 0, 23, 0, 1, 0, 23, 0, 23, 0, 25, 0, 25, 0, 24, 0, 26, 0, 5, 0, 19, 0, 26, 0, 20, 0, 26, 0, 24, 0, 26, 0, 25, 0, 26, 0, 27, 0, 25, 0, 25, 0, 8, 0, 8, 0, 27, 0, 7, 0, 27, 0, 7, 0, 5, 0, 5, 0, 27, 0, 26, 0, 27, 0, 16, 0, 28, 0, 28, 0, 1, 0, 29, 0, 7, 0, 6, 0, 29, 0, 10, 0, 3, 0, 3, 0, 29, 0, 5, 0, 29, 0, 30, 0, 2, 0, 18, 0, 30, 0, 20, 0, 30, 0, 17, 0, 30, 0, 12, 0, 30, 0, 21, 0, 30, 0, 21, 0, 2, 0, 31, 0, 3, 0, 11, 0, 31, 0, 13, 0, 31, 0, 4, 0, 31, 0, 32, 0, 14, 0, 22, 0, 32, 0, 0, 0, 32, 0, 2, 0, 32, 0, 21, 0, 32, 0, 33, 0, 1, 0, 28, 0, 33, 0, 16, 0, 33, 0, 8, 0, 33, 0, 25, 0, 33, 0, 23, 0, 33, 0, 0, 0, 0, 0, 112, 18, 3, 188, 73, 68, 147, 188, 188, 116, 147, 188, 172, 250, 92, 61, 73, 68, 147, 60, 188, 116, 147, 60, 40, 234, 61, 56, 44, 45, 210, 49, 49, 130, 9, 46, 30, 210, 83, 173, 49, 130, 9, 46, 77, 105, 31, 51, 7, 178, 63, 172, 30, 210, 83, 173, 7, 178, 63, 172, 67, 27, 30, 51, 150, 171, 186, 60, 112, 82, 166, 183, 48, 133, 255, 55, 0, 0, 128, 63, 73, 67, 69, 1, 83, 85, 80, 77, 0, 0, 0, 0, 73, 67, 69, 1, 71, 65, 85, 83, 0, 0, 0, 0, 16, 0, 0, 0, 0, 6, 0, 0, 26, 26, 26, 26, 26, 24, 24, 24, 24, 24, 24, 23, 23, 23, 23, 23, 26, 26, 26, 26, 26, 24, 24, 24, 24, 24, 24, 23, 23, 23, 23, 23, 26, 26, 26, 26, 26, 24, 24, 24, 24, 24, 24, 23, 23, 23, 23, 23, 26, 26, 26, 26, 26, 24, 24, 24, 24, 24, 24, 23, 23, 23, 23, 23, 26, 26, 26, 26, 26, 26, 24, 24, 24, 24, 23, 23, 23, 23, 23, 23, 26, 26, 26, 26, 26, 26, 24, 24, 24, 24, 23, 23, 23, 23, 23, 23, 26, 26, 26, 26, 26, 26, 24, 24, 24, 24, 23, 23, 23, 23, 23, 23, 26, 26, 26, 26, 26, 26, 24, 24, 24, 24, 23, 23, 23, 23, 23, 23, 19, 19, 19, 19, 19, 20, 20, 20, 20, 20, 20, 18, 18, 18, 18, 18, 19, 19, 19, 19, 19, 20, 20, 20, 20, 20, 20, 18, 18, 18, 18, 18, 19, 19, 19, 19, 19, 20, 20, 20, 20, 20, 20, 18, 18, 18, 18, 18, 19, 19, 19, 19, 19, 20, 20, 20, 20, 20, 20, 18, 18, 18, 18, 18, 19, 19, 19, 19, 19, 20, 20, 20, 20, 20, 20, 18, 18, 18, 18, 18, 19, 19, 19, 19, 19, 20, 20, 20, 20, 20, 20, 18, 18, 18, 18, 18, 19, 19, 19, 19, 19, 20, 20, 20, 20, 20, 20, 18, 18, 18, 18, 18, 19, 19, 19, 19, 19, 20, 20, 20, 20, 20, 20, 18, 18, 18, 18, 18, 6, 6, 6, 6, 6, 6, 6, 6, 15, 15, 15, 15, 15, 15, 15, 15, 6, 6, 6, 6, 6, 6, 6, 6, 15, 15, 15, 15, 15, 15, 15, 9, 10, 10, 10, 6, 6, 6, 6, 6, 15, 15, 9, 9, 9, 9, 9, 9, 10, 10, 10, 10, 10, 10, 10, 10, 9, 9, 9, 9, 9, 9, 9, 9, 10, 10, 10, 10, 10, 10, 10, 10, 9, 9, 9, 9, 9, 9, 9, 9, 10, 10, 10, 10, 10, 10, 10, 10, 9, 9, 9, 9, 9, 9, 9, 9, 10, 10, 10, 10, 10, 10, 10, 10, 9, 9, 9, 9, 9, 9, 9, 9, 10, 10, 10, 10, 10, 10, 10, 10, 9, 9, 9, 9, 9, 9, 9, 9, 10, 10, 10, 10, 10, 10, 10, 10, 9, 9, 9, 9, 9, 9, 9, 9, 10, 10, 10, 10, 10, 10, 10, 10, 9, 9, 9, 9, 9, 9, 9, 9, 10, 10, 10, 10, 10, 10, 10, 10, 22, 22, 22, 22, 22, 22, 9, 9, 10, 10, 10, 10, 10, 10, 10, 10, 22, 22, 22, 22, 22, 22, 22, 22, 10, 10, 10, 10, 10, 10, 10, 10, 22, 22, 22, 22, 22, 22, 22, 22, 10, 10, 10, 11, 11, 11, 11, 11, 22, 22, 22, 22, 22, 22, 22, 22, 11, 11, 11, 11, 11, 11, 11, 11, 22, 22, 22, 22, 22, 22, 22, 22, 11, 11, 11, 11, 11, 11, 11, 11, 22, 22, 22, 22, 22, 22, 22, 22, 11, 11, 11, 11, 11, 11, 11, 13, 4, 4, 4, 4, 4, 19, 19, 19, 11, 11, 11, 11, 11, 11, 11, 13, 4, 4, 4, 4, 19, 19, 19, 19, 11, 11, 11, 11, 11, 11, 11, 13, 4, 4, 4, 4, 19, 19, 19, 19, 11, 11, 11, 11, 11, 11, 13, 13, 4, 4, 4, 19, 19, 19, 19, 19, 11, 11, 11, 11, 11, 11, 13, 13, 17, 4, 4, 19, 19, 19, 19, 19, 11, 11, 11, 11, 11, 11, 13, 12, 17, 4, 19, 19, 19, 19, 19, 20, 11, 11, 11, 11, 11, 12, 12, 12, 17, 17, 19, 19, 20, 20, 20, 20, 11, 11, 11, 11, 12, 12, 12, 12, 17, 17, 20, 20, 20, 20, 20, 20, 22, 22, 22, 14, 12, 12, 12, 12, 30, 30, 20, 20, 20, 20, 20, 20, 22, 22, 22, 14, 14, 12, 12, 12, 30, 30, 18, 18, 20, 20, 20, 20, 22, 22, 22, 22, 14, 14, 21, 21, 30, 30, 18, 18, 18, 18, 18, 20, 22, 22, 22, 22, 14, 14, 21, 21, 30, 2, 2, 18, 18, 18, 18, 18, 22, 22, 22, 22, 14, 14, 21, 21, 2, 2, 2, 18, 18, 18, 18, 18, 22, 22, 22, 22, 14, 14, 14, 21, 2, 2, 2, 2, 18, 18, 18, 18, 22, 22, 22, 22, 22, 14, 14, 21, 2, 2, 2, 2, 18, 18, 18, 18, 22, 22, 22, 22, 22, 14, 14, 14, 2, 2, 2, 2, 2, 18, 18, 18, 6, 6, 6, 6, 6, 6, 6, 7, 5, 5, 5, 5, 5, 5, 26, 26, 6, 6, 6, 6, 6, 6, 6, 7, 5, 5, 5, 5, 5, 26, 26, 26, 6, 6, 6, 6, 6, 6, 6, 7, 27, 5, 5, 5, 26, 26, 26, 26, 6, 6, 6, 6, 6, 6, 7, 7, 27, 5, 5, 5, 26, 26, 26, 26, 6, 6, 6, 6, 6, 6, 7, 7, 27, 5, 5, 26, 26, 26, 26, 26, 6, 6, 6, 6, 6, 6, 8, 8, 27, 27, 26, 26, 26, 26, 26, 24, 6, 6, 6, 6, 6, 8, 8, 8, 27, 27, 26, 24, 24, 24, 24, 24, 6, 6, 6, 6, 8, 8, 8, 8, 25, 25, 24, 24, 24, 24, 24, 24, 15, 15, 15, 15, 8, 8, 8, 8, 25, 25, 24, 24, 24, 24, 24, 24, 15, 15, 15, 15, 15, 8, 8, 8, 25, 25, 23, 24, 24, 24, 24, 24, 15, 15, 15, 15, 15, 15, 16, 16, 33, 33, 23, 23, 23, 23, 23, 24, 15, 15, 15, 15, 15, 15, 16, 16, 33, 1, 1, 23, 23, 23, 23, 23, 15, 15, 15, 15, 15, 15, 16, 16, 33, 1, 1, 1, 23, 23, 23, 23, 15, 15, 15, 15, 15, 15, 15, 16, 33, 1, 1, 1, 23, 23, 23, 23, 15, 15, 15, 15, 15, 15, 15, 16, 33, 1, 1, 1, 1, 23, 23, 23, 15, 15, 15, 15, 15, 15, 15, 16, 33, 1, 1, 1, 1, 1, 23, 23, 15, 9, 9, 9, 9, 9, 9, 9, 9, 9, 9, 22, 22, 22, 22, 22, 15, 15, 9, 9, 9, 9, 9, 9, 9, 9, 22, 22, 22, 22, 22, 22, 15, 15, 15, 9, 9, 9, 9, 9, 9, 9, 22, 22, 22, 22, 22, 22, 15, 15, 15, 9, 9, 9, 9, 9, 9, 9, 22, 22, 22, 22, 22, 22, 15, 15, 15, 15, 9, 9, 9, 9, 9, 9, 22, 22, 22, 22, 22, 22, 15, 15, 15, 15, 15, 9, 9, 9, 9, 22, 22, 22, 22, 22, 14, 14, 15, 15, 15, 15, 15, 9, 9, 9, 9, 22, 22, 22, 22, 14, 14, 14, 16, 15, 15, 15, 15, 15, 9, 9, 9, 22, 22, 22, 14, 14, 14, 14, 33, 28, 28, 28, 28, 28, 0, 0, 0, 32, 32, 32, 32, 2, 2, 2, 1, 1, 1, 1, 1, 1, 0, 0, 0, 32, 2, 2, 2, 2, 2, 2, 1, 1, 1, 1, 1, 1, 1, 1, 2, 2, 2, 2, 2, 2, 2, 2, 1, 1, 1, 1, 1, 1, 1, 1, 2, 2, 2, 2, 2, 2, 2, 2, 1, 1, 1, 1, 1, 1, 1, 1, 18, 18, 2, 2, 2, 2, 2, 2, 1, 1, 1, 1, 1, 1, 1, 1, 18, 18, 18, 18, 18, 18, 18, 18, 23, 23, 23, 23, 23, 23, 23, 23, 18, 18, 18, 18, 18, 18, 18, 18, 23, 23, 23, 23, 23, 23, 23, 23, 18, 18, 18, 18, 18, 18, 18, 18, 6, 6, 10, 10, 10, 10, 10, 10, 10, 10, 10, 10, 10, 10, 11, 11, 6, 6, 6, 10, 10, 10, 10, 10, 10, 10, 10, 10, 10, 11, 11, 11, 6, 6, 6, 10, 10, 10, 10, 10, 10, 10, 10, 10, 10, 11, 11, 11, 6, 6, 6, 6, 10, 10, 10, 10, 10, 10, 10, 10, 11, 11, 11, 11, 6, 6, 6, 6, 10, 10, 10, 10, 10, 10, 10, 10, 11, 11, 11, 11, 6, 6, 6, 6, 6, 10, 10, 10, 10, 10, 10, 11, 11, 11, 11, 11, 6, 6, 6, 6, 6, 6, 10, 10, 10, 10, 11, 11, 11, 11, 11, 11, 7, 7, 6, 6, 6, 6, 10, 10, 10, 10, 11, 11, 11, 11, 11, 13, 5, 29, 29, 29, 29, 29, 3, 3, 3, 31, 31, 31, 31, 4, 4, 4, 5, 5, 5, 5, 5, 5, 3, 3, 3, 31, 4, 4, 4, 4, 4, 4, 5, 5, 5, 5, 5, 5, 5, 5, 4, 4, 4, 4, 4, 4, 4, 4, 5, 5, 5, 5, 5, 5, 5, 5, 4, 4, 4, 4, 4, 4, 4, 4, 5, 5, 5, 5, 5, 5, 5, 5, 19, 19, 4, 4, 4, 4, 4, 4, 5, 5, 5, 5, 5, 5, 5, 5, 19, 19, 19, 19, 19, 19, 19, 19, 26, 26, 26, 26, 26, 26, 26, 26, 19, 19, 19, 19, 19, 19, 19, 19, 26, 26, 26, 26, 26, 26, 26, 26, 19, 19, 19, 19, 19, 19, 19, 19, 22, 22, 22, 22, 22, 22, 22, 22, 11, 11, 11, 11, 11, 11, 11, 11, 22, 22, 22, 22, 22, 22, 22, 22, 11, 11, 11, 11, 11, 11, 11, 11, 22, 22, 22, 22, 22, 22, 22, 22, 11, 11, 11, 11, 11, 10, 10, 10, 22, 22, 22, 22, 22, 22, 22, 22, 10, 10, 10, 10, 10, 10, 10, 10, 22, 22, 22, 22, 22, 22, 22, 22, 10, 10, 10, 10, 10, 10, 10, 10, 9, 9, 22, 22, 22, 22, 22, 22, 10, 10, 10, 10, 10, 10, 10, 10, 9, 9, 9, 9, 9, 9, 9, 9, 10, 10, 10, 10, 10, 10, 10, 10, 9, 9, 9, 9, 9, 9, 9, 9, 10, 10, 10, 10, 10, 10, 10, 10, 9, 9, 9, 9, 9, 9, 9, 9, 10, 10, 10, 10, 10, 10, 10, 10, 9, 9, 9, 9, 9, 9, 9, 9, 10, 10, 10, 10, 10, 10, 10, 10, 9, 9, 9, 9, 9, 9, 9, 9, 10, 10, 10, 10, 10, 10, 10, 10, 9, 9, 9, 9, 9, 9, 9, 9, 10, 10, 10, 10, 10, 10, 10, 10, 9, 9, 9, 9, 9, 9, 9, 9, 10, 10, 10, 10, 10, 10, 10, 10, 9, 9, 9, 9, 9, 9, 15, 15, 6, 6, 6, 6, 6, 10, 10, 10, 9, 15, 15, 15, 15, 15, 15, 15, 6, 6, 6, 6, 6, 6, 6, 6, 15, 15, 15, 15, 15, 15, 15, 15, 6, 6, 6, 6, 6, 6, 6, 6, 18, 18, 18, 18, 18, 20, 20, 20, 20, 20, 20, 19, 19, 19, 19, 19, 18, 18, 18, 18, 18, 20, 20, 20, 20, 20, 20, 19, 19, 19, 19, 19, 18, 18, 18, 18, 18, 20, 20, 20, 20, 20, 20, 19, 19, 19, 19, 19, 18, 18, 18, 18, 18, 20, 20, 20, 20, 20, 20, 19, 19, 19, 19, 19, 18, 18, 18, 18, 18, 20, 20, 20, 20, 20, 20, 19, 19, 19, 19, 19, 18, 18, 18, 18, 18, 20, 20, 20, 20, 20, 20, 19, 19, 19, 19, 19, 18, 18, 18, 18, 18, 20, 20, 20, 20, 20, 20, 19, 19, 19, 19, 19, 18, 18, 18, 18, 18, 20, 20, 20, 20, 20, 20, 19, 19, 19, 19, 19, 23, 23, 23, 23, 23, 23, 24, 24, 24, 24, 26, 26, 26, 26, 26, 26, 23, 23, 23, 23, 23, 23, 24, 24, 24, 24, 26, 26, 26, 26, 26, 26, 23, 23, 23, 23, 23, 23, 24, 24, 24, 24, 26, 26, 26, 26, 26, 26, 23, 23, 23, 23, 23, 23, 24, 24, 24, 24, 26, 26, 26, 26, 26, 26, 23, 23, 23, 23, 23, 24, 24, 24, 24, 24, 24, 26, 26, 26, 26, 26, 23, 23, 23, 23, 23, 24, 24, 24, 24, 24, 24, 26, 26, 26, 26, 26, 23, 23, 23, 23, 23, 24, 24, 24, 24, 24, 24, 26, 26, 26, 26, 26, 23, 23, 23, 23, 23, 24, 24, 24, 24, 24, 24, 26, 26, 26, 26, 26, 23, 23, 1, 1, 1, 1, 1, 33, 16, 15, 15, 15, 15, 15, 15, 15, 23, 23, 23, 1, 1, 1, 1, 33, 16, 15, 15, 15, 15, 15, 15, 15, 23, 23, 23, 23, 1, 1, 1, 33, 16, 15, 15, 15, 15, 15, 15, 15, 23, 23, 23, 23, 1, 1, 1, 33, 16, 16, 15, 15, 15, 15, 15, 15, 23, 23, 23, 23, 23, 1, 1, 33, 16, 16, 15, 15, 15, 15, 15, 15, 24, 23, 23, 23, 23, 23, 33, 33, 16, 16, 15, 15, 15, 15, 15, 15, 24, 24, 24, 24, 24, 23, 25, 25, 8, 8, 8, 15, 15, 15, 15, 15, 24, 24, 24, 24, 24, 24, 25, 25, 8, 8, 8, 8, 15, 15, 15, 15, 24, 24, 24, 24, 24, 24, 25, 25, 8, 8, 8, 8, 6, 6, 6, 6, 24, 24, 24, 24, 24, 26, 27, 27, 8, 8, 8, 6, 6, 6, 6, 6, 24, 26, 26, 26, 26, 26, 27, 27, 8, 8, 6, 6, 6, 6, 6, 6, 26, 26, 26, 26, 26, 5, 5, 27, 7, 7, 6, 6, 6, 6, 6, 6, 26, 26, 26, 26, 5, 5, 5, 27, 7, 7, 6, 6, 6, 6, 6, 6, 26, 26, 26, 26, 5, 5, 5, 27, 7, 6, 6, 6, 6, 6, 6, 6, 26, 26, 26, 5, 5, 5, 5, 5, 7, 6, 6, 6, 6, 6, 6, 6, 26, 26, 5, 5, 5, 5, 5, 5, 7, 6, 6, 6, 6, 6, 6, 6, 18, 18, 18, 2, 2, 2, 2, 2, 14, 14, 14, 22, 22, 22, 22, 22, 18, 18, 18, 18, 2, 2, 2, 2, 21, 14, 14, 22, 22, 22, 22, 22, 18, 18, 18, 18, 2, 2, 2, 2, 21, 14, 14, 14, 22, 22, 22, 22, 18, 18, 18, 18, 18, 2, 2, 2, 21, 21, 14, 14, 22, 22, 22, 22, 18, 18, 18, 18, 18, 2, 2, 30, 21, 21, 14, 14, 22, 22, 22, 22, 20, 18, 18, 18, 18, 18, 30, 30, 21, 21, 14, 14, 22, 22, 22, 22, 20, 20, 20, 20, 18, 18, 30, 30, 12, 12, 12, 14, 14, 22, 22, 22, 20, 20, 20, 20, 20, 20, 30, 30, 12, 12, 12, 12, 14, 22, 22, 22, 20, 20, 20, 20, 20, 20, 17, 17, 12, 12, 12, 12, 11, 11, 11, 11, 20, 20, 20, 20, 19, 19, 17, 17, 12, 12, 12, 11, 11, 11, 11, 11, 20, 19, 19, 19, 19, 19, 4, 17, 12, 13, 11, 11, 11, 11, 11, 11, 19, 19, 19, 19, 19, 4, 4, 17, 13, 13, 11, 11, 11, 11, 11, 11, 19, 19, 19, 19, 19, 4, 4, 4, 13, 13, 11, 11, 11, 11, 11, 11, 19, 19, 19, 19, 4, 4, 4, 4, 13, 11, 11, 11, 11, 11, 11, 11, 19, 19, 19, 19, 4, 4, 4, 4, 13, 11, 11, 11, 11, 11, 11, 11, 19, 19, 19, 4, 4, 4, 4, 4, 13, 11, 11, 11, 11, 11, 11, 11, 19, 19, 19, 19, 19, 19, 19, 19, 26, 26, 26, 26, 26, 26, 26, 26, 19, 19, 19, 19, 19, 19, 19, 19, 26, 26, 26, 26, 26, 26, 26, 26, 19, 19, 19, 19, 19, 19, 19, 19, 5, 5, 5, 5, 5, 5, 5, 5, 4, 4, 4, 4, 4, 4, 19, 19, 5, 5, 5, 5, 5, 5, 5, 5, 4, 4, 4, 4, 4, 4, 4, 4, 5, 5, 5, 5, 5, 5, 5, 5, 4, 4, 4, 4, 4, 4, 4, 4, 5, 5, 5, 5, 5, 5, 5, 5, 4, 4, 4, 4, 4, 4, 31, 3, 3, 3, 5, 5, 5, 5, 5, 5, 4, 4, 4, 31, 31, 31, 31, 3, 3, 3, 29, 29, 29, 29, 29, 5, 13, 11, 11, 11, 11, 11, 10, 10, 10, 10, 6, 6, 6, 6, 7, 7, 11, 11, 11, 11, 11, 11, 10, 10, 10, 10, 6, 6, 6, 6, 6, 6, 11, 11, 11, 11, 11, 10, 10, 10, 10, 10, 10, 6, 6, 6, 6, 6, 11, 11, 11, 11, 10, 10, 10, 10, 10, 10, 10, 10, 6, 6, 6, 6, 11, 11, 11, 11, 10, 10, 10, 10, 10, 10, 10, 10, 6, 6, 6, 6, 11, 11, 11, 10, 10, 10, 10, 10, 10, 10, 10, 10, 10, 6, 6, 6, 11, 11, 11, 10, 10, 10, 10, 10, 10, 10, 10, 10, 10, 6, 6, 6, 11, 11, 10, 10, 10, 10, 10, 10, 10, 10, 10, 10, 10, 10, 6, 6, 18, 18, 18, 18, 18, 18, 18, 18, 23, 23, 23, 23, 23, 23, 23, 23, 18, 18, 18, 18, 18, 18, 18, 18, 23, 23, 23, 23, 23, 23, 23, 23, 18, 18, 18, 18, 18, 18, 18, 18, 1, 1, 1, 1, 1, 1, 1, 1, 2, 2, 2, 2, 2, 2, 18, 18, 1, 1, 1, 1, 1, 1, 1, 1, 2, 2, 2, 2, 2, 2, 2, 2, 1, 1, 1, 1, 1, 1, 1, 1, 2, 2, 2, 2, 2, 2, 2, 2, 1, 1, 1, 1, 1, 1, 1, 1, 2, 2, 2, 2, 2, 2, 32, 0, 0, 0, 1, 1, 1, 1, 1, 1, 2, 2, 2, 32, 32, 32, 32, 0, 0, 0, 28, 28, 28, 28, 28, 33, 14, 14, 14, 14, 22, 22, 22, 9, 9, 9, 15, 15, 15, 15, 15, 16, 14, 14, 14, 22, 22, 22, 22, 9, 9, 9, 9, 15, 15, 15, 15, 15, 14, 14, 22, 22, 22, 22, 22, 9, 9, 9, 9, 15, 15, 15, 15, 15, 22, 22, 22, 22, 22, 22, 9, 9, 9, 9, 9, 9, 15, 15, 15, 15, 22, 22, 22, 22, 22, 22, 9, 9, 9, 9, 9, 9, 9, 15, 15, 15, 22, 22, 22, 22, 22, 22, 9, 9, 9, 9, 9, 9, 9, 15, 15, 15, 22, 22, 22, 22, 22, 22, 9, 9, 9, 9, 9, 9, 9, 9, 15, 15, 22, 22, 22, 22, 22, 9, 9, 9, 9, 9, 9, 9, 9, 9, 9, 15, 73, 67, 69, 1, 86, 65, 76, 69, 2, 0, 0, 0, 34, 0, 0, 0, 186, 0, 0, 0, 7, 0, 0, 0, 6, 6, 6, 5, 6, 7, 6, 5, 7, 5, 5, 6, 6, 5, 5, 5, 4, 6, 5, 5, 7, 5, 6, 6, 4, 6, 6, 5, 5, 4, 6, 4, 5, 6, 9, 22, 32, 2, 1, 28, 2, 18, 23, 33, 28, 0, 0, 32, 21, 30, 18, 1, 4, 31, 10, 29, 5, 5, 19, 17, 13, 31, 3, 3, 29, 7, 27, 26, 19, 4, 7, 29, 10, 9, 15, 8, 8, 27, 5, 29, 6, 6, 15, 16, 33, 25, 27, 7, 15, 6, 10, 22, 0, 6, 3, 11, 22, 9, 12, 14, 22, 10, 31, 13, 13, 17, 30, 21, 14, 11, 11, 31, 4, 17, 12, 12, 21, 32, 22, 11, 28, 16, 8, 6, 9, 15, 28, 33, 8, 4, 19, 20, 30, 12, 13, 2, 30, 20, 23, 1, 5, 26, 20, 17, 4, 19, 26, 24, 23, 18, 30, 17, 12, 30, 2, 32, 14, 14, 32, 0, 9, 10, 11, 24, 25, 33, 1, 18, 20, 20, 26, 25, 23, 24, 26, 27, 8, 33, 23, 5, 27, 25, 24, 20, 19, 25, 26, 5, 7, 8, 0, 1, 33, 16, 15, 7, 5, 3, 6, 2, 21, 12, 17, 20, 18, 3, 4, 13, 11, 14, 21, 2, 0, 22, 1, 23, 25, 8, 16, 28, 0, 0, 128, 191, 51, 118, 139, 60, 244, 217, 170, 60, 90, 9, 33, 60, 90, 9, 33, 60]
            }
        }

        over "Link11_cover"
        {
            over "collisions" (
                prepend apiSchemas = ["PhysxCookedDataAPI:convexHull"]
            )
            {
                uchar[] physxCookedData:convexHull:buffer = [9, 241, 135, 224, 107, 136, 63, 195, 200, 52, 162, 89, 207, 22, 200, 14, 129, 78, 88, 83, 1, 67, 86, 88, 77, 14, 0, 0, 0, 0, 0, 0, 0, 73, 67, 69, 1, 67, 76, 72, 76, 9, 0, 0, 0, 34, 0, 0, 0, 85, 128, 0, 0, 53, 0, 0, 0, 170, 0, 0, 0, 3, 120, 11, 61, 43, 166, 121, 188, 90, 245, 57, 188, 202, 236, 184, 60, 182, 240, 13, 187, 41, 162, 154, 188, 3, 120, 11, 61, 43, 166, 121, 60, 90, 245, 57, 188, 3, 120, 11, 61, 43, 166, 121, 188, 90, 245, 57, 60, 3, 120, 11, 61, 43, 166, 121, 60, 90, 245, 57, 60, 166, 85, 185, 60, 182, 240, 13, 59, 41, 162, 154, 60, 254, 42, 58, 187, 152, 15, 245, 187, 93, 21, 143, 188, 15, 159, 148, 60, 163, 149, 155, 188, 235, 58, 14, 58, 16, 58, 15, 187, 44, 44, 252, 187, 29, 79, 142, 60, 16, 58, 15, 187, 44, 44, 252, 59, 29, 79, 142, 60, 15, 159, 148, 60, 163, 149, 155, 60, 235, 58, 14, 186, 148, 95, 58, 187, 154, 5, 245, 59, 110, 22, 143, 188, 112, 178, 130, 60, 4, 169, 137, 188, 140, 69, 17, 188, 112, 178, 130, 60, 4, 169, 137, 60, 140, 69, 17, 60, 3, 120, 11, 61, 80, 16, 154, 60, 74, 53, 49, 59, 209, 166, 124, 60, 253, 73, 133, 60, 161, 192, 32, 188, 209, 166, 124, 60, 253, 73, 133, 188, 161, 192, 32, 60, 3, 120, 11, 61, 211, 136, 150, 188, 57, 70, 158, 59, 247, 47, 196, 60, 65, 91, 242, 59, 253, 94, 143, 188, 209, 152, 196, 60, 65, 91, 242, 187, 253, 94, 143, 60, 3, 120, 11, 61, 67, 140, 152, 188, 28, 72, 119, 187, 163, 149, 2, 188, 12, 180, 52, 58, 168, 139, 155, 60, 111, 18, 3, 188, 163, 43, 41, 163, 227, 165, 155, 188, 217, 196, 215, 187, 141, 223, 148, 187, 250, 33, 151, 188, 181, 198, 215, 187, 219, 220, 148, 187, 36, 34, 151, 60, 181, 198, 215, 187, 219, 220, 148, 59, 36, 34, 151, 188, 54, 179, 205, 187, 144, 128, 162, 59, 175, 64, 150, 60, 3, 120, 11, 61, 67, 140, 152, 60, 28, 72, 119, 187, 77, 7, 204, 60, 18, 19, 25, 188, 167, 135, 135, 188, 41, 112, 204, 60, 18, 19, 25, 60, 167, 135, 135, 60, 89, 80, 81, 60, 130, 61, 95, 188, 49, 244, 88, 188, 89, 80, 81, 60, 130, 61, 95, 60, 49, 244, 88, 60, 53, 60, 61, 60, 95, 41, 75, 60, 128, 220, 107, 188, 107, 144, 68, 60, 148, 125, 82, 188, 54, 88, 101, 60, 0, 0, 128, 63, 0, 0, 0, 0, 0, 0, 0, 0, 3, 120, 11, 189, 0, 0, 8, 22, 209, 99, 12, 63, 0, 0, 0, 0, 88, 18, 86, 191, 62, 184, 230, 188, 8, 0, 3, 21, 147, 209, 12, 63, 0, 0, 0, 0, 53, 202, 85, 63, 160, 21, 231, 188, 11, 0, 3, 22, 91, 134, 247, 190, 253, 23, 96, 191, 131, 130, 110, 59, 215, 183, 0, 188, 14, 0, 3, 14, 252, 113, 247, 190, 158, 29, 96, 63, 234, 42, 111, 59, 234, 185, 0, 188, 17, 0, 3, 20, 53, 61, 203, 190, 30, 249, 104, 191, 16, 92, 244, 189, 213, 32, 36, 188, 20, 0, 3, 14, 24, 59, 205, 190, 21, 148, 104, 63, 210, 197, 241, 61, 226, 128, 34, 188, 23, 0, 3, 20, 141, 149, 226, 60, 9, 138, 108, 63, 161, 75, 195, 62, 50, 132, 158, 188, 26, 0, 3, 12, 20, 120, 8, 189, 154, 163, 121, 63, 70, 69, 96, 62, 35, 203, 145, 188, 29, 0, 3, 20, 24, 59, 191, 190, 10, 249, 105, 63, 89, 128, 34, 190, 63, 201, 46, 188, 32, 0, 3, 17, 120, 108, 19, 189, 148, 48, 118, 191, 40, 42, 139, 62, 51, 123, 145, 188, 35, 0, 3, 27, 43, 238, 103, 60, 218, 164, 102, 191, 17, 12, 222, 62, 194, 187, 156, 188, 38, 0, 3, 15, 82, 6, 193, 190, 93, 170, 105, 191, 71, 22, 33, 62, 223, 91, 45, 188, 41, 0, 3, 27, 168, 186, 249, 62, 98, 215, 97, 61, 136, 9, 95, 191, 40, 241, 223, 188, 44, 0, 3, 21, 111, 204, 250, 62, 70, 240, 95, 189, 154, 190, 94, 63, 64, 92, 224, 188, 47, 0, 3, 22, 187, 39, 254, 60, 188, 197, 127, 191, 221, 209, 233, 60, 27, 47, 160, 188, 50, 0, 3, 10, 14, 126, 21, 189, 215, 166, 121, 191, 117, 134, 95, 190, 247, 84, 145, 188, 53, 0, 3, 14, 252, 31, 189, 60, 112, 174, 105, 191, 214, 191, 208, 190, 106, 74, 158, 188, 56, 0, 3, 13, 174, 24, 118, 191, 128, 0, 141, 190, 35, 109, 188, 59, 49, 108, 248, 187, 59, 0, 4, 14, 50, 73, 25, 191, 3, 9, 77, 191, 189, 167, 98, 54, 19, 110, 248, 187, 63, 0, 4, 14, 255, 93, 126, 186, 80, 40, 166, 190, 240, 36, 114, 63, 80, 21, 155, 188, 67, 0, 3, 18, 154, 38, 31, 60, 55, 131, 1, 190, 153, 238, 125, 63, 202, 240, 152, 188, 70, 0, 4, 25, 241, 25, 151, 187, 92, 140, 249, 189, 245, 22, 126, 191, 234, 201, 154, 188, 74, 0, 3, 5, 205, 78, 136, 185, 203, 166, 162, 62, 33, 189, 114, 191, 29, 36, 155, 188, 77, 0, 3, 19, 108, 193, 91, 60, 120, 218, 7, 62, 189, 182, 125, 191, 5, 97, 153, 188, 80, 0, 4, 24, 189, 95, 116, 191, 83, 134, 152, 62, 172, 162, 152, 187, 152, 35, 253, 187, 84, 0, 3, 20, 44, 22, 14, 191, 236, 241, 84, 63, 238, 245, 172, 59, 97, 131, 252, 187, 87, 0, 3, 20, 86, 215, 29, 191, 16, 140, 73, 63, 35, 6, 118, 187, 50, 130, 252, 187, 90, 0, 3, 20, 86, 238, 109, 191, 12, 239, 188, 62, 247, 124, 107, 59, 89, 78, 253, 187, 93, 0, 3, 20, 252, 246, 113, 187, 65, 171, 26, 62, 168, 15, 125, 63, 153, 218, 154, 188, 96, 0, 3, 1, 151, 241, 138, 60, 199, 181, 105, 63, 101, 198, 208, 190, 196, 153, 156, 188, 99, 0, 3, 16, 64, 8, 7, 189, 238, 39, 118, 63, 130, 153, 139, 190, 3, 234, 145, 188, 102, 0, 3, 17, 33, 72, 143, 60, 64, 219, 127, 63, 169, 228, 233, 188, 63, 57, 158, 188, 105, 0, 3, 7, 200, 121, 51, 60, 243, 105, 156, 190, 209, 190, 115, 191, 93, 173, 154, 188, 108, 0, 4, 26, 251, 200, 208, 62, 98, 113, 35, 190, 42, 38, 102, 191, 128, 66, 217, 188, 112, 0, 3, 21, 14, 175, 72, 60, 90, 27, 158, 62, 215, 119, 115, 63, 18, 208, 154, 188, 115, 0, 4, 23, 175, 6, 210, 62, 76, 85, 34, 62, 111, 234, 101, 63, 67, 183, 217, 188, 119, 0, 3, 22, 170, 194, 30, 188, 203, 243, 79, 191, 173, 72, 21, 191, 233, 233, 152, 188, 122, 0, 3, 4, 105, 80, 87, 190, 118, 115, 91, 191, 223, 169, 240, 190, 178, 85, 121, 188, 125, 0, 3, 4, 158, 213, 78, 188, 156, 130, 22, 191, 94, 14, 79, 191, 141, 10, 152, 188, 128, 0, 3, 29, 192, 79, 157, 60, 84, 226, 36, 191, 150, 196, 67, 191, 46, 219, 156, 188, 131, 0, 3, 31, 170, 194, 30, 188, 203, 243, 79, 63, 173, 72, 21, 63, 233, 233, 152, 188, 134, 0, 3, 0, 5, 250, 86, 190, 25, 113, 91, 63, 211, 197, 240, 62, 36, 113, 121, 188, 137, 0, 3, 0, 133, 233, 55, 188, 3, 36, 23, 63, 5, 154, 78, 63, 28, 69, 152, 188, 140, 0, 3, 28, 171, 45, 157, 60, 105, 233, 36, 63, 164, 190, 67, 63, 80, 219, 156, 188, 143, 0, 3, 30, 3, 40, 37, 190, 128, 38, 81, 63, 212, 186, 13, 191, 72, 5, 133, 188, 146, 0, 3, 3, 123, 210, 39, 188, 9, 174, 68, 63, 25, 217, 35, 191, 127, 141, 152, 188, 149, 0, 3, 3, 233, 246, 15, 61, 211, 162, 22, 63, 77, 203, 78, 191, 115, 92, 158, 188, 152, 0, 3, 8, 142, 246, 4, 58, 2, 58, 7, 63, 189, 94, 89, 191, 79, 215, 153, 188, 155, 0, 3, 8, 21, 106, 49, 190, 234, 189, 83, 191, 107, 223, 8, 63, 45, 85, 131, 188, 158, 0, 3, 2, 39, 247, 15, 188, 38, 18, 71, 191, 170, 240, 32, 63, 142, 17, 153, 188, 161, 0, 3, 2, 103, 121, 6, 61, 24, 43, 23, 191, 43, 110, 78, 63, 158, 215, 157, 188, 164, 0, 3, 11, 89, 122, 7, 59, 46, 58, 11, 191, 55, 212, 86, 63, 244, 171, 153, 188, 167, 0, 3, 32, 27, 14, 4, 3, 17, 20, 0, 2, 0, 1, 2, 3, 4, 5, 6, 7, 8, 9, 10, 11, 12, 7, 6, 13, 10, 9, 13, 4, 14, 13, 14, 10, 15, 11, 10, 16, 7, 17, 16, 17, 3, 16, 8, 7, 18, 2, 1, 19, 3, 5, 20, 17, 7, 20, 7, 12, 20, 12, 0, 21, 22, 23, 24, 24, 23, 6, 8, 24, 8, 19, 19, 5, 21, 24, 23, 22, 1, 25, 11, 18, 18, 1, 22, 25, 25, 22, 21, 26, 9, 11, 26, 11, 25, 26, 25, 21, 26, 21, 5, 27, 2, 15, 27, 15, 10, 27, 10, 14, 28, 6, 23, 1, 28, 1, 0, 29, 9, 26, 5, 29, 5, 4, 30, 0, 12, 30, 12, 6, 30, 6, 28, 30, 28, 0, 31, 4, 13, 31, 13, 9, 31, 9, 29, 31, 29, 4, 32, 11, 15, 32, 15, 2, 32, 2, 18, 32, 18, 11, 33, 8, 16, 33, 16, 3, 33, 3, 19, 33, 19, 8, 0, 32, 0, 7, 0, 2, 0, 11, 0, 15, 0, 17, 0, 1, 0, 30, 1, 34, 1, 13, 2, 36, 2, 14, 3, 5, 3, 12, 3, 19, 4, 6, 4, 9, 4, 26, 5, 16, 5, 38, 6, 8, 6, 42, 7, 41, 7, 8, 8, 32, 9, 45, 9, 31, 10, 12, 10, 15, 10, 11, 11, 50, 12, 49, 13, 47, 13, 24, 14, 51, 14, 21, 15, 16, 16, 17, 17, 37, 18, 25, 18, 22, 18, 19, 18, 21, 19, 33, 19, 20, 20, 52, 20, 21, 21, 29, 22, 24, 22, 33, 23, 27, 23, 48, 23, 24, 24, 25, 25, 28, 26, 35, 26, 27, 27, 28, 28, 29, 29, 35, 30, 46, 30, 31, 31, 32, 33, 39, 33, 34, 34, 40, 35, 43, 35, 36, 36, 44, 37, 40, 37, 38, 38, 39, 39, 40, 41, 44, 41, 42, 42, 43, 43, 44, 45, 48, 45, 46, 46, 47, 47, 48, 49, 52, 49, 50, 50, 51, 51, 52, 0, 1, 17, 1, 13, 22, 0, 1, 13, 0, 2, 11, 0, 2, 7, 2, 14, 21, 3, 5, 19, 3, 5, 10, 3, 12, 19, 4, 6, 26, 4, 6, 8, 4, 9, 23, 5, 16, 17, 6, 7, 8, 0, 7, 8, 9, 30, 31, 10, 11, 12, 0, 10, 11, 13, 23, 24, 14, 20, 21, 0, 15, 16, 18, 21, 25, 18, 22, 24, 18, 19, 22, 18, 19, 20, 23, 24, 25, 26, 27, 28, 0, 30, 31, 33, 34, 39, 35, 36, 43, 37, 38, 39, 41, 42, 43, 45, 46, 47, 49, 50, 51, 27, 0, 14, 0, 14, 0, 4, 0, 4, 0, 3, 0, 3, 0, 17, 0, 17, 0, 20, 0, 20, 0, 0, 0, 0, 0, 2, 0, 2, 0, 27, 0, 0, 0, 1, 0, 1, 0, 2, 0, 4, 0, 5, 0, 5, 0, 3, 0, 6, 0, 7, 0, 7, 0, 8, 0, 8, 0, 6, 0, 9, 0, 10, 0, 10, 0, 11, 0, 11, 0, 9, 0, 12, 0, 7, 0, 6, 0, 12, 0, 13, 0, 10, 0, 9, 0, 13, 0, 13, 0, 4, 0, 14, 0, 13, 0, 14, 0, 10, 0, 15, 0, 11, 0, 10, 0, 15, 0, 16, 0, 7, 0, 7, 0, 17, 0, 17, 0, 16, 0, 3, 0, 16, 0, 16, 0, 8, 0, 18, 0, 2, 0, 1, 0, 18, 0, 19, 0, 3, 0, 5, 0, 19, 0, 7, 0, 20, 0, 12, 0, 20, 0, 12, 0, 0, 0, 21, 0, 22, 0, 22, 0, 23, 0, 23, 0, 24, 0, 24, 0, 21, 0, 23, 0, 6, 0, 8, 0, 24, 0, 8, 0, 19, 0, 19, 0, 24, 0, 5, 0, 21, 0, 22, 0, 1, 0, 1, 0, 23, 0, 25, 0, 11, 0, 11, 0, 18, 0, 18, 0, 25, 0, 22, 0, 25, 0, 21, 0, 25, 0, 26, 0, 9, 0, 11, 0, 26, 0, 25, 0, 26, 0, 21, 0, 26, 0, 5, 0, 26, 0, 2, 0, 15, 0, 15, 0, 27, 0, 10, 0, 27, 0, 28, 0, 6, 0, 1, 0, 28, 0, 0, 0, 28, 0, 29, 0, 9, 0, 5, 0, 29, 0, 4, 0, 29, 0, 30, 0, 0, 0, 12, 0, 30, 0, 6, 0, 30, 0, 28, 0, 30, 0, 31, 0, 4, 0, 13, 0, 31, 0, 9, 0, 31, 0, 29, 0, 31, 0, 32, 0, 11, 0, 15, 0, 32, 0, 2, 0, 32, 0, 18, 0, 32, 0, 33, 0, 8, 0, 16, 0, 33, 0, 3, 0, 33, 0, 19, 0, 33, 0, 0, 0, 0, 0, 112, 18, 3, 188, 163, 149, 155, 188, 228, 165, 155, 188, 3, 120, 11, 61, 163, 149, 155, 60, 168, 139, 155, 60, 200, 122, 24, 56, 233, 45, 198, 49, 249, 185, 71, 44, 42, 187, 14, 171, 249, 185, 71, 44, 150, 205, 139, 50, 207, 227, 210, 172, 42, 187, 14, 171, 207, 227, 210, 172, 93, 59, 134, 50, 3, 43, 127, 60, 0, 19, 68, 52, 251, 128, 40, 183, 0, 0, 128, 63, 73, 67, 69, 1, 83, 85, 80, 77, 0, 0, 0, 0, 73, 67, 69, 1, 71, 65, 85, 83, 0, 0, 0, 0, 16, 0, 0, 0, 0, 6, 0, 0, 0, 0, 0, 0, 0, 20, 20, 20, 17, 17, 17, 17, 3, 3, 3, 3, 0, 0, 0, 0, 0, 20, 20, 20, 17, 17, 17, 3, 3, 3, 3, 3, 0, 0, 0, 0, 0, 0, 20, 20, 17, 17, 17, 3, 3, 3, 3, 3, 0, 0, 0, 0, 0, 0, 20, 20, 17, 17, 3, 3, 3, 3, 3, 3, 0, 0, 0, 0, 0, 0, 20, 20, 17, 17, 3, 3, 3, 3, 3, 3, 0, 0, 0, 0, 0, 0, 0, 20, 17, 3, 3, 3, 3, 3, 3, 3, 0, 0, 0, 0, 0, 0, 0, 20, 17, 3, 3, 3, 3, 3, 3, 3, 0, 0, 0, 0, 0, 0, 0, 0, 3, 3, 3, 3, 3, 3, 3, 3, 2, 2, 2, 2, 2, 2, 2, 2, 4, 4, 4, 4, 4, 4, 4, 4, 2, 2, 2, 2, 2, 2, 2, 27, 14, 4, 4, 4, 4, 4, 4, 4, 2, 2, 2, 2, 2, 2, 2, 27, 14, 4, 4, 4, 4, 4, 4, 4, 2, 2, 2, 2, 2, 2, 27, 27, 14, 4, 4, 4, 4, 4, 4, 4, 2, 2, 2, 2, 2, 2, 27, 27, 14, 14, 4, 4, 4, 4, 4, 4, 2, 2, 2, 2, 2, 2, 27, 27, 14, 14, 4, 4, 4, 4, 4, 4, 2, 2, 2, 2, 2, 27, 27, 27, 14, 14, 14, 4, 4, 4, 4, 4, 2, 2, 2, 2, 2, 27, 27, 27, 14, 14, 14, 4, 4, 4, 4, 4, 23, 23, 23, 23, 23, 23, 23, 23, 24, 24, 24, 24, 24, 24, 24, 24, 23, 23, 23, 23, 23, 23, 23, 23, 24, 24, 24, 24, 24, 24, 24, 24, 23, 23, 23, 23, 23, 23, 23, 23, 24, 24, 24, 24, 24, 24, 24, 24, 23, 23, 23, 23, 23, 23, 23, 23, 24, 24, 24, 24, 24, 24, 24, 24, 23, 23, 23, 23, 23, 23, 23, 23, 24, 24, 24, 24, 24, 24, 24, 24, 22, 22, 22, 22, 22, 22, 22, 23, 24, 24, 24, 24, 24, 21, 21, 21, 22, 22, 22, 22, 22, 22, 22, 22, 21, 21, 21, 21, 21, 21, 21, 21, 22, 22, 22, 22, 22, 22, 22, 22, 21, 21, 21, 21, 21, 21, 21, 21, 22, 22, 22, 22, 22, 22, 22, 22, 21, 21, 21, 21, 21, 21, 21, 21, 22, 22, 22, 22, 22, 22, 22, 22, 21, 21, 21, 21, 21, 21, 21, 21, 22, 22, 22, 22, 22, 22, 22, 25, 21, 21, 21, 21, 21, 21, 21, 21, 25, 25, 25, 25, 25, 25, 25, 25, 26, 26, 26, 21, 21, 21, 21, 21, 25, 25, 25, 25, 25, 25, 25, 25, 26, 26, 26, 26, 26, 26, 26, 26, 25, 25, 25, 25, 25, 25, 25, 25, 26, 26, 26, 26, 26, 26, 26, 26, 25, 25, 25, 25, 25, 25, 25, 25, 26, 26, 26, 26, 26, 26, 26, 26, 25, 25, 25, 25, 25, 25, 25, 25, 26, 26, 26, 26, 26, 26, 26, 26, 25, 25, 25, 25, 11, 11, 11, 32, 2, 2, 2, 2, 2, 2, 2, 2, 25, 25, 25, 25, 11, 11, 11, 32, 2, 2, 2, 2, 2, 2, 2, 2, 25, 25, 25, 25, 11, 11, 11, 15, 2, 2, 2, 2, 2, 2, 2, 2, 25, 25, 25, 11, 11, 11, 15, 15, 2, 2, 2, 2, 2, 2, 2, 2, 25, 25, 25, 11, 11, 11, 15, 15, 2, 2, 2, 2, 2, 2, 2, 2, 25, 25, 25, 11, 11, 15, 15, 15, 27, 27, 27, 27, 27, 27, 27, 27, 25, 25, 25, 11, 11, 15, 10, 10, 27, 27, 27, 27, 27, 27, 27, 27, 25, 25, 11, 11, 10, 10, 10, 10, 27, 27, 27, 27, 27, 27, 27, 27, 26, 26, 26, 9, 10, 10, 10, 10, 14, 14, 14, 14, 14, 14, 14, 14, 26, 26, 26, 9, 9, 13, 13, 10, 14, 14, 14, 14, 14, 14, 14, 14, 26, 26, 26, 26, 9, 13, 13, 13, 14, 14, 14, 14, 14, 14, 14, 14, 26, 26, 26, 26, 9, 9, 13, 13, 4, 4, 4, 4, 4, 4, 4, 4, 26, 26, 26, 26, 9, 9, 31, 13, 4, 4, 4, 4, 4, 4, 4, 4, 26, 26, 26, 26, 9, 9, 9, 31, 4, 4, 4, 4, 4, 4, 4, 4, 26, 26, 26, 26, 26, 9, 9, 31, 4, 4, 4, 4, 4, 4, 4, 4, 26, 26, 26, 26, 26, 9, 9, 31, 4, 4, 4, 4, 4, 4, 4, 4, 23, 23, 23, 23, 6, 6, 6, 30, 0, 0, 0, 0, 0, 0, 0, 0, 23, 23, 23, 23, 6, 6, 6, 30, 0, 0, 0, 0, 0, 0, 0, 0, 23, 23, 23, 23, 6, 6, 6, 30, 0, 0, 0, 0, 0, 0, 0, 0, 23, 23, 23, 6, 6, 6, 30, 12, 0, 0, 0, 0, 0, 0, 0, 0, 23, 23, 23, 6, 6, 6, 12, 12, 0, 0, 0, 0, 0, 0, 0, 0, 23, 23, 23, 6, 6, 12, 12, 12, 20, 20, 20, 20, 20, 20, 20, 20, 23, 23, 23, 6, 6, 12, 12, 7, 20, 20, 20, 20, 20, 20, 20, 20, 23, 23, 6, 6, 7, 7, 7, 7, 20, 20, 20, 20, 20, 20, 20, 20, 24, 24, 24, 8, 7, 7, 7, 7, 17, 17, 17, 17, 17, 17, 17, 17, 24, 24, 24, 8, 8, 16, 7, 7, 17, 17, 17, 17, 17, 17, 17, 17, 24, 24, 24, 8, 8, 16, 16, 16, 17, 17, 17, 17, 17, 17, 17, 17, 24, 24, 24, 8, 8, 8, 16, 16, 17, 17, 17, 17, 17, 17, 17, 17, 24, 24, 24, 24, 8, 8, 16, 16, 3, 3, 3, 3, 3, 3, 3, 3, 24, 24, 24, 24, 8, 8, 8, 16, 3, 3, 3, 3, 3, 3, 3, 3, 24, 24, 24, 24, 8, 8, 8, 33, 3, 3, 3, 3, 3, 3, 3, 3, 24, 24, 24, 24, 8, 8, 8, 33, 3, 3, 3, 3, 3, 3, 3, 3, 24, 24, 24, 24, 24, 21, 21, 21, 21, 21, 21, 21, 26, 26, 26, 26, 24, 24, 24, 24, 24, 24, 21, 21, 21, 21, 21, 21, 26, 26, 26, 26, 24, 24, 24, 24, 24, 24, 21, 21, 21, 21, 21, 26, 26, 26, 26, 26, 24, 24, 24, 24, 24, 24, 21, 21, 21, 21, 21, 26, 26, 26, 26, 26, 8, 24, 24, 24, 24, 24, 21, 21, 21, 21, 21, 26, 26, 26, 26, 26, 8, 8, 24, 24, 24, 24, 24, 21, 21, 21, 26, 26, 26, 26, 9, 9, 8, 8, 8, 24, 24, 24, 24, 21, 21, 21, 26, 26, 26, 9, 9, 9, 33, 33, 8, 8, 8, 24, 24, 21, 21, 26, 26, 9, 9, 9, 31, 31, 3, 3, 3, 19, 19, 19, 19, 5, 5, 5, 29, 29, 29, 29, 4, 4, 3, 3, 3, 3, 19, 19, 19, 5, 5, 5, 29, 29, 4, 4, 4, 4, 3, 3, 3, 3, 3, 19, 19, 5, 5, 5, 29, 4, 4, 4, 4, 4, 3, 3, 3, 3, 3, 3, 3, 5, 5, 4, 4, 4, 4, 4, 4, 4, 3, 3, 3, 3, 3, 3, 3, 3, 4, 4, 4, 4, 4, 4, 4, 4, 3, 3, 3, 3, 3, 3, 3, 3, 4, 4, 4, 4, 4, 4, 4, 4, 3, 3, 3, 3, 3, 3, 3, 3, 4, 4, 4, 4, 4, 4, 4, 4, 3, 3, 3, 3, 3, 3, 3, 3, 4, 4, 4, 4, 4, 4, 4, 4, 23, 23, 23, 23, 23, 22, 22, 22, 22, 22, 22, 25, 25, 25, 25, 25, 23, 23, 23, 23, 23, 22, 22, 22, 22, 22, 22, 25, 25, 25, 25, 25, 23, 23, 23, 23, 23, 22, 22, 22, 22, 22, 22, 25, 25, 25, 25, 25, 23, 23, 23, 23, 23, 23, 22, 22, 22, 22, 25, 25, 25, 25, 25, 25, 6, 23, 23, 23, 23, 23, 22, 22, 22, 22, 25, 25, 25, 25, 25, 11, 6, 6, 23, 23, 23, 23, 22, 22, 22, 22, 25, 25, 25, 25, 11, 11, 6, 6, 6, 6, 23, 23, 23, 22, 22, 25, 25, 25, 11, 11, 11, 11, 30, 30, 6, 6, 6, 23, 23, 22, 22, 25, 25, 11, 11, 11, 32, 32, 0, 0, 28, 28, 28, 28, 1, 1, 1, 18, 18, 18, 18, 2, 2, 2, 0, 0, 0, 0, 28, 28, 1, 1, 1, 18, 18, 18, 2, 2, 2, 2, 0, 0, 0, 0, 0, 28, 1, 1, 1, 18, 18, 2, 2, 2, 2, 2, 0, 0, 0, 0, 0, 0, 0, 1, 1, 2, 2, 2, 2, 2, 2, 2, 0, 0, 0, 0, 0, 0, 0, 0, 2, 2, 2, 2, 2, 2, 2, 2, 0, 0, 0, 0, 0, 0, 0, 0, 2, 2, 2, 2, 2, 2, 2, 2, 0, 0, 0, 0, 0, 0, 0, 0, 2, 2, 2, 2, 2, 2, 2, 2, 0, 0, 0, 0, 0, 0, 0, 0, 2, 2, 2, 2, 2, 2, 2, 2, 26, 26, 26, 26, 26, 26, 26, 26, 25, 25, 25, 25, 25, 25, 25, 25, 26, 26, 26, 26, 26, 26, 26, 26, 25, 25, 25, 25, 25, 25, 25, 25, 26, 26, 26, 26, 26, 26, 26, 26, 25, 25, 25, 25, 25, 25, 25, 25, 26, 26, 26, 26, 26, 26, 26, 26, 25, 25, 25, 25, 25, 25, 25, 25, 21, 21, 21, 21, 21, 26, 26, 26, 25, 25, 25, 25, 25, 25, 25, 25, 21, 21, 21, 21, 21, 21, 21, 21, 25, 22, 22, 22, 22, 22, 22, 22, 21, 21, 21, 21, 21, 21, 21, 21, 22, 22, 22, 22, 22, 22, 22, 22, 21, 21, 21, 21, 21, 21, 21, 21, 22, 22, 22, 22, 22, 22, 22, 22, 21, 21, 21, 21, 21, 21, 21, 21, 22, 22, 22, 22, 22, 22, 22, 22, 21, 21, 21, 21, 21, 21, 21, 21, 22, 22, 22, 22, 22, 22, 22, 22, 21, 21, 21, 24, 24, 24, 24, 24, 23, 22, 22, 22, 22, 22, 22, 22, 24, 24, 24, 24, 24, 24, 24, 24, 23, 23, 23, 23, 23, 23, 23, 23, 24, 24, 24, 24, 24, 24, 24, 24, 23, 23, 23, 23, 23, 23, 23, 23, 24, 24, 24, 24, 24, 24, 24, 24, 23, 23, 23, 23, 23, 23, 23, 23, 24, 24, 24, 24, 24, 24, 24, 24, 23, 23, 23, 23, 23, 23, 23, 23, 24, 24, 24, 24, 24, 24, 24, 24, 23, 23, 23, 23, 23, 23, 23, 23, 4, 4, 4, 4, 4, 14, 14, 14, 27, 27, 27, 2, 2, 2, 2, 2, 4, 4, 4, 4, 4, 14, 14, 14, 27, 27, 27, 2, 2, 2, 2, 2, 4, 4, 4, 4, 4, 4, 14, 14, 27, 27, 2, 2, 2, 2, 2, 2, 4, 4, 4, 4, 4, 4, 14, 14, 27, 27, 2, 2, 2, 2, 2, 2, 4, 4, 4, 4, 4, 4, 4, 14, 27, 27, 2, 2, 2, 2, 2, 2, 4, 4, 4, 4, 4, 4, 4, 14, 27, 2, 2, 2, 2, 2, 2, 2, 4, 4, 4, 4, 4, 4, 4, 14, 27, 2, 2, 2, 2, 2, 2, 2, 4, 4, 4, 4, 4, 4, 4, 4, 2, 2, 2, 2, 2, 2, 2, 2, 3, 3, 3, 3, 3, 3, 3, 3, 0, 0, 0, 0, 0, 0, 0, 0, 3, 3, 3, 3, 3, 3, 3, 17, 20, 0, 0, 0, 0, 0, 0, 0, 3, 3, 3, 3, 3, 3, 3, 17, 20, 0, 0, 0, 0, 0, 0, 0, 3, 3, 3, 3, 3, 3, 17, 17, 20, 20, 0, 0, 0, 0, 0, 0, 3, 3, 3, 3, 3, 3, 17, 17, 20, 20, 0, 0, 0, 0, 0, 0, 3, 3, 3, 3, 3, 17, 17, 17, 20, 20, 0, 0, 0, 0, 0, 0, 3, 3, 3, 3, 3, 17, 17, 17, 20, 20, 20, 0, 0, 0, 0, 0, 3, 3, 3, 3, 17, 17, 17, 17, 20, 20, 20, 0, 0, 0, 0, 0, 3, 3, 3, 3, 3, 3, 3, 3, 33, 8, 8, 8, 24, 24, 24, 24, 3, 3, 3, 3, 3, 3, 3, 3, 33, 8, 8, 8, 24, 24, 24, 24, 3, 3, 3, 3, 3, 3, 3, 3, 16, 8, 8, 8, 24, 24, 24, 24, 3, 3, 3, 3, 3, 3, 3, 3, 16, 16, 8, 8, 24, 24, 24, 24, 17, 17, 17, 17, 17, 17, 17, 17, 16, 16, 8, 8, 8, 24, 24, 24, 17, 17, 17, 17, 17, 17, 17, 17, 16, 16, 16, 8, 8, 24, 24, 24, 17, 17, 17, 17, 17, 17, 17, 17, 7, 7, 16, 8, 8, 24, 24, 24, 17, 17, 17, 17, 17, 17, 17, 17, 7, 7, 7, 7, 8, 24, 24, 24, 20, 20, 20, 20, 20, 20, 20, 20, 7, 7, 7, 7, 6, 6, 23, 23, 20, 20, 20, 20, 20, 20, 20, 20, 7, 12, 12, 6, 6, 23, 23, 23, 20, 20, 20, 20, 20, 20, 20, 20, 12, 12, 12, 6, 6, 23, 23, 23, 0, 0, 0, 0, 0, 0, 0, 0, 12, 12, 6, 6, 6, 23, 23, 23, 0, 0, 0, 0, 0, 0, 0, 0, 12, 30, 6, 6, 6, 23, 23, 23, 0, 0, 0, 0, 0, 0, 0, 0, 30, 6, 6, 6, 23, 23, 23, 23, 0, 0, 0, 0, 0, 0, 0, 0, 30, 6, 6, 6, 23, 23, 23, 23, 0, 0, 0, 0, 0, 0, 0, 0, 30, 6, 6, 6, 23, 23, 23, 23, 4, 4, 4, 4, 4, 4, 4, 4, 31, 9, 9, 26, 26, 26, 26, 26, 4, 4, 4, 4, 4, 4, 4, 4, 31, 9, 9, 26, 26, 26, 26, 26, 4, 4, 4, 4, 4, 4, 4, 4, 31, 9, 9, 9, 26, 26, 26, 26, 4, 4, 4, 4, 4, 4, 4, 4, 13, 31, 9, 9, 26, 26, 26, 26, 4, 4, 4, 4, 4, 4, 4, 4, 13, 13, 9, 9, 26, 26, 26, 26, 14, 14, 14, 14, 14, 14, 14, 14, 13, 13, 13, 9, 26, 26, 26, 26, 14, 14, 14, 14, 14, 14, 14, 14, 10, 13, 13, 9, 9, 26, 26, 26, 14, 14, 14, 14, 14, 14, 14, 14, 10, 10, 10, 10, 9, 26, 26, 26, 27, 27, 27, 27, 27, 27, 27, 27, 10, 10, 10, 10, 11, 11, 25, 25, 27, 27, 27, 27, 27, 27, 27, 27, 10, 10, 15, 11, 11, 25, 25, 25, 27, 27, 27, 27, 27, 27, 27, 27, 15, 15, 15, 11, 11, 25, 25, 25, 2, 2, 2, 2, 2, 2, 2, 2, 15, 15, 11, 11, 11, 25, 25, 25, 2, 2, 2, 2, 2, 2, 2, 2, 15, 15, 11, 11, 11, 25, 25, 25, 2, 2, 2, 2, 2, 2, 2, 2, 15, 11, 11, 11, 25, 25, 25, 25, 2, 2, 2, 2, 2, 2, 2, 2, 32, 11, 11, 11, 25, 25, 25, 25, 2, 2, 2, 2, 2, 2, 2, 2, 32, 11, 11, 11, 25, 25, 25, 25, 2, 2, 2, 2, 2, 2, 2, 2, 0, 0, 0, 0, 0, 0, 0, 0, 2, 2, 2, 2, 2, 2, 2, 2, 0, 0, 0, 0, 0, 0, 0, 0, 2, 2, 2, 2, 2, 2, 2, 2, 0, 0, 0, 0, 0, 0, 0, 0, 2, 2, 2, 2, 2, 2, 2, 2, 0, 0, 0, 0, 0, 0, 0, 0, 2, 2, 2, 2, 2, 2, 2, 1, 1, 0, 0, 0, 0, 0, 0, 0, 2, 2, 2, 2, 2, 18, 18, 1, 1, 1, 28, 0, 0, 0, 0, 0, 2, 2, 2, 2, 18, 18, 18, 1, 1, 1, 28, 28, 0, 0, 0, 0, 2, 2, 2, 18, 18, 18, 18, 1, 1, 1, 28, 28, 28, 28, 0, 0, 32, 32, 11, 11, 11, 25, 25, 22, 22, 23, 23, 6, 6, 6, 30, 30, 11, 11, 11, 11, 25, 25, 25, 22, 22, 23, 23, 23, 6, 6, 6, 6, 11, 11, 25, 25, 25, 25, 22, 22, 22, 22, 23, 23, 23, 23, 6, 6, 11, 25, 25, 25, 25, 25, 22, 22, 22, 22, 23, 23, 23, 23, 23, 6, 25, 25, 25, 25, 25, 25, 22, 22, 22, 22, 23, 23, 23, 23, 23, 23, 25, 25, 25, 25, 25, 22, 22, 22, 22, 22, 22, 23, 23, 23, 23, 23, 25, 25, 25, 25, 25, 22, 22, 22, 22, 22, 22, 23, 23, 23, 23, 23, 25, 25, 25, 25, 25, 22, 22, 22, 22, 22, 22, 23, 23, 23, 23, 23, 4, 4, 4, 4, 4, 4, 4, 4, 3, 3, 3, 3, 3, 3, 3, 3, 4, 4, 4, 4, 4, 4, 4, 4, 3, 3, 3, 3, 3, 3, 3, 3, 4, 4, 4, 4, 4, 4, 4, 4, 3, 3, 3, 3, 3, 3, 3, 3, 4, 4, 4, 4, 4, 4, 4, 4, 3, 3, 3, 3, 3, 3, 3, 3, 4, 4, 4, 4, 4, 4, 4, 5, 5, 3, 3, 3, 3, 3, 3, 3, 4, 4, 4, 4, 4, 29, 5, 5, 5, 19, 19, 3, 3, 3, 3, 3, 4, 4, 4, 4, 29, 29, 5, 5, 5, 19, 19, 19, 3, 3, 3, 3, 4, 4, 29, 29, 29, 29, 5, 5, 5, 19, 19, 19, 19, 3, 3, 3, 31, 31, 9, 9, 9, 26, 26, 21, 21, 24, 24, 8, 8, 8, 33, 33, 9, 9, 9, 26, 26, 26, 21, 21, 21, 24, 24, 24, 24, 8, 8, 8, 9, 9, 26, 26, 26, 26, 21, 21, 21, 24, 24, 24, 24, 24, 8, 8, 26, 26, 26, 26, 26, 21, 21, 21, 21, 21, 24, 24, 24, 24, 24, 8, 26, 26, 26, 26, 26, 21, 21, 21, 21, 21, 24, 24, 24, 24, 24, 24, 26, 26, 26, 26, 26, 21, 21, 21, 21, 21, 24, 24, 24, 24, 24, 24, 26, 26, 26, 26, 21, 21, 21, 21, 21, 21, 24, 24, 24, 24, 24, 24, 26, 26, 26, 26, 21, 21, 21, 21, 21, 21, 21, 24, 24, 24, 24, 24, 73, 67, 69, 1, 86, 65, 76, 69, 2, 0, 0, 0, 34, 0, 0, 0, 170, 0, 0, 0, 7, 0, 0, 0, 6, 6, 6, 6, 6, 6, 6, 6, 6, 6, 6, 7, 5, 5, 4, 5, 5, 4, 5, 5, 4, 5, 4, 4, 4, 5, 5, 4, 4, 4, 4, 4, 4, 4, 2, 1, 28, 30, 12, 20, 2, 18, 22, 23, 28, 0, 27, 15, 32, 18, 1, 0, 17, 16, 33, 19, 5, 4, 3, 5, 29, 31, 13, 14, 3, 19, 21, 26, 29, 4, 7, 12, 30, 28, 23, 8, 8, 16, 17, 20, 12, 6, 6, 24, 19, 33, 16, 7, 10, 13, 31, 29, 26, 11, 11, 15, 27, 14, 13, 9, 9, 26, 25, 18, 32, 15, 10, 7, 20, 0, 30, 6, 10, 14, 4, 31, 9, 4, 13, 10, 27, 11, 32, 2, 27, 10, 7, 8, 33, 3, 17, 20, 7, 16, 3, 2, 32, 11, 25, 1, 3, 33, 8, 24, 5, 0, 12, 7, 17, 22, 25, 26, 5, 24, 23, 1, 25, 21, 24, 6, 1, 22, 21, 19, 8, 23, 11, 26, 21, 22, 18, 9, 5, 21, 25, 11, 14, 10, 15, 2, 6, 30, 0, 1, 9, 31, 4, 5, 0, 28, 6, 12, 4, 29, 9, 13, 11, 18, 2, 15, 8, 19, 3, 16, 0, 0, 128, 191, 116, 11, 124, 60, 35, 105, 128, 60, 162, 132, 17, 60, 162, 132, 17, 60]
            }
        }

        over "Link4_cover"
        {
            over "collisions" (
                prepend apiSchemas = ["PhysxCookedDataAPI:convexHull"]
            )
            {
                uchar[] physxCookedData:convexHull:buffer = [9, 228, 227, 143, 148, 23, 204, 67, 100, 12, 218, 144, 175, 184, 207, 211, 145, 78, 88, 83, 1, 67, 86, 88, 77, 14, 0, 0, 0, 0, 0, 0, 0, 73, 67, 69, 1, 67, 76, 72, 76, 9, 0, 0, 0, 34, 0, 0, 0, 85, 128, 0, 0, 53, 0, 0, 0, 170, 0, 0, 0, 3, 120, 11, 61, 43, 166, 121, 188, 90, 245, 57, 188, 202, 236, 184, 60, 182, 240, 13, 187, 41, 162, 154, 188, 3, 120, 11, 61, 43, 166, 121, 60, 90, 245, 57, 188, 3, 120, 11, 61, 43, 166, 121, 188, 90, 245, 57, 60, 3, 120, 11, 61, 43, 166, 121, 60, 90, 245, 57, 60, 166, 85, 185, 60, 182, 240, 13, 59, 41, 162, 154, 60, 254, 42, 58, 187, 152, 15, 245, 187, 93, 21, 143, 188, 15, 159, 148, 60, 163, 149, 155, 188, 235, 58, 14, 58, 16, 58, 15, 187, 44, 44, 252, 187, 29, 79, 142, 60, 16, 58, 15, 187, 44, 44, 252, 59, 29, 79, 142, 60, 15, 159, 148, 60, 163, 149, 155, 60, 235, 58, 14, 186, 148, 95, 58, 187, 154, 5, 245, 59, 110, 22, 143, 188, 112, 178, 130, 60, 4, 169, 137, 188, 140, 69, 17, 188, 112, 178, 130, 60, 4, 169, 137, 60, 140, 69, 17, 60, 3, 120, 11, 61, 80, 16, 154, 60, 74, 53, 49, 59, 209, 166, 124, 60, 253, 73, 133, 60, 161, 192, 32, 188, 209, 166, 124, 60, 253, 73, 133, 188, 161, 192, 32, 60, 3, 120, 11, 61, 211, 136, 150, 188, 57, 70, 158, 59, 247, 47, 196, 60, 65, 91, 242, 59, 253, 94, 143, 188, 209, 152, 196, 60, 65, 91, 242, 187, 253, 94, 143, 60, 3, 120, 11, 61, 67, 140, 152, 188, 28, 72, 119, 187, 163, 149, 2, 188, 12, 180, 52, 58, 168, 139, 155, 60, 111, 18, 3, 188, 170, 201, 30, 36, 227, 165, 155, 188, 217, 196, 215, 187, 141, 223, 148, 187, 250, 33, 151, 188, 181, 198, 215, 187, 219, 220, 148, 187, 36, 34, 151, 60, 181, 198, 215, 187, 219, 220, 148, 59, 36, 34, 151, 188, 54, 179, 205, 187, 144, 128, 162, 59, 175, 64, 150, 60, 3, 120, 11, 61, 67, 140, 152, 60, 28, 72, 119, 187, 77, 7, 204, 60, 18, 19, 25, 188, 167, 135, 135, 188, 41, 112, 204, 60, 18, 19, 25, 60, 167, 135, 135, 60, 89, 80, 81, 60, 130, 61, 95, 188, 49, 244, 88, 188, 89, 80, 81, 60, 130, 61, 95, 60, 49, 244, 88, 60, 53, 60, 61, 60, 95, 41, 75, 60, 128, 220, 107, 188, 107, 144, 68, 60, 148, 125, 82, 188, 54, 88, 101, 60, 0, 0, 128, 63, 0, 0, 0, 0, 0, 0, 0, 0, 3, 120, 11, 189, 0, 0, 8, 22, 209, 99, 12, 63, 0, 0, 0, 0, 88, 18, 86, 191, 62, 184, 230, 188, 8, 0, 3, 21, 147, 209, 12, 63, 0, 0, 0, 0, 53, 202, 85, 63, 160, 21, 231, 188, 11, 0, 3, 22, 91, 134, 247, 190, 253, 23, 96, 191, 131, 130, 110, 59, 215, 183, 0, 188, 14, 0, 3, 14, 252, 113, 247, 190, 158, 29, 96, 63, 234, 42, 111, 59, 234, 185, 0, 188, 17, 0, 3, 20, 53, 61, 203, 190, 30, 249, 104, 191, 16, 92, 244, 189, 213, 32, 36, 188, 20, 0, 3, 14, 24, 59, 205, 190, 21, 148, 104, 63, 210, 197, 241, 61, 226, 128, 34, 188, 23, 0, 3, 20, 141, 149, 226, 60, 9, 138, 108, 63, 161, 75, 195, 62, 50, 132, 158, 188, 26, 0, 3, 12, 20, 120, 8, 189, 154, 163, 121, 63, 70, 69, 96, 62, 35, 203, 145, 188, 29, 0, 3, 20, 24, 59, 191, 190, 10, 249, 105, 63, 89, 128, 34, 190, 63, 201, 46, 188, 32, 0, 3, 17, 120, 108, 19, 189, 148, 48, 118, 191, 40, 42, 139, 62, 51, 123, 145, 188, 35, 0, 3, 27, 43, 238, 103, 60, 218, 164, 102, 191, 17, 12, 222, 62, 194, 187, 156, 188, 38, 0, 3, 15, 82, 6, 193, 190, 93, 170, 105, 191, 71, 22, 33, 62, 223, 91, 45, 188, 41, 0, 3, 27, 168, 186, 249, 62, 98, 215, 97, 61, 136, 9, 95, 191, 40, 241, 223, 188, 44, 0, 3, 21, 111, 204, 250, 62, 70, 240, 95, 189, 154, 190, 94, 63, 64, 92, 224, 188, 47, 0, 3, 22, 187, 39, 254, 60, 188, 197, 127, 191, 221, 209, 233, 60, 27, 47, 160, 188, 50, 0, 3, 10, 14, 126, 21, 189, 215, 166, 121, 191, 117, 134, 95, 190, 247, 84, 145, 188, 53, 0, 3, 14, 252, 31, 189, 60, 112, 174, 105, 191, 214, 191, 208, 190, 106, 74, 158, 188, 56, 0, 3, 13, 174, 24, 118, 191, 128, 0, 141, 190, 35, 109, 188, 59, 49, 108, 248, 187, 59, 0, 4, 14, 50, 73, 25, 191, 3, 9, 77, 191, 189, 167, 98, 54, 19, 110, 248, 187, 63, 0, 4, 14, 255, 93, 126, 186, 80, 40, 166, 190, 240, 36, 114, 63, 80, 21, 155, 188, 67, 0, 3, 18, 154, 38, 31, 60, 55, 131, 1, 190, 153, 238, 125, 63, 202, 240, 152, 188, 70, 0, 4, 25, 241, 25, 151, 187, 92, 140, 249, 189, 245, 22, 126, 191, 234, 201, 154, 188, 74, 0, 3, 5, 205, 78, 136, 185, 203, 166, 162, 62, 33, 189, 114, 191, 29, 36, 155, 188, 77, 0, 3, 19, 108, 193, 91, 60, 120, 218, 7, 62, 189, 182, 125, 191, 5, 97, 153, 188, 80, 0, 4, 24, 189, 95, 116, 191, 83, 134, 152, 62, 172, 162, 152, 187, 152, 35, 253, 187, 84, 0, 3, 20, 44, 22, 14, 191, 236, 241, 84, 63, 238, 245, 172, 59, 97, 131, 252, 187, 87, 0, 3, 20, 86, 215, 29, 191, 16, 140, 73, 63, 35, 6, 118, 187, 50, 130, 252, 187, 90, 0, 3, 20, 86, 238, 109, 191, 12, 239, 188, 62, 247, 124, 107, 59, 89, 78, 253, 187, 93, 0, 3, 20, 252, 246, 113, 187, 65, 171, 26, 62, 168, 15, 125, 63, 153, 218, 154, 188, 96, 0, 3, 1, 151, 241, 138, 60, 199, 181, 105, 63, 101, 198, 208, 190, 196, 153, 156, 188, 99, 0, 3, 16, 64, 8, 7, 189, 238, 39, 118, 63, 130, 153, 139, 190, 3, 234, 145, 188, 102, 0, 3, 17, 33, 72, 143, 60, 64, 219, 127, 63, 169, 228, 233, 188, 63, 57, 158, 188, 105, 0, 3, 7, 200, 121, 51, 60, 243, 105, 156, 190, 209, 190, 115, 191, 93, 173, 154, 188, 108, 0, 4, 26, 251, 200, 208, 62, 98, 113, 35, 190, 42, 38, 102, 191, 128, 66, 217, 188, 112, 0, 3, 21, 14, 175, 72, 60, 90, 27, 158, 62, 215, 119, 115, 63, 18, 208, 154, 188, 115, 0, 4, 23, 175, 6, 210, 62, 76, 85, 34, 62, 111, 234, 101, 63, 67, 183, 217, 188, 119, 0, 3, 22, 170, 194, 30, 188, 203, 243, 79, 191, 173, 72, 21, 191, 233, 233, 152, 188, 122, 0, 3, 4, 105, 80, 87, 190, 118, 115, 91, 191, 223, 169, 240, 190, 178, 85, 121, 188, 125, 0, 3, 4, 158, 213, 78, 188, 156, 130, 22, 191, 94, 14, 79, 191, 141, 10, 152, 188, 128, 0, 3, 29, 192, 79, 157, 60, 84, 226, 36, 191, 150, 196, 67, 191, 46, 219, 156, 188, 131, 0, 3, 31, 170, 194, 30, 188, 203, 243, 79, 63, 173, 72, 21, 63, 233, 233, 152, 188, 134, 0, 3, 0, 5, 250, 86, 190, 25, 113, 91, 63, 211, 197, 240, 62, 36, 113, 121, 188, 137, 0, 3, 0, 133, 233, 55, 188, 3, 36, 23, 63, 5, 154, 78, 63, 28, 69, 152, 188, 140, 0, 3, 28, 171, 45, 157, 60, 105, 233, 36, 63, 164, 190, 67, 63, 80, 219, 156, 188, 143, 0, 3, 30, 3, 40, 37, 190, 128, 38, 81, 63, 212, 186, 13, 191, 72, 5, 133, 188, 146, 0, 3, 3, 123, 210, 39, 188, 9, 174, 68, 63, 25, 217, 35, 191, 127, 141, 152, 188, 149, 0, 3, 3, 233, 246, 15, 61, 211, 162, 22, 63, 77, 203, 78, 191, 115, 92, 158, 188, 152, 0, 3, 8, 142, 246, 4, 58, 2, 58, 7, 63, 189, 94, 89, 191, 79, 215, 153, 188, 155, 0, 3, 8, 21, 106, 49, 190, 234, 189, 83, 191, 107, 223, 8, 63, 45, 85, 131, 188, 158, 0, 3, 2, 39, 247, 15, 188, 38, 18, 71, 191, 170, 240, 32, 63, 142, 17, 153, 188, 161, 0, 3, 2, 103, 121, 6, 61, 24, 43, 23, 191, 43, 110, 78, 63, 158, 215, 157, 188, 164, 0, 3, 11, 89, 122, 7, 59, 46, 58, 11, 191, 55, 212, 86, 63, 244, 171, 153, 188, 167, 0, 3, 32, 27, 14, 4, 3, 17, 20, 0, 2, 0, 1, 2, 3, 4, 5, 6, 7, 8, 9, 10, 11, 12, 7, 6, 13, 10, 9, 13, 4, 14, 13, 14, 10, 15, 11, 10, 16, 7, 17, 16, 17, 3, 16, 8, 7, 18, 2, 1, 19, 3, 5, 20, 17, 7, 20, 7, 12, 20, 12, 0, 21, 22, 23, 24, 24, 23, 6, 8, 24, 8, 19, 19, 5, 21, 24, 23, 22, 1, 25, 11, 18, 18, 1, 22, 25, 25, 22, 21, 26, 9, 11, 26, 11, 25, 26, 25, 21, 26, 21, 5, 27, 2, 15, 27, 15, 10, 27, 10, 14, 28, 6, 23, 1, 28, 1, 0, 29, 9, 26, 5, 29, 5, 4, 30, 0, 12, 30, 12, 6, 30, 6, 28, 30, 28, 0, 31, 4, 13, 31, 13, 9, 31, 9, 29, 31, 29, 4, 32, 11, 15, 32, 15, 2, 32, 2, 18, 32, 18, 11, 33, 8, 16, 33, 16, 3, 33, 3, 19, 33, 19, 8, 0, 32, 0, 7, 0, 2, 0, 11, 0, 15, 0, 17, 0, 1, 0, 30, 1, 34, 1, 13, 2, 36, 2, 14, 3, 5, 3, 12, 3, 19, 4, 6, 4, 9, 4, 26, 5, 16, 5, 38, 6, 8, 6, 42, 7, 41, 7, 8, 8, 32, 9, 45, 9, 31, 10, 12, 10, 15, 10, 11, 11, 50, 12, 49, 13, 47, 13, 24, 14, 51, 14, 21, 15, 16, 16, 17, 17, 37, 18, 25, 18, 22, 18, 19, 18, 21, 19, 33, 19, 20, 20, 52, 20, 21, 21, 29, 22, 24, 22, 33, 23, 27, 23, 48, 23, 24, 24, 25, 25, 28, 26, 35, 26, 27, 27, 28, 28, 29, 29, 35, 30, 46, 30, 31, 31, 32, 33, 39, 33, 34, 34, 40, 35, 43, 35, 36, 36, 44, 37, 40, 37, 38, 38, 39, 39, 40, 41, 44, 41, 42, 42, 43, 43, 44, 45, 48, 45, 46, 46, 47, 47, 48, 49, 52, 49, 50, 50, 51, 51, 52, 0, 1, 17, 1, 13, 22, 0, 1, 13, 0, 2, 11, 0, 2, 7, 2, 14, 21, 3, 5, 19, 3, 5, 10, 3, 12, 19, 4, 6, 26, 4, 6, 8, 4, 9, 23, 5, 16, 17, 6, 7, 8, 0, 7, 8, 9, 30, 31, 10, 11, 12, 0, 10, 11, 13, 23, 24, 14, 20, 21, 0, 15, 16, 18, 21, 25, 18, 22, 24, 18, 19, 22, 18, 19, 20, 23, 24, 25, 26, 27, 28, 0, 30, 31, 33, 34, 39, 35, 36, 43, 37, 38, 39, 41, 42, 43, 45, 46, 47, 49, 50, 51, 27, 0, 14, 0, 14, 0, 4, 0, 4, 0, 3, 0, 3, 0, 17, 0, 17, 0, 20, 0, 20, 0, 0, 0, 0, 0, 2, 0, 2, 0, 27, 0, 0, 0, 1, 0, 1, 0, 2, 0, 4, 0, 5, 0, 5, 0, 3, 0, 6, 0, 7, 0, 7, 0, 8, 0, 8, 0, 6, 0, 9, 0, 10, 0, 10, 0, 11, 0, 11, 0, 9, 0, 12, 0, 7, 0, 6, 0, 12, 0, 13, 0, 10, 0, 9, 0, 13, 0, 13, 0, 4, 0, 14, 0, 13, 0, 14, 0, 10, 0, 15, 0, 11, 0, 10, 0, 15, 0, 16, 0, 7, 0, 7, 0, 17, 0, 17, 0, 16, 0, 3, 0, 16, 0, 16, 0, 8, 0, 18, 0, 2, 0, 1, 0, 18, 0, 19, 0, 3, 0, 5, 0, 19, 0, 7, 0, 20, 0, 12, 0, 20, 0, 12, 0, 0, 0, 21, 0, 22, 0, 22, 0, 23, 0, 23, 0, 24, 0, 24, 0, 21, 0, 23, 0, 6, 0, 8, 0, 24, 0, 8, 0, 19, 0, 19, 0, 24, 0, 5, 0, 21, 0, 22, 0, 1, 0, 1, 0, 23, 0, 25, 0, 11, 0, 11, 0, 18, 0, 18, 0, 25, 0, 22, 0, 25, 0, 21, 0, 25, 0, 26, 0, 9, 0, 11, 0, 26, 0, 25, 0, 26, 0, 21, 0, 26, 0, 5, 0, 26, 0, 2, 0, 15, 0, 15, 0, 27, 0, 10, 0, 27, 0, 28, 0, 6, 0, 1, 0, 28, 0, 0, 0, 28, 0, 29, 0, 9, 0, 5, 0, 29, 0, 4, 0, 29, 0, 30, 0, 0, 0, 12, 0, 30, 0, 6, 0, 30, 0, 28, 0, 30, 0, 31, 0, 4, 0, 13, 0, 31, 0, 9, 0, 31, 0, 29, 0, 31, 0, 32, 0, 11, 0, 15, 0, 32, 0, 2, 0, 32, 0, 18, 0, 32, 0, 33, 0, 8, 0, 16, 0, 33, 0, 3, 0, 33, 0, 19, 0, 33, 0, 0, 0, 0, 0, 112, 18, 3, 188, 163, 149, 155, 188, 228, 165, 155, 188, 3, 120, 11, 61, 163, 149, 155, 60, 168, 139, 155, 60, 200, 122, 24, 56, 233, 45, 198, 49, 249, 185, 71, 44, 42, 187, 14, 171, 249, 185, 71, 44, 150, 205, 139, 50, 207, 227, 210, 172, 42, 187, 14, 171, 207, 227, 210, 172, 93, 59, 134, 50, 3, 43, 127, 60, 0, 19, 68, 52, 251, 128, 40, 183, 0, 0, 128, 63, 73, 67, 69, 1, 83, 85, 80, 77, 0, 0, 0, 0, 73, 67, 69, 1, 71, 65, 85, 83, 0, 0, 0, 0, 16, 0, 0, 0, 0, 6, 0, 0, 0, 0, 0, 0, 0, 20, 20, 20, 17, 17, 17, 17, 3, 3, 3, 3, 0, 0, 0, 0, 0, 20, 20, 20, 17, 17, 17, 3, 3, 3, 3, 3, 0, 0, 0, 0, 0, 0, 20, 20, 17, 17, 17, 3, 3, 3, 3, 3, 0, 0, 0, 0, 0, 0, 20, 20, 17, 17, 3, 3, 3, 3, 3, 3, 0, 0, 0, 0, 0, 0, 20, 20, 17, 17, 3, 3, 3, 3, 3, 3, 0, 0, 0, 0, 0, 0, 0, 20, 17, 3, 3, 3, 3, 3, 3, 3, 0, 0, 0, 0, 0, 0, 0, 20, 17, 3, 3, 3, 3, 3, 3, 3, 0, 0, 0, 0, 0, 0, 0, 0, 3, 3, 3, 3, 3, 3, 3, 3, 2, 2, 2, 2, 2, 2, 2, 2, 4, 4, 4, 4, 4, 4, 4, 4, 2, 2, 2, 2, 2, 2, 2, 27, 14, 4, 4, 4, 4, 4, 4, 4, 2, 2, 2, 2, 2, 2, 2, 27, 14, 4, 4, 4, 4, 4, 4, 4, 2, 2, 2, 2, 2, 2, 27, 27, 14, 4, 4, 4, 4, 4, 4, 4, 2, 2, 2, 2, 2, 2, 27, 27, 14, 14, 4, 4, 4, 4, 4, 4, 2, 2, 2, 2, 2, 2, 27, 27, 14, 14, 4, 4, 4, 4, 4, 4, 2, 2, 2, 2, 2, 27, 27, 27, 14, 14, 14, 4, 4, 4, 4, 4, 2, 2, 2, 2, 2, 27, 27, 27, 14, 14, 14, 4, 4, 4, 4, 4, 23, 23, 23, 23, 23, 23, 23, 23, 24, 24, 24, 24, 24, 24, 24, 24, 23, 23, 23, 23, 23, 23, 23, 23, 24, 24, 24, 24, 24, 24, 24, 24, 23, 23, 23, 23, 23, 23, 23, 23, 24, 24, 24, 24, 24, 24, 24, 24, 23, 23, 23, 23, 23, 23, 23, 23, 24, 24, 24, 24, 24, 24, 24, 24, 23, 23, 23, 23, 23, 23, 23, 23, 24, 24, 24, 24, 24, 24, 24, 24, 22, 22, 22, 22, 22, 22, 22, 23, 24, 24, 24, 24, 24, 21, 21, 21, 22, 22, 22, 22, 22, 22, 22, 22, 21, 21, 21, 21, 21, 21, 21, 21, 22, 22, 22, 22, 22, 22, 22, 22, 21, 21, 21, 21, 21, 21, 21, 21, 22, 22, 22, 22, 22, 22, 22, 22, 21, 21, 21, 21, 21, 21, 21, 21, 22, 22, 22, 22, 22, 22, 22, 22, 21, 21, 21, 21, 21, 21, 21, 21, 22, 22, 22, 22, 22, 22, 22, 25, 21, 21, 21, 21, 21, 21, 21, 21, 25, 25, 25, 25, 25, 25, 25, 25, 26, 26, 26, 21, 21, 21, 21, 21, 25, 25, 25, 25, 25, 25, 25, 25, 26, 26, 26, 26, 26, 26, 26, 26, 25, 25, 25, 25, 25, 25, 25, 25, 26, 26, 26, 26, 26, 26, 26, 26, 25, 25, 25, 25, 25, 25, 25, 25, 26, 26, 26, 26, 26, 26, 26, 26, 25, 25, 25, 25, 25, 25, 25, 25, 26, 26, 26, 26, 26, 26, 26, 26, 25, 25, 25, 25, 11, 11, 11, 32, 2, 2, 2, 2, 2, 2, 2, 2, 25, 25, 25, 25, 11, 11, 11, 32, 2, 2, 2, 2, 2, 2, 2, 2, 25, 25, 25, 25, 11, 11, 11, 15, 2, 2, 2, 2, 2, 2, 2, 2, 25, 25, 25, 11, 11, 11, 15, 15, 2, 2, 2, 2, 2, 2, 2, 2, 25, 25, 25, 11, 11, 11, 15, 15, 2, 2, 2, 2, 2, 2, 2, 2, 25, 25, 25, 11, 11, 15, 15, 15, 27, 27, 27, 27, 27, 27, 27, 27, 25, 25, 25, 11, 11, 15, 10, 10, 27, 27, 27, 27, 27, 27, 27, 27, 25, 25, 11, 11, 10, 10, 10, 10, 27, 27, 27, 27, 27, 27, 27, 27, 26, 26, 26, 9, 10, 10, 10, 10, 14, 14, 14, 14, 14, 14, 14, 14, 26, 26, 26, 9, 9, 13, 13, 10, 14, 14, 14, 14, 14, 14, 14, 14, 26, 26, 26, 26, 9, 13, 13, 13, 14, 14, 14, 14, 14, 14, 14, 14, 26, 26, 26, 26, 9, 9, 13, 13, 4, 4, 4, 4, 4, 4, 4, 4, 26, 26, 26, 26, 9, 9, 31, 13, 4, 4, 4, 4, 4, 4, 4, 4, 26, 26, 26, 26, 9, 9, 9, 31, 4, 4, 4, 4, 4, 4, 4, 4, 26, 26, 26, 26, 26, 9, 9, 31, 4, 4, 4, 4, 4, 4, 4, 4, 26, 26, 26, 26, 26, 9, 9, 31, 4, 4, 4, 4, 4, 4, 4, 4, 23, 23, 23, 23, 6, 6, 6, 30, 0, 0, 0, 0, 0, 0, 0, 0, 23, 23, 23, 23, 6, 6, 6, 30, 0, 0, 0, 0, 0, 0, 0, 0, 23, 23, 23, 23, 6, 6, 6, 30, 0, 0, 0, 0, 0, 0, 0, 0, 23, 23, 23, 6, 6, 6, 30, 12, 0, 0, 0, 0, 0, 0, 0, 0, 23, 23, 23, 6, 6, 6, 12, 12, 0, 0, 0, 0, 0, 0, 0, 0, 23, 23, 23, 6, 6, 12, 12, 12, 20, 20, 20, 20, 20, 20, 20, 20, 23, 23, 23, 6, 6, 12, 12, 7, 20, 20, 20, 20, 20, 20, 20, 20, 23, 23, 6, 6, 7, 7, 7, 7, 20, 20, 20, 20, 20, 20, 20, 20, 24, 24, 24, 8, 7, 7, 7, 7, 17, 17, 17, 17, 17, 17, 17, 17, 24, 24, 24, 8, 8, 16, 7, 7, 17, 17, 17, 17, 17, 17, 17, 17, 24, 24, 24, 8, 8, 16, 16, 16, 17, 17, 17, 17, 17, 17, 17, 17, 24, 24, 24, 8, 8, 8, 16, 16, 17, 17, 17, 17, 17, 17, 17, 17, 24, 24, 24, 24, 8, 8, 16, 16, 3, 3, 3, 3, 3, 3, 3, 3, 24, 24, 24, 24, 8, 8, 8, 16, 3, 3, 3, 3, 3, 3, 3, 3, 24, 24, 24, 24, 8, 8, 8, 33, 3, 3, 3, 3, 3, 3, 3, 3, 24, 24, 24, 24, 8, 8, 8, 33, 3, 3, 3, 3, 3, 3, 3, 3, 24, 24, 24, 24, 24, 21, 21, 21, 21, 21, 21, 21, 26, 26, 26, 26, 24, 24, 24, 24, 24, 24, 21, 21, 21, 21, 21, 21, 26, 26, 26, 26, 24, 24, 24, 24, 24, 24, 21, 21, 21, 21, 21, 26, 26, 26, 26, 26, 24, 24, 24, 24, 24, 24, 21, 21, 21, 21, 21, 26, 26, 26, 26, 26, 8, 24, 24, 24, 24, 24, 21, 21, 21, 21, 21, 26, 26, 26, 26, 26, 8, 8, 24, 24, 24, 24, 24, 21, 21, 21, 26, 26, 26, 26, 9, 9, 8, 8, 8, 24, 24, 24, 24, 21, 21, 21, 26, 26, 26, 9, 9, 9, 33, 33, 8, 8, 8, 24, 24, 21, 21, 26, 26, 9, 9, 9, 31, 31, 3, 3, 3, 19, 19, 19, 19, 5, 5, 5, 29, 29, 29, 29, 4, 4, 3, 3, 3, 3, 19, 19, 19, 5, 5, 5, 29, 29, 4, 4, 4, 4, 3, 3, 3, 3, 3, 19, 19, 5, 5, 5, 29, 4, 4, 4, 4, 4, 3, 3, 3, 3, 3, 3, 3, 5, 5, 4, 4, 4, 4, 4, 4, 4, 3, 3, 3, 3, 3, 3, 3, 3, 4, 4, 4, 4, 4, 4, 4, 4, 3, 3, 3, 3, 3, 3, 3, 3, 4, 4, 4, 4, 4, 4, 4, 4, 3, 3, 3, 3, 3, 3, 3, 3, 4, 4, 4, 4, 4, 4, 4, 4, 3, 3, 3, 3, 3, 3, 3, 3, 4, 4, 4, 4, 4, 4, 4, 4, 23, 23, 23, 23, 23, 22, 22, 22, 22, 22, 22, 25, 25, 25, 25, 25, 23, 23, 23, 23, 23, 22, 22, 22, 22, 22, 22, 25, 25, 25, 25, 25, 23, 23, 23, 23, 23, 22, 22, 22, 22, 22, 22, 25, 25, 25, 25, 25, 23, 23, 23, 23, 23, 23, 22, 22, 22, 22, 25, 25, 25, 25, 25, 25, 6, 23, 23, 23, 23, 23, 22, 22, 22, 22, 25, 25, 25, 25, 25, 11, 6, 6, 23, 23, 23, 23, 22, 22, 22, 22, 25, 25, 25, 25, 11, 11, 6, 6, 6, 6, 23, 23, 23, 22, 22, 25, 25, 25, 11, 11, 11, 11, 30, 30, 6, 6, 6, 23, 23, 22, 22, 25, 25, 11, 11, 11, 32, 32, 0, 0, 28, 28, 28, 28, 1, 1, 1, 18, 18, 18, 18, 2, 2, 2, 0, 0, 0, 0, 28, 28, 1, 1, 1, 18, 18, 18, 2, 2, 2, 2, 0, 0, 0, 0, 0, 28, 1, 1, 1, 18, 18, 2, 2, 2, 2, 2, 0, 0, 0, 0, 0, 0, 0, 1, 1, 2, 2, 2, 2, 2, 2, 2, 0, 0, 0, 0, 0, 0, 0, 0, 2, 2, 2, 2, 2, 2, 2, 2, 0, 0, 0, 0, 0, 0, 0, 0, 2, 2, 2, 2, 2, 2, 2, 2, 0, 0, 0, 0, 0, 0, 0, 0, 2, 2, 2, 2, 2, 2, 2, 2, 0, 0, 0, 0, 0, 0, 0, 0, 2, 2, 2, 2, 2, 2, 2, 2, 26, 26, 26, 26, 26, 26, 26, 26, 25, 25, 25, 25, 25, 25, 25, 25, 26, 26, 26, 26, 26, 26, 26, 26, 25, 25, 25, 25, 25, 25, 25, 25, 26, 26, 26, 26, 26, 26, 26, 26, 25, 25, 25, 25, 25, 25, 25, 25, 26, 26, 26, 26, 26, 26, 26, 26, 25, 25, 25, 25, 25, 25, 25, 25, 21, 21, 21, 21, 21, 26, 26, 26, 25, 25, 25, 25, 25, 25, 25, 25, 21, 21, 21, 21, 21, 21, 21, 21, 25, 22, 22, 22, 22, 22, 22, 22, 21, 21, 21, 21, 21, 21, 21, 21, 22, 22, 22, 22, 22, 22, 22, 22, 21, 21, 21, 21, 21, 21, 21, 21, 22, 22, 22, 22, 22, 22, 22, 22, 21, 21, 21, 21, 21, 21, 21, 21, 22, 22, 22, 22, 22, 22, 22, 22, 21, 21, 21, 21, 21, 21, 21, 21, 22, 22, 22, 22, 22, 22, 22, 22, 21, 21, 21, 24, 24, 24, 24, 24, 23, 22, 22, 22, 22, 22, 22, 22, 24, 24, 24, 24, 24, 24, 24, 24, 23, 23, 23, 23, 23, 23, 23, 23, 24, 24, 24, 24, 24, 24, 24, 24, 23, 23, 23, 23, 23, 23, 23, 23, 24, 24, 24, 24, 24, 24, 24, 24, 23, 23, 23, 23, 23, 23, 23, 23, 24, 24, 24, 24, 24, 24, 24, 24, 23, 23, 23, 23, 23, 23, 23, 23, 24, 24, 24, 24, 24, 24, 24, 24, 23, 23, 23, 23, 23, 23, 23, 23, 4, 4, 4, 4, 4, 14, 14, 14, 27, 27, 27, 2, 2, 2, 2, 2, 4, 4, 4, 4, 4, 14, 14, 14, 27, 27, 27, 2, 2, 2, 2, 2, 4, 4, 4, 4, 4, 4, 14, 14, 27, 27, 2, 2, 2, 2, 2, 2, 4, 4, 4, 4, 4, 4, 14, 14, 27, 27, 2, 2, 2, 2, 2, 2, 4, 4, 4, 4, 4, 4, 4, 14, 27, 27, 2, 2, 2, 2, 2, 2, 4, 4, 4, 4, 4, 4, 4, 14, 27, 2, 2, 2, 2, 2, 2, 2, 4, 4, 4, 4, 4, 4, 4, 14, 27, 2, 2, 2, 2, 2, 2, 2, 4, 4, 4, 4, 4, 4, 4, 4, 2, 2, 2, 2, 2, 2, 2, 2, 3, 3, 3, 3, 3, 3, 3, 3, 0, 0, 0, 0, 0, 0, 0, 0, 3, 3, 3, 3, 3, 3, 3, 17, 20, 0, 0, 0, 0, 0, 0, 0, 3, 3, 3, 3, 3, 3, 3, 17, 20, 0, 0, 0, 0, 0, 0, 0, 3, 3, 3, 3, 3, 3, 17, 17, 20, 20, 0, 0, 0, 0, 0, 0, 3, 3, 3, 3, 3, 3, 17, 17, 20, 20, 0, 0, 0, 0, 0, 0, 3, 3, 3, 3, 3, 17, 17, 17, 20, 20, 0, 0, 0, 0, 0, 0, 3, 3, 3, 3, 3, 17, 17, 17, 20, 20, 20, 0, 0, 0, 0, 0, 3, 3, 3, 3, 17, 17, 17, 17, 20, 20, 20, 0, 0, 0, 0, 0, 3, 3, 3, 3, 3, 3, 3, 3, 33, 8, 8, 8, 24, 24, 24, 24, 3, 3, 3, 3, 3, 3, 3, 3, 33, 8, 8, 8, 24, 24, 24, 24, 3, 3, 3, 3, 3, 3, 3, 3, 16, 8, 8, 8, 24, 24, 24, 24, 3, 3, 3, 3, 3, 3, 3, 3, 16, 16, 8, 8, 24, 24, 24, 24, 17, 17, 17, 17, 17, 17, 17, 17, 16, 16, 8, 8, 8, 24, 24, 24, 17, 17, 17, 17, 17, 17, 17, 17, 16, 16, 16, 8, 8, 24, 24, 24, 17, 17, 17, 17, 17, 17, 17, 17, 7, 7, 16, 8, 8, 24, 24, 24, 17, 17, 17, 17, 17, 17, 17, 17, 7, 7, 7, 7, 8, 24, 24, 24, 20, 20, 20, 20, 20, 20, 20, 20, 7, 7, 7, 7, 6, 6, 23, 23, 20, 20, 20, 20, 20, 20, 20, 20, 7, 12, 12, 6, 6, 23, 23, 23, 20, 20, 20, 20, 20, 20, 20, 20, 12, 12, 12, 6, 6, 23, 23, 23, 0, 0, 0, 0, 0, 0, 0, 0, 12, 12, 6, 6, 6, 23, 23, 23, 0, 0, 0, 0, 0, 0, 0, 0, 12, 30, 6, 6, 6, 23, 23, 23, 0, 0, 0, 0, 0, 0, 0, 0, 30, 6, 6, 6, 23, 23, 23, 23, 0, 0, 0, 0, 0, 0, 0, 0, 30, 6, 6, 6, 23, 23, 23, 23, 0, 0, 0, 0, 0, 0, 0, 0, 30, 6, 6, 6, 23, 23, 23, 23, 4, 4, 4, 4, 4, 4, 4, 4, 31, 9, 9, 26, 26, 26, 26, 26, 4, 4, 4, 4, 4, 4, 4, 4, 31, 9, 9, 26, 26, 26, 26, 26, 4, 4, 4, 4, 4, 4, 4, 4, 31, 9, 9, 9, 26, 26, 26, 26, 4, 4, 4, 4, 4, 4, 4, 4, 13, 31, 9, 9, 26, 26, 26, 26, 4, 4, 4, 4, 4, 4, 4, 4, 13, 13, 9, 9, 26, 26, 26, 26, 14, 14, 14, 14, 14, 14, 14, 14, 13, 13, 13, 9, 26, 26, 26, 26, 14, 14, 14, 14, 14, 14, 14, 14, 10, 13, 13, 9, 9, 26, 26, 26, 14, 14, 14, 14, 14, 14, 14, 14, 10, 10, 10, 10, 9, 26, 26, 26, 27, 27, 27, 27, 27, 27, 27, 27, 10, 10, 10, 10, 11, 11, 25, 25, 27, 27, 27, 27, 27, 27, 27, 27, 10, 10, 15, 11, 11, 25, 25, 25, 27, 27, 27, 27, 27, 27, 27, 27, 15, 15, 15, 11, 11, 25, 25, 25, 2, 2, 2, 2, 2, 2, 2, 2, 15, 15, 11, 11, 11, 25, 25, 25, 2, 2, 2, 2, 2, 2, 2, 2, 15, 15, 11, 11, 11, 25, 25, 25, 2, 2, 2, 2, 2, 2, 2, 2, 15, 11, 11, 11, 25, 25, 25, 25, 2, 2, 2, 2, 2, 2, 2, 2, 32, 11, 11, 11, 25, 25, 25, 25, 2, 2, 2, 2, 2, 2, 2, 2, 32, 11, 11, 11, 25, 25, 25, 25, 2, 2, 2, 2, 2, 2, 2, 2, 0, 0, 0, 0, 0, 0, 0, 0, 2, 2, 2, 2, 2, 2, 2, 2, 0, 0, 0, 0, 0, 0, 0, 0, 2, 2, 2, 2, 2, 2, 2, 2, 0, 0, 0, 0, 0, 0, 0, 0, 2, 2, 2, 2, 2, 2, 2, 2, 0, 0, 0, 0, 0, 0, 0, 0, 2, 2, 2, 2, 2, 2, 2, 1, 1, 0, 0, 0, 0, 0, 0, 0, 2, 2, 2, 2, 2, 18, 18, 1, 1, 1, 28, 0, 0, 0, 0, 0, 2, 2, 2, 2, 18, 18, 18, 1, 1, 1, 28, 28, 0, 0, 0, 0, 2, 2, 2, 18, 18, 18, 18, 1, 1, 1, 28, 28, 28, 28, 0, 0, 32, 32, 11, 11, 11, 25, 25, 22, 22, 23, 23, 6, 6, 6, 30, 30, 11, 11, 11, 11, 25, 25, 25, 22, 22, 23, 23, 23, 6, 6, 6, 6, 11, 11, 25, 25, 25, 25, 22, 22, 22, 22, 23, 23, 23, 23, 6, 6, 11, 25, 25, 25, 25, 25, 22, 22, 22, 22, 23, 23, 23, 23, 23, 6, 25, 25, 25, 25, 25, 25, 22, 22, 22, 22, 23, 23, 23, 23, 23, 23, 25, 25, 25, 25, 25, 22, 22, 22, 22, 22, 22, 23, 23, 23, 23, 23, 25, 25, 25, 25, 25, 22, 22, 22, 22, 22, 22, 23, 23, 23, 23, 23, 25, 25, 25, 25, 25, 22, 22, 22, 22, 22, 22, 23, 23, 23, 23, 23, 4, 4, 4, 4, 4, 4, 4, 4, 3, 3, 3, 3, 3, 3, 3, 3, 4, 4, 4, 4, 4, 4, 4, 4, 3, 3, 3, 3, 3, 3, 3, 3, 4, 4, 4, 4, 4, 4, 4, 4, 3, 3, 3, 3, 3, 3, 3, 3, 4, 4, 4, 4, 4, 4, 4, 4, 3, 3, 3, 3, 3, 3, 3, 3, 4, 4, 4, 4, 4, 4, 4, 5, 5, 3, 3, 3, 3, 3, 3, 3, 4, 4, 4, 4, 4, 29, 5, 5, 5, 19, 19, 3, 3, 3, 3, 3, 4, 4, 4, 4, 29, 29, 5, 5, 5, 19, 19, 19, 3, 3, 3, 3, 4, 4, 29, 29, 29, 29, 5, 5, 5, 19, 19, 19, 19, 3, 3, 3, 31, 31, 9, 9, 9, 26, 26, 21, 21, 24, 24, 8, 8, 8, 33, 33, 9, 9, 9, 26, 26, 26, 21, 21, 21, 24, 24, 24, 24, 8, 8, 8, 9, 9, 26, 26, 26, 26, 21, 21, 21, 24, 24, 24, 24, 24, 8, 8, 26, 26, 26, 26, 26, 21, 21, 21, 21, 21, 24, 24, 24, 24, 24, 8, 26, 26, 26, 26, 26, 21, 21, 21, 21, 21, 24, 24, 24, 24, 24, 24, 26, 26, 26, 26, 26, 21, 21, 21, 21, 21, 24, 24, 24, 24, 24, 24, 26, 26, 26, 26, 21, 21, 21, 21, 21, 21, 24, 24, 24, 24, 24, 24, 26, 26, 26, 26, 21, 21, 21, 21, 21, 21, 21, 24, 24, 24, 24, 24, 73, 67, 69, 1, 86, 65, 76, 69, 2, 0, 0, 0, 34, 0, 0, 0, 170, 0, 0, 0, 7, 0, 0, 0, 6, 6, 6, 6, 6, 6, 6, 6, 6, 6, 6, 7, 5, 5, 4, 5, 5, 4, 5, 5, 4, 5, 4, 4, 4, 5, 5, 4, 4, 4, 4, 4, 4, 4, 2, 1, 28, 30, 12, 20, 2, 18, 22, 23, 28, 0, 27, 15, 32, 18, 1, 0, 17, 16, 33, 19, 5, 4, 3, 5, 29, 31, 13, 14, 3, 19, 21, 26, 29, 4, 7, 12, 30, 28, 23, 8, 8, 16, 17, 20, 12, 6, 6, 24, 19, 33, 16, 7, 10, 13, 31, 29, 26, 11, 11, 15, 27, 14, 13, 9, 9, 26, 25, 18, 32, 15, 10, 7, 20, 0, 30, 6, 10, 14, 4, 31, 9, 4, 13, 10, 27, 11, 32, 2, 27, 10, 7, 8, 33, 3, 17, 20, 7, 16, 3, 2, 32, 11, 25, 1, 3, 33, 8, 24, 5, 0, 12, 7, 17, 22, 25, 26, 5, 24, 23, 1, 25, 21, 24, 6, 1, 22, 21, 19, 8, 23, 11, 26, 21, 22, 18, 9, 5, 21, 25, 11, 14, 10, 15, 2, 6, 30, 0, 1, 9, 31, 4, 5, 0, 28, 6, 12, 4, 29, 9, 13, 11, 18, 2, 15, 8, 19, 3, 16, 0, 0, 128, 191, 116, 11, 124, 60, 35, 105, 128, 60, 162, 132, 17, 60, 162, 132, 17, 60]
            }
        }

        over "Link12_cover"
        {
            over "collisions" (
                prepend apiSchemas = ["PhysxCookedDataAPI:convexHull"]
            )
            {
                uchar[] physxCookedData:convexHull:buffer = [9, 173, 154, 62, 27, 214, 222, 54, 74, 207, 77, 217, 62, 163, 99, 112, 116, 78, 88, 83, 1, 67, 86, 88, 77, 14, 0, 0, 0, 0, 0, 0, 0, 73, 67, 69, 1, 67, 76, 72, 76, 9, 0, 0, 0, 34, 0, 0, 0, 85, 128, 0, 0, 53, 0, 0, 0, 170, 0, 0, 0, 3, 120, 11, 61, 43, 166, 121, 188, 90, 245, 57, 188, 202, 236, 184, 60, 182, 240, 13, 187, 41, 162, 154, 188, 3, 120, 11, 61, 43, 166, 121, 60, 90, 245, 57, 188, 3, 120, 11, 61, 43, 166, 121, 188, 90, 245, 57, 60, 3, 120, 11, 61, 43, 166, 121, 60, 90, 245, 57, 60, 166, 85, 185, 60, 182, 240, 13, 59, 41, 162, 154, 60, 254, 42, 58, 187, 152, 15, 245, 187, 93, 21, 143, 188, 15, 159, 148, 60, 163, 149, 155, 188, 235, 58, 14, 58, 16, 58, 15, 187, 44, 44, 252, 187, 29, 79, 142, 60, 16, 58, 15, 187, 44, 44, 252, 59, 29, 79, 142, 60, 15, 159, 148, 60, 163, 149, 155, 60, 235, 58, 14, 186, 148, 95, 58, 187, 154, 5, 245, 59, 110, 22, 143, 188, 112, 178, 130, 60, 4, 169, 137, 188, 140, 69, 17, 188, 112, 178, 130, 60, 4, 169, 137, 60, 140, 69, 17, 60, 3, 120, 11, 61, 80, 16, 154, 60, 74, 53, 49, 59, 209, 166, 124, 60, 253, 73, 133, 60, 161, 192, 32, 188, 209, 166, 124, 60, 253, 73, 133, 188, 161, 192, 32, 60, 3, 120, 11, 61, 211, 136, 150, 188, 57, 70, 158, 59, 247, 47, 196, 60, 65, 91, 242, 59, 253, 94, 143, 188, 209, 152, 196, 60, 65, 91, 242, 187, 253, 94, 143, 60, 3, 120, 11, 61, 67, 140, 152, 188, 28, 72, 119, 187, 163, 149, 2, 188, 12, 180, 52, 58, 168, 139, 155, 60, 111, 18, 3, 188, 245, 229, 185, 35, 227, 165, 155, 188, 217, 196, 215, 187, 141, 223, 148, 187, 250, 33, 151, 188, 181, 198, 215, 187, 219, 220, 148, 187, 36, 34, 151, 60, 181, 198, 215, 187, 219, 220, 148, 59, 36, 34, 151, 188, 54, 179, 205, 187, 144, 128, 162, 59, 175, 64, 150, 60, 3, 120, 11, 61, 67, 140, 152, 60, 28, 72, 119, 187, 77, 7, 204, 60, 18, 19, 25, 188, 167, 135, 135, 188, 41, 112, 204, 60, 18, 19, 25, 60, 167, 135, 135, 60, 89, 80, 81, 60, 130, 61, 95, 188, 49, 244, 88, 188, 89, 80, 81, 60, 130, 61, 95, 60, 49, 244, 88, 60, 53, 60, 61, 60, 95, 41, 75, 60, 128, 220, 107, 188, 107, 144, 68, 60, 148, 125, 82, 188, 54, 88, 101, 60, 0, 0, 128, 63, 0, 0, 0, 0, 0, 0, 0, 0, 3, 120, 11, 189, 0, 0, 8, 22, 209, 99, 12, 63, 0, 0, 0, 0, 88, 18, 86, 191, 62, 184, 230, 188, 8, 0, 3, 21, 147, 209, 12, 63, 0, 0, 0, 0, 53, 202, 85, 63, 160, 21, 231, 188, 11, 0, 3, 22, 91, 134, 247, 190, 253, 23, 96, 191, 131, 130, 110, 59, 215, 183, 0, 188, 14, 0, 3, 14, 252, 113, 247, 190, 158, 29, 96, 63, 234, 42, 111, 59, 234, 185, 0, 188, 17, 0, 3, 20, 53, 61, 203, 190, 30, 249, 104, 191, 16, 92, 244, 189, 213, 32, 36, 188, 20, 0, 3, 14, 24, 59, 205, 190, 21, 148, 104, 63, 210, 197, 241, 61, 226, 128, 34, 188, 23, 0, 3, 20, 141, 149, 226, 60, 9, 138, 108, 63, 161, 75, 195, 62, 50, 132, 158, 188, 26, 0, 3, 12, 20, 120, 8, 189, 154, 163, 121, 63, 70, 69, 96, 62, 35, 203, 145, 188, 29, 0, 3, 20, 24, 59, 191, 190, 10, 249, 105, 63, 89, 128, 34, 190, 63, 201, 46, 188, 32, 0, 3, 17, 120, 108, 19, 189, 148, 48, 118, 191, 40, 42, 139, 62, 51, 123, 145, 188, 35, 0, 3, 27, 43, 238, 103, 60, 218, 164, 102, 191, 17, 12, 222, 62, 194, 187, 156, 188, 38, 0, 3, 15, 82, 6, 193, 190, 93, 170, 105, 191, 71, 22, 33, 62, 223, 91, 45, 188, 41, 0, 3, 27, 168, 186, 249, 62, 98, 215, 97, 61, 136, 9, 95, 191, 40, 241, 223, 188, 44, 0, 3, 21, 111, 204, 250, 62, 70, 240, 95, 189, 154, 190, 94, 63, 64, 92, 224, 188, 47, 0, 3, 22, 187, 39, 254, 60, 188, 197, 127, 191, 221, 209, 233, 60, 27, 47, 160, 188, 50, 0, 3, 10, 14, 126, 21, 189, 215, 166, 121, 191, 117, 134, 95, 190, 247, 84, 145, 188, 53, 0, 3, 14, 252, 31, 189, 60, 112, 174, 105, 191, 214, 191, 208, 190, 106, 74, 158, 188, 56, 0, 3, 13, 174, 24, 118, 191, 128, 0, 141, 190, 35, 109, 188, 59, 49, 108, 248, 187, 59, 0, 4, 14, 50, 73, 25, 191, 3, 9, 77, 191, 189, 167, 98, 54, 19, 110, 248, 187, 63, 0, 4, 14, 255, 93, 126, 186, 80, 40, 166, 190, 240, 36, 114, 63, 80, 21, 155, 188, 67, 0, 3, 18, 154, 38, 31, 60, 55, 131, 1, 190, 153, 238, 125, 63, 202, 240, 152, 188, 70, 0, 4, 25, 241, 25, 151, 187, 92, 140, 249, 189, 245, 22, 126, 191, 234, 201, 154, 188, 74, 0, 3, 5, 205, 78, 136, 185, 203, 166, 162, 62, 33, 189, 114, 191, 29, 36, 155, 188, 77, 0, 3, 19, 108, 193, 91, 60, 120, 218, 7, 62, 189, 182, 125, 191, 5, 97, 153, 188, 80, 0, 4, 24, 189, 95, 116, 191, 83, 134, 152, 62, 172, 162, 152, 187, 152, 35, 253, 187, 84, 0, 3, 20, 44, 22, 14, 191, 236, 241, 84, 63, 238, 245, 172, 59, 97, 131, 252, 187, 87, 0, 3, 20, 86, 215, 29, 191, 16, 140, 73, 63, 35, 6, 118, 187, 50, 130, 252, 187, 90, 0, 3, 20, 86, 238, 109, 191, 12, 239, 188, 62, 247, 124, 107, 59, 89, 78, 253, 187, 93, 0, 3, 20, 252, 246, 113, 187, 65, 171, 26, 62, 168, 15, 125, 63, 153, 218, 154, 188, 96, 0, 3, 1, 151, 241, 138, 60, 199, 181, 105, 63, 101, 198, 208, 190, 196, 153, 156, 188, 99, 0, 3, 16, 64, 8, 7, 189, 238, 39, 118, 63, 130, 153, 139, 190, 3, 234, 145, 188, 102, 0, 3, 17, 33, 72, 143, 60, 64, 219, 127, 63, 169, 228, 233, 188, 63, 57, 158, 188, 105, 0, 3, 7, 200, 121, 51, 60, 243, 105, 156, 190, 209, 190, 115, 191, 93, 173, 154, 188, 108, 0, 4, 26, 251, 200, 208, 62, 98, 113, 35, 190, 42, 38, 102, 191, 128, 66, 217, 188, 112, 0, 3, 21, 14, 175, 72, 60, 90, 27, 158, 62, 215, 119, 115, 63, 18, 208, 154, 188, 115, 0, 4, 23, 175, 6, 210, 62, 76, 85, 34, 62, 111, 234, 101, 63, 67, 183, 217, 188, 119, 0, 3, 22, 170, 194, 30, 188, 203, 243, 79, 191, 173, 72, 21, 191, 233, 233, 152, 188, 122, 0, 3, 4, 105, 80, 87, 190, 118, 115, 91, 191, 223, 169, 240, 190, 178, 85, 121, 188, 125, 0, 3, 4, 158, 213, 78, 188, 156, 130, 22, 191, 94, 14, 79, 191, 141, 10, 152, 188, 128, 0, 3, 29, 192, 79, 157, 60, 84, 226, 36, 191, 150, 196, 67, 191, 46, 219, 156, 188, 131, 0, 3, 31, 170, 194, 30, 188, 203, 243, 79, 63, 173, 72, 21, 63, 233, 233, 152, 188, 134, 0, 3, 0, 5, 250, 86, 190, 25, 113, 91, 63, 211, 197, 240, 62, 36, 113, 121, 188, 137, 0, 3, 0, 133, 233, 55, 188, 3, 36, 23, 63, 5, 154, 78, 63, 28, 69, 152, 188, 140, 0, 3, 28, 171, 45, 157, 60, 105, 233, 36, 63, 164, 190, 67, 63, 80, 219, 156, 188, 143, 0, 3, 30, 3, 40, 37, 190, 128, 38, 81, 63, 212, 186, 13, 191, 72, 5, 133, 188, 146, 0, 3, 3, 123, 210, 39, 188, 9, 174, 68, 63, 25, 217, 35, 191, 127, 141, 152, 188, 149, 0, 3, 3, 233, 246, 15, 61, 211, 162, 22, 63, 77, 203, 78, 191, 115, 92, 158, 188, 152, 0, 3, 8, 142, 246, 4, 58, 2, 58, 7, 63, 189, 94, 89, 191, 79, 215, 153, 188, 155, 0, 3, 8, 21, 106, 49, 190, 234, 189, 83, 191, 107, 223, 8, 63, 45, 85, 131, 188, 158, 0, 3, 2, 39, 247, 15, 188, 38, 18, 71, 191, 170, 240, 32, 63, 142, 17, 153, 188, 161, 0, 3, 2, 103, 121, 6, 61, 24, 43, 23, 191, 43, 110, 78, 63, 158, 215, 157, 188, 164, 0, 3, 11, 89, 122, 7, 59, 46, 58, 11, 191, 55, 212, 86, 63, 244, 171, 153, 188, 167, 0, 3, 32, 27, 14, 4, 3, 17, 20, 0, 2, 0, 1, 2, 3, 4, 5, 6, 7, 8, 9, 10, 11, 12, 7, 6, 13, 10, 9, 13, 4, 14, 13, 14, 10, 15, 11, 10, 16, 7, 17, 16, 17, 3, 16, 8, 7, 18, 2, 1, 19, 3, 5, 20, 17, 7, 20, 7, 12, 20, 12, 0, 21, 22, 23, 24, 24, 23, 6, 8, 24, 8, 19, 19, 5, 21, 24, 23, 22, 1, 25, 11, 18, 18, 1, 22, 25, 25, 22, 21, 26, 9, 11, 26, 11, 25, 26, 25, 21, 26, 21, 5, 27, 2, 15, 27, 15, 10, 27, 10, 14, 28, 6, 23, 1, 28, 1, 0, 29, 9, 26, 5, 29, 5, 4, 30, 0, 12, 30, 12, 6, 30, 6, 28, 30, 28, 0, 31, 4, 13, 31, 13, 9, 31, 9, 29, 31, 29, 4, 32, 11, 15, 32, 15, 2, 32, 2, 18, 32, 18, 11, 33, 8, 16, 33, 16, 3, 33, 3, 19, 33, 19, 8, 0, 32, 0, 7, 0, 2, 0, 11, 0, 15, 0, 17, 0, 1, 0, 30, 1, 34, 1, 13, 2, 36, 2, 14, 3, 5, 3, 12, 3, 19, 4, 6, 4, 9, 4, 26, 5, 16, 5, 38, 6, 8, 6, 42, 7, 41, 7, 8, 8, 32, 9, 45, 9, 31, 10, 12, 10, 15, 10, 11, 11, 50, 12, 49, 13, 47, 13, 24, 14, 51, 14, 21, 15, 16, 16, 17, 17, 37, 18, 25, 18, 22, 18, 19, 18, 21, 19, 33, 19, 20, 20, 52, 20, 21, 21, 29, 22, 24, 22, 33, 23, 27, 23, 48, 23, 24, 24, 25, 25, 28, 26, 35, 26, 27, 27, 28, 28, 29, 29, 35, 30, 46, 30, 31, 31, 32, 33, 39, 33, 34, 34, 40, 35, 43, 35, 36, 36, 44, 37, 40, 37, 38, 38, 39, 39, 40, 41, 44, 41, 42, 42, 43, 43, 44, 45, 48, 45, 46, 46, 47, 47, 48, 49, 52, 49, 50, 50, 51, 51, 52, 0, 1, 17, 1, 13, 22, 0, 1, 13, 0, 2, 11, 0, 2, 7, 2, 14, 21, 3, 5, 19, 3, 5, 10, 3, 12, 19, 4, 6, 26, 4, 6, 8, 4, 9, 23, 5, 16, 17, 6, 7, 8, 0, 7, 8, 9, 30, 31, 10, 11, 12, 0, 10, 11, 13, 23, 24, 14, 20, 21, 0, 15, 16, 18, 21, 25, 18, 22, 24, 18, 19, 22, 18, 19, 20, 23, 24, 25, 26, 27, 28, 0, 30, 31, 33, 34, 39, 35, 36, 43, 37, 38, 39, 41, 42, 43, 45, 46, 47, 49, 50, 51, 27, 0, 14, 0, 14, 0, 4, 0, 4, 0, 3, 0, 3, 0, 17, 0, 17, 0, 20, 0, 20, 0, 0, 0, 0, 0, 2, 0, 2, 0, 27, 0, 0, 0, 1, 0, 1, 0, 2, 0, 4, 0, 5, 0, 5, 0, 3, 0, 6, 0, 7, 0, 7, 0, 8, 0, 8, 0, 6, 0, 9, 0, 10, 0, 10, 0, 11, 0, 11, 0, 9, 0, 12, 0, 7, 0, 6, 0, 12, 0, 13, 0, 10, 0, 9, 0, 13, 0, 13, 0, 4, 0, 14, 0, 13, 0, 14, 0, 10, 0, 15, 0, 11, 0, 10, 0, 15, 0, 16, 0, 7, 0, 7, 0, 17, 0, 17, 0, 16, 0, 3, 0, 16, 0, 16, 0, 8, 0, 18, 0, 2, 0, 1, 0, 18, 0, 19, 0, 3, 0, 5, 0, 19, 0, 7, 0, 20, 0, 12, 0, 20, 0, 12, 0, 0, 0, 21, 0, 22, 0, 22, 0, 23, 0, 23, 0, 24, 0, 24, 0, 21, 0, 23, 0, 6, 0, 8, 0, 24, 0, 8, 0, 19, 0, 19, 0, 24, 0, 5, 0, 21, 0, 22, 0, 1, 0, 1, 0, 23, 0, 25, 0, 11, 0, 11, 0, 18, 0, 18, 0, 25, 0, 22, 0, 25, 0, 21, 0, 25, 0, 26, 0, 9, 0, 11, 0, 26, 0, 25, 0, 26, 0, 21, 0, 26, 0, 5, 0, 26, 0, 2, 0, 15, 0, 15, 0, 27, 0, 10, 0, 27, 0, 28, 0, 6, 0, 1, 0, 28, 0, 0, 0, 28, 0, 29, 0, 9, 0, 5, 0, 29, 0, 4, 0, 29, 0, 30, 0, 0, 0, 12, 0, 30, 0, 6, 0, 30, 0, 28, 0, 30, 0, 31, 0, 4, 0, 13, 0, 31, 0, 9, 0, 31, 0, 29, 0, 31, 0, 32, 0, 11, 0, 15, 0, 32, 0, 2, 0, 32, 0, 18, 0, 32, 0, 33, 0, 8, 0, 16, 0, 33, 0, 3, 0, 33, 0, 19, 0, 33, 0, 0, 0, 0, 0, 112, 18, 3, 188, 163, 149, 155, 188, 228, 165, 155, 188, 3, 120, 11, 61, 163, 149, 155, 60, 168, 139, 155, 60, 200, 122, 24, 56, 233, 45, 198, 49, 249, 185, 71, 44, 42, 187, 14, 171, 249, 185, 71, 44, 150, 205, 139, 50, 207, 227, 210, 172, 42, 187, 14, 171, 207, 227, 210, 172, 93, 59, 134, 50, 3, 43, 127, 60, 0, 19, 68, 52, 251, 128, 40, 183, 0, 0, 128, 63, 73, 67, 69, 1, 83, 85, 80, 77, 0, 0, 0, 0, 73, 67, 69, 1, 71, 65, 85, 83, 0, 0, 0, 0, 16, 0, 0, 0, 0, 6, 0, 0, 0, 0, 0, 0, 0, 20, 20, 20, 17, 17, 17, 17, 3, 3, 3, 3, 0, 0, 0, 0, 0, 20, 20, 20, 17, 17, 17, 3, 3, 3, 3, 3, 0, 0, 0, 0, 0, 0, 20, 20, 17, 17, 17, 3, 3, 3, 3, 3, 0, 0, 0, 0, 0, 0, 20, 20, 17, 17, 3, 3, 3, 3, 3, 3, 0, 0, 0, 0, 0, 0, 20, 20, 17, 17, 3, 3, 3, 3, 3, 3, 0, 0, 0, 0, 0, 0, 0, 20, 17, 3, 3, 3, 3, 3, 3, 3, 0, 0, 0, 0, 0, 0, 0, 20, 17, 3, 3, 3, 3, 3, 3, 3, 0, 0, 0, 0, 0, 0, 0, 0, 3, 3, 3, 3, 3, 3, 3, 3, 2, 2, 2, 2, 2, 2, 2, 2, 4, 4, 4, 4, 4, 4, 4, 4, 2, 2, 2, 2, 2, 2, 2, 27, 14, 4, 4, 4, 4, 4, 4, 4, 2, 2, 2, 2, 2, 2, 2, 27, 14, 4, 4, 4, 4, 4, 4, 4, 2, 2, 2, 2, 2, 2, 27, 27, 14, 4, 4, 4, 4, 4, 4, 4, 2, 2, 2, 2, 2, 2, 27, 27, 14, 14, 4, 4, 4, 4, 4, 4, 2, 2, 2, 2, 2, 2, 27, 27, 14, 14, 4, 4, 4, 4, 4, 4, 2, 2, 2, 2, 2, 27, 27, 27, 14, 14, 14, 4, 4, 4, 4, 4, 2, 2, 2, 2, 2, 27, 27, 27, 14, 14, 14, 4, 4, 4, 4, 4, 23, 23, 23, 23, 23, 23, 23, 23, 24, 24, 24, 24, 24, 24, 24, 24, 23, 23, 23, 23, 23, 23, 23, 23, 24, 24, 24, 24, 24, 24, 24, 24, 23, 23, 23, 23, 23, 23, 23, 23, 24, 24, 24, 24, 24, 24, 24, 24, 23, 23, 23, 23, 23, 23, 23, 23, 24, 24, 24, 24, 24, 24, 24, 24, 23, 23, 23, 23, 23, 23, 23, 23, 24, 24, 24, 24, 24, 24, 24, 24, 22, 22, 22, 22, 22, 22, 22, 23, 24, 24, 24, 24, 24, 21, 21, 21, 22, 22, 22, 22, 22, 22, 22, 22, 21, 21, 21, 21, 21, 21, 21, 21, 22, 22, 22, 22, 22, 22, 22, 22, 21, 21, 21, 21, 21, 21, 21, 21, 22, 22, 22, 22, 22, 22, 22, 22, 21, 21, 21, 21, 21, 21, 21, 21, 22, 22, 22, 22, 22, 22, 22, 22, 21, 21, 21, 21, 21, 21, 21, 21, 22, 22, 22, 22, 22, 22, 22, 25, 21, 21, 21, 21, 21, 21, 21, 21, 25, 25, 25, 25, 25, 25, 25, 25, 26, 26, 26, 21, 21, 21, 21, 21, 25, 25, 25, 25, 25, 25, 25, 25, 26, 26, 26, 26, 26, 26, 26, 26, 25, 25, 25, 25, 25, 25, 25, 25, 26, 26, 26, 26, 26, 26, 26, 26, 25, 25, 25, 25, 25, 25, 25, 25, 26, 26, 26, 26, 26, 26, 26, 26, 25, 25, 25, 25, 25, 25, 25, 25, 26, 26, 26, 26, 26, 26, 26, 26, 25, 25, 25, 25, 11, 11, 11, 32, 2, 2, 2, 2, 2, 2, 2, 2, 25, 25, 25, 25, 11, 11, 11, 32, 2, 2, 2, 2, 2, 2, 2, 2, 25, 25, 25, 25, 11, 11, 11, 15, 2, 2, 2, 2, 2, 2, 2, 2, 25, 25, 25, 11, 11, 11, 15, 15, 2, 2, 2, 2, 2, 2, 2, 2, 25, 25, 25, 11, 11, 11, 15, 15, 2, 2, 2, 2, 2, 2, 2, 2, 25, 25, 25, 11, 11, 15, 15, 15, 27, 27, 27, 27, 27, 27, 27, 27, 25, 25, 25, 11, 11, 15, 10, 10, 27, 27, 27, 27, 27, 27, 27, 27, 25, 25, 11, 11, 10, 10, 10, 10, 27, 27, 27, 27, 27, 27, 27, 27, 26, 26, 26, 9, 10, 10, 10, 10, 14, 14, 14, 14, 14, 14, 14, 14, 26, 26, 26, 9, 9, 13, 13, 10, 14, 14, 14, 14, 14, 14, 14, 14, 26, 26, 26, 26, 9, 13, 13, 13, 14, 14, 14, 14, 14, 14, 14, 14, 26, 26, 26, 26, 9, 9, 13, 13, 4, 4, 4, 4, 4, 4, 4, 4, 26, 26, 26, 26, 9, 9, 31, 13, 4, 4, 4, 4, 4, 4, 4, 4, 26, 26, 26, 26, 9, 9, 9, 31, 4, 4, 4, 4, 4, 4, 4, 4, 26, 26, 26, 26, 26, 9, 9, 31, 4, 4, 4, 4, 4, 4, 4, 4, 26, 26, 26, 26, 26, 9, 9, 31, 4, 4, 4, 4, 4, 4, 4, 4, 23, 23, 23, 23, 6, 6, 6, 30, 0, 0, 0, 0, 0, 0, 0, 0, 23, 23, 23, 23, 6, 6, 6, 30, 0, 0, 0, 0, 0, 0, 0, 0, 23, 23, 23, 23, 6, 6, 6, 30, 0, 0, 0, 0, 0, 0, 0, 0, 23, 23, 23, 6, 6, 6, 30, 12, 0, 0, 0, 0, 0, 0, 0, 0, 23, 23, 23, 6, 6, 6, 12, 12, 0, 0, 0, 0, 0, 0, 0, 0, 23, 23, 23, 6, 6, 12, 12, 12, 20, 20, 20, 20, 20, 20, 20, 20, 23, 23, 23, 6, 6, 12, 12, 7, 20, 20, 20, 20, 20, 20, 20, 20, 23, 23, 6, 6, 7, 7, 7, 7, 20, 20, 20, 20, 20, 20, 20, 20, 24, 24, 24, 8, 7, 7, 7, 7, 17, 17, 17, 17, 17, 17, 17, 17, 24, 24, 24, 8, 8, 16, 7, 7, 17, 17, 17, 17, 17, 17, 17, 17, 24, 24, 24, 8, 8, 16, 16, 16, 17, 17, 17, 17, 17, 17, 17, 17, 24, 24, 24, 8, 8, 8, 16, 16, 17, 17, 17, 17, 17, 17, 17, 17, 24, 24, 24, 24, 8, 8, 16, 16, 3, 3, 3, 3, 3, 3, 3, 3, 24, 24, 24, 24, 8, 8, 8, 16, 3, 3, 3, 3, 3, 3, 3, 3, 24, 24, 24, 24, 8, 8, 8, 33, 3, 3, 3, 3, 3, 3, 3, 3, 24, 24, 24, 24, 8, 8, 8, 33, 3, 3, 3, 3, 3, 3, 3, 3, 24, 24, 24, 24, 24, 21, 21, 21, 21, 21, 21, 21, 26, 26, 26, 26, 24, 24, 24, 24, 24, 24, 21, 21, 21, 21, 21, 21, 26, 26, 26, 26, 24, 24, 24, 24, 24, 24, 21, 21, 21, 21, 21, 26, 26, 26, 26, 26, 24, 24, 24, 24, 24, 24, 21, 21, 21, 21, 21, 26, 26, 26, 26, 26, 8, 24, 24, 24, 24, 24, 21, 21, 21, 21, 21, 26, 26, 26, 26, 26, 8, 8, 24, 24, 24, 24, 24, 21, 21, 21, 26, 26, 26, 26, 9, 9, 8, 8, 8, 24, 24, 24, 24, 21, 21, 21, 26, 26, 26, 9, 9, 9, 33, 33, 8, 8, 8, 24, 24, 21, 21, 26, 26, 9, 9, 9, 31, 31, 3, 3, 3, 19, 19, 19, 19, 5, 5, 5, 29, 29, 29, 29, 4, 4, 3, 3, 3, 3, 19, 19, 19, 5, 5, 5, 29, 29, 4, 4, 4, 4, 3, 3, 3, 3, 3, 19, 19, 5, 5, 5, 29, 4, 4, 4, 4, 4, 3, 3, 3, 3, 3, 3, 3, 5, 5, 4, 4, 4, 4, 4, 4, 4, 3, 3, 3, 3, 3, 3, 3, 3, 4, 4, 4, 4, 4, 4, 4, 4, 3, 3, 3, 3, 3, 3, 3, 3, 4, 4, 4, 4, 4, 4, 4, 4, 3, 3, 3, 3, 3, 3, 3, 3, 4, 4, 4, 4, 4, 4, 4, 4, 3, 3, 3, 3, 3, 3, 3, 3, 4, 4, 4, 4, 4, 4, 4, 4, 23, 23, 23, 23, 23, 22, 22, 22, 22, 22, 22, 25, 25, 25, 25, 25, 23, 23, 23, 23, 23, 22, 22, 22, 22, 22, 22, 25, 25, 25, 25, 25, 23, 23, 23, 23, 23, 22, 22, 22, 22, 22, 22, 25, 25, 25, 25, 25, 23, 23, 23, 23, 23, 23, 22, 22, 22, 22, 25, 25, 25, 25, 25, 25, 6, 23, 23, 23, 23, 23, 22, 22, 22, 22, 25, 25, 25, 25, 25, 11, 6, 6, 23, 23, 23, 23, 22, 22, 22, 22, 25, 25, 25, 25, 11, 11, 6, 6, 6, 6, 23, 23, 23, 22, 22, 25, 25, 25, 11, 11, 11, 11, 30, 30, 6, 6, 6, 23, 23, 22, 22, 25, 25, 11, 11, 11, 32, 32, 0, 0, 28, 28, 28, 28, 1, 1, 1, 18, 18, 18, 18, 2, 2, 2, 0, 0, 0, 0, 28, 28, 1, 1, 1, 18, 18, 18, 2, 2, 2, 2, 0, 0, 0, 0, 0, 28, 1, 1, 1, 18, 18, 2, 2, 2, 2, 2, 0, 0, 0, 0, 0, 0, 0, 1, 1, 2, 2, 2, 2, 2, 2, 2, 0, 0, 0, 0, 0, 0, 0, 0, 2, 2, 2, 2, 2, 2, 2, 2, 0, 0, 0, 0, 0, 0, 0, 0, 2, 2, 2, 2, 2, 2, 2, 2, 0, 0, 0, 0, 0, 0, 0, 0, 2, 2, 2, 2, 2, 2, 2, 2, 0, 0, 0, 0, 0, 0, 0, 0, 2, 2, 2, 2, 2, 2, 2, 2, 26, 26, 26, 26, 26, 26, 26, 26, 25, 25, 25, 25, 25, 25, 25, 25, 26, 26, 26, 26, 26, 26, 26, 26, 25, 25, 25, 25, 25, 25, 25, 25, 26, 26, 26, 26, 26, 26, 26, 26, 25, 25, 25, 25, 25, 25, 25, 25, 26, 26, 26, 26, 26, 26, 26, 26, 25, 25, 25, 25, 25, 25, 25, 25, 21, 21, 21, 21, 21, 26, 26, 26, 25, 25, 25, 25, 25, 25, 25, 25, 21, 21, 21, 21, 21, 21, 21, 21, 25, 22, 22, 22, 22, 22, 22, 22, 21, 21, 21, 21, 21, 21, 21, 21, 22, 22, 22, 22, 22, 22, 22, 22, 21, 21, 21, 21, 21, 21, 21, 21, 22, 22, 22, 22, 22, 22, 22, 22, 21, 21, 21, 21, 21, 21, 21, 21, 22, 22, 22, 22, 22, 22, 22, 22, 21, 21, 21, 21, 21, 21, 21, 21, 22, 22, 22, 22, 22, 22, 22, 22, 21, 21, 21, 24, 24, 24, 24, 24, 23, 22, 22, 22, 22, 22, 22, 22, 24, 24, 24, 24, 24, 24, 24, 24, 23, 23, 23, 23, 23, 23, 23, 23, 24, 24, 24, 24, 24, 24, 24, 24, 23, 23, 23, 23, 23, 23, 23, 23, 24, 24, 24, 24, 24, 24, 24, 24, 23, 23, 23, 23, 23, 23, 23, 23, 24, 24, 24, 24, 24, 24, 24, 24, 23, 23, 23, 23, 23, 23, 23, 23, 24, 24, 24, 24, 24, 24, 24, 24, 23, 23, 23, 23, 23, 23, 23, 23, 4, 4, 4, 4, 4, 14, 14, 14, 27, 27, 27, 2, 2, 2, 2, 2, 4, 4, 4, 4, 4, 14, 14, 14, 27, 27, 27, 2, 2, 2, 2, 2, 4, 4, 4, 4, 4, 4, 14, 14, 27, 27, 2, 2, 2, 2, 2, 2, 4, 4, 4, 4, 4, 4, 14, 14, 27, 27, 2, 2, 2, 2, 2, 2, 4, 4, 4, 4, 4, 4, 4, 14, 27, 27, 2, 2, 2, 2, 2, 2, 4, 4, 4, 4, 4, 4, 4, 14, 27, 2, 2, 2, 2, 2, 2, 2, 4, 4, 4, 4, 4, 4, 4, 14, 27, 2, 2, 2, 2, 2, 2, 2, 4, 4, 4, 4, 4, 4, 4, 4, 2, 2, 2, 2, 2, 2, 2, 2, 3, 3, 3, 3, 3, 3, 3, 3, 0, 0, 0, 0, 0, 0, 0, 0, 3, 3, 3, 3, 3, 3, 3, 17, 20, 0, 0, 0, 0, 0, 0, 0, 3, 3, 3, 3, 3, 3, 3, 17, 20, 0, 0, 0, 0, 0, 0, 0, 3, 3, 3, 3, 3, 3, 17, 17, 20, 20, 0, 0, 0, 0, 0, 0, 3, 3, 3, 3, 3, 3, 17, 17, 20, 20, 0, 0, 0, 0, 0, 0, 3, 3, 3, 3, 3, 17, 17, 17, 20, 20, 0, 0, 0, 0, 0, 0, 3, 3, 3, 3, 3, 17, 17, 17, 20, 20, 20, 0, 0, 0, 0, 0, 3, 3, 3, 3, 17, 17, 17, 17, 20, 20, 20, 0, 0, 0, 0, 0, 3, 3, 3, 3, 3, 3, 3, 3, 33, 8, 8, 8, 24, 24, 24, 24, 3, 3, 3, 3, 3, 3, 3, 3, 33, 8, 8, 8, 24, 24, 24, 24, 3, 3, 3, 3, 3, 3, 3, 3, 16, 8, 8, 8, 24, 24, 24, 24, 3, 3, 3, 3, 3, 3, 3, 3, 16, 16, 8, 8, 24, 24, 24, 24, 17, 17, 17, 17, 17, 17, 17, 17, 16, 16, 8, 8, 8, 24, 24, 24, 17, 17, 17, 17, 17, 17, 17, 17, 16, 16, 16, 8, 8, 24, 24, 24, 17, 17, 17, 17, 17, 17, 17, 17, 7, 7, 16, 8, 8, 24, 24, 24, 17, 17, 17, 17, 17, 17, 17, 17, 7, 7, 7, 7, 8, 24, 24, 24, 20, 20, 20, 20, 20, 20, 20, 20, 7, 7, 7, 7, 6, 6, 23, 23, 20, 20, 20, 20, 20, 20, 20, 20, 7, 12, 12, 6, 6, 23, 23, 23, 20, 20, 20, 20, 20, 20, 20, 20, 12, 12, 12, 6, 6, 23, 23, 23, 0, 0, 0, 0, 0, 0, 0, 0, 12, 12, 6, 6, 6, 23, 23, 23, 0, 0, 0, 0, 0, 0, 0, 0, 12, 30, 6, 6, 6, 23, 23, 23, 0, 0, 0, 0, 0, 0, 0, 0, 30, 6, 6, 6, 23, 23, 23, 23, 0, 0, 0, 0, 0, 0, 0, 0, 30, 6, 6, 6, 23, 23, 23, 23, 0, 0, 0, 0, 0, 0, 0, 0, 30, 6, 6, 6, 23, 23, 23, 23, 4, 4, 4, 4, 4, 4, 4, 4, 31, 9, 9, 26, 26, 26, 26, 26, 4, 4, 4, 4, 4, 4, 4, 4, 31, 9, 9, 26, 26, 26, 26, 26, 4, 4, 4, 4, 4, 4, 4, 4, 31, 9, 9, 9, 26, 26, 26, 26, 4, 4, 4, 4, 4, 4, 4, 4, 13, 31, 9, 9, 26, 26, 26, 26, 4, 4, 4, 4, 4, 4, 4, 4, 13, 13, 9, 9, 26, 26, 26, 26, 14, 14, 14, 14, 14, 14, 14, 14, 13, 13, 13, 9, 26, 26, 26, 26, 14, 14, 14, 14, 14, 14, 14, 14, 10, 13, 13, 9, 9, 26, 26, 26, 14, 14, 14, 14, 14, 14, 14, 14, 10, 10, 10, 10, 9, 26, 26, 26, 27, 27, 27, 27, 27, 27, 27, 27, 10, 10, 10, 10, 11, 11, 25, 25, 27, 27, 27, 27, 27, 27, 27, 27, 10, 10, 15, 11, 11, 25, 25, 25, 27, 27, 27, 27, 27, 27, 27, 27, 15, 15, 15, 11, 11, 25, 25, 25, 2, 2, 2, 2, 2, 2, 2, 2, 15, 15, 11, 11, 11, 25, 25, 25, 2, 2, 2, 2, 2, 2, 2, 2, 15, 15, 11, 11, 11, 25, 25, 25, 2, 2, 2, 2, 2, 2, 2, 2, 15, 11, 11, 11, 25, 25, 25, 25, 2, 2, 2, 2, 2, 2, 2, 2, 32, 11, 11, 11, 25, 25, 25, 25, 2, 2, 2, 2, 2, 2, 2, 2, 32, 11, 11, 11, 25, 25, 25, 25, 2, 2, 2, 2, 2, 2, 2, 2, 0, 0, 0, 0, 0, 0, 0, 0, 2, 2, 2, 2, 2, 2, 2, 2, 0, 0, 0, 0, 0, 0, 0, 0, 2, 2, 2, 2, 2, 2, 2, 2, 0, 0, 0, 0, 0, 0, 0, 0, 2, 2, 2, 2, 2, 2, 2, 2, 0, 0, 0, 0, 0, 0, 0, 0, 2, 2, 2, 2, 2, 2, 2, 1, 1, 0, 0, 0, 0, 0, 0, 0, 2, 2, 2, 2, 2, 18, 18, 1, 1, 1, 28, 0, 0, 0, 0, 0, 2, 2, 2, 2, 18, 18, 18, 1, 1, 1, 28, 28, 0, 0, 0, 0, 2, 2, 2, 18, 18, 18, 18, 1, 1, 1, 28, 28, 28, 28, 0, 0, 32, 32, 11, 11, 11, 25, 25, 22, 22, 23, 23, 6, 6, 6, 30, 30, 11, 11, 11, 11, 25, 25, 25, 22, 22, 23, 23, 23, 6, 6, 6, 6, 11, 11, 25, 25, 25, 25, 22, 22, 22, 22, 23, 23, 23, 23, 6, 6, 11, 25, 25, 25, 25, 25, 22, 22, 22, 22, 23, 23, 23, 23, 23, 6, 25, 25, 25, 25, 25, 25, 22, 22, 22, 22, 23, 23, 23, 23, 23, 23, 25, 25, 25, 25, 25, 22, 22, 22, 22, 22, 22, 23, 23, 23, 23, 23, 25, 25, 25, 25, 25, 22, 22, 22, 22, 22, 22, 23, 23, 23, 23, 23, 25, 25, 25, 25, 25, 22, 22, 22, 22, 22, 22, 23, 23, 23, 23, 23, 4, 4, 4, 4, 4, 4, 4, 4, 3, 3, 3, 3, 3, 3, 3, 3, 4, 4, 4, 4, 4, 4, 4, 4, 3, 3, 3, 3, 3, 3, 3, 3, 4, 4, 4, 4, 4, 4, 4, 4, 3, 3, 3, 3, 3, 3, 3, 3, 4, 4, 4, 4, 4, 4, 4, 4, 3, 3, 3, 3, 3, 3, 3, 3, 4, 4, 4, 4, 4, 4, 4, 5, 5, 3, 3, 3, 3, 3, 3, 3, 4, 4, 4, 4, 4, 29, 5, 5, 5, 19, 19, 3, 3, 3, 3, 3, 4, 4, 4, 4, 29, 29, 5, 5, 5, 19, 19, 19, 3, 3, 3, 3, 4, 4, 29, 29, 29, 29, 5, 5, 5, 19, 19, 19, 19, 3, 3, 3, 31, 31, 9, 9, 9, 26, 26, 21, 21, 24, 24, 8, 8, 8, 33, 33, 9, 9, 9, 26, 26, 26, 21, 21, 21, 24, 24, 24, 24, 8, 8, 8, 9, 9, 26, 26, 26, 26, 21, 21, 21, 24, 24, 24, 24, 24, 8, 8, 26, 26, 26, 26, 26, 21, 21, 21, 21, 21, 24, 24, 24, 24, 24, 8, 26, 26, 26, 26, 26, 21, 21, 21, 21, 21, 24, 24, 24, 24, 24, 24, 26, 26, 26, 26, 26, 21, 21, 21, 21, 21, 24, 24, 24, 24, 24, 24, 26, 26, 26, 26, 21, 21, 21, 21, 21, 21, 24, 24, 24, 24, 24, 24, 26, 26, 26, 26, 21, 21, 21, 21, 21, 21, 21, 24, 24, 24, 24, 24, 73, 67, 69, 1, 86, 65, 76, 69, 2, 0, 0, 0, 34, 0, 0, 0, 170, 0, 0, 0, 7, 0, 0, 0, 6, 6, 6, 6, 6, 6, 6, 6, 6, 6, 6, 7, 5, 5, 4, 5, 5, 4, 5, 5, 4, 5, 4, 4, 4, 5, 5, 4, 4, 4, 4, 4, 4, 4, 2, 1, 28, 30, 12, 20, 2, 18, 22, 23, 28, 0, 27, 15, 32, 18, 1, 0, 17, 16, 33, 19, 5, 4, 3, 5, 29, 31, 13, 14, 3, 19, 21, 26, 29, 4, 7, 12, 30, 28, 23, 8, 8, 16, 17, 20, 12, 6, 6, 24, 19, 33, 16, 7, 10, 13, 31, 29, 26, 11, 11, 15, 27, 14, 13, 9, 9, 26, 25, 18, 32, 15, 10, 7, 20, 0, 30, 6, 10, 14, 4, 31, 9, 4, 13, 10, 27, 11, 32, 2, 27, 10, 7, 8, 33, 3, 17, 20, 7, 16, 3, 2, 32, 11, 25, 1, 3, 33, 8, 24, 5, 0, 12, 7, 17, 22, 25, 26, 5, 24, 23, 1, 25, 21, 24, 6, 1, 22, 21, 19, 8, 23, 11, 26, 21, 22, 18, 9, 5, 21, 25, 11, 14, 10, 15, 2, 6, 30, 0, 1, 9, 31, 4, 5, 0, 28, 6, 12, 4, 29, 9, 13, 11, 18, 2, 15, 8, 19, 3, 16, 0, 0, 128, 191, 116, 11, 124, 60, 35, 105, 128, 60, 162, 132, 17, 60, 162, 132, 17, 60]
            }
        }

        over "Link6"
        {
            over "collisions" (
                prepend apiSchemas = ["PhysxCookedDataAPI:convexHull"]
            )
            {
                uchar[] physxCookedData:convexHull:buffer = [9, 128, 79, 31, 83, 175, 155, 88, 206, 135, 110, 54, 219, 235, 166, 200, 31, 78, 88, 83, 1, 67, 86, 88, 77, 14, 0, 0, 0, 0, 0, 0, 0, 73, 67, 69, 1, 67, 76, 72, 76, 9, 0, 0, 0, 34, 0, 0, 0, 93, 128, 0, 0, 61, 0, 0, 0, 186, 0, 0, 0, 19, 131, 192, 60, 249, 221, 240, 36, 188, 116, 147, 60, 156, 249, 62, 61, 205, 204, 76, 188, 199, 223, 45, 60, 229, 123, 57, 61, 244, 253, 84, 60, 109, 108, 50, 60, 19, 131, 192, 60, 231, 8, 5, 37, 188, 116, 147, 188, 229, 123, 57, 61, 244, 253, 84, 60, 109, 108, 50, 188, 156, 249, 62, 61, 205, 204, 76, 188, 199, 223, 45, 188, 30, 208, 113, 187, 190, 153, 232, 187, 127, 129, 135, 188, 53, 60, 61, 60, 95, 41, 75, 188, 159, 197, 85, 188, 181, 77, 140, 60, 73, 68, 147, 188, 38, 254, 110, 186, 94, 53, 2, 188, 126, 93, 112, 186, 186, 67, 147, 60, 111, 18, 3, 188, 3, 126, 146, 36, 188, 116, 147, 188, 2, 200, 113, 187, 190, 153, 232, 59, 127, 129, 135, 188, 181, 77, 140, 60, 73, 68, 147, 60, 38, 254, 110, 58, 221, 210, 71, 60, 6, 192, 85, 60, 67, 47, 75, 188, 37, 61, 221, 186, 137, 30, 0, 60, 117, 208, 132, 60, 55, 5, 129, 187, 31, 51, 228, 187, 4, 249, 135, 60, 105, 72, 91, 60, 146, 53, 105, 188, 116, 132, 52, 60, 3, 120, 11, 61, 110, 193, 145, 60, 168, 161, 50, 187, 158, 73, 81, 61, 205, 204, 76, 60, 95, 160, 246, 59, 158, 73, 81, 61, 205, 204, 76, 60, 95, 160, 246, 187, 172, 250, 92, 61, 205, 204, 76, 60, 65, 56, 192, 32, 87, 89, 108, 60, 127, 70, 122, 60, 114, 255, 27, 60, 45, 199, 215, 187, 32, 219, 148, 59, 206, 174, 142, 60, 242, 191, 84, 61, 205, 204, 76, 188, 216, 69, 211, 59, 49, 110, 92, 61, 244, 253, 84, 188, 73, 240, 222, 162, 3, 120, 11, 61, 73, 68, 147, 188, 38, 254, 110, 58, 242, 191, 84, 61, 205, 204, 76, 188, 216, 69, 211, 187, 3, 120, 11, 61, 245, 70, 138, 188, 86, 217, 204, 187, 85, 10, 211, 60, 18, 31, 15, 188, 123, 237, 128, 60, 85, 10, 211, 60, 18, 31, 15, 188, 123, 237, 128, 188, 3, 120, 11, 61, 176, 191, 142, 60, 68, 215, 147, 59, 81, 118, 204, 60, 190, 153, 232, 59, 127, 129, 135, 188, 81, 118, 204, 60, 190, 153, 232, 59, 127, 129, 135, 60, 3, 120, 11, 61, 253, 98, 132, 188, 165, 224, 1, 60, 10, 108, 202, 59, 86, 78, 114, 190, 135, 185, 120, 63, 100, 116, 144, 188, 0, 0, 4, 11, 19, 66, 157, 62, 96, 141, 189, 59, 5, 159, 115, 63, 113, 116, 199, 188, 4, 0, 3, 10, 19, 66, 157, 62, 115, 141, 189, 59, 5, 159, 115, 191, 113, 116, 199, 188, 7, 0, 3, 9, 107, 239, 126, 190, 225, 25, 107, 191, 188, 127, 157, 190, 69, 57, 77, 188, 10, 0, 3, 2, 170, 133, 90, 191, 74, 82, 5, 191, 32, 250, 68, 188, 155, 219, 230, 187, 13, 0, 3, 20, 225, 50, 146, 190, 219, 166, 109, 63, 41, 198, 115, 190, 228, 189, 61, 188, 16, 0, 3, 23, 221, 59, 240, 190, 236, 14, 98, 63, 138, 23, 23, 60, 86, 143, 0, 188, 19, 0, 3, 24, 187, 4, 168, 190, 182, 2, 109, 191, 145, 4, 64, 62, 236, 204, 49, 188, 22, 0, 3, 19, 241, 117, 85, 191, 62, 80, 13, 191, 169, 217, 130, 187, 119, 96, 231, 187, 25, 0, 3, 20, 205, 44, 237, 190, 107, 224, 98, 191, 154, 184, 8, 57, 197, 9, 3, 188, 28, 0, 3, 20, 42, 108, 190, 60, 200, 52, 96, 63, 101, 214, 246, 190, 253, 230, 144, 188, 31, 0, 3, 16, 172, 211, 117, 189, 204, 110, 113, 63, 7, 116, 167, 190, 15, 6, 128, 188, 34, 0, 3, 33, 174, 128, 0, 63, 140, 11, 139, 60, 113, 94, 93, 63, 233, 148, 4, 189, 37, 0, 3, 10, 174, 128, 0, 63, 137, 11, 139, 60, 112, 94, 93, 191, 233, 148, 4, 189, 40, 0, 3, 9, 19, 232, 100, 62, 75, 113, 113, 63, 142, 236, 123, 190, 143, 80, 205, 188, 43, 0, 3, 16, 225, 145, 137, 62, 195, 51, 117, 63, 122, 177, 208, 189, 199, 212, 216, 188, 46, 0, 3, 8, 84, 223, 179, 190, 116, 77, 107, 63, 154, 111, 54, 62, 3, 205, 46, 188, 49, 0, 3, 26, 193, 174, 13, 191, 115, 46, 85, 63, 213, 147, 125, 60, 168, 54, 252, 187, 52, 0, 3, 24, 2, 234, 89, 191, 97, 20, 6, 63, 208, 220, 7, 189, 79, 181, 242, 187, 55, 0, 3, 24, 159, 84, 120, 191, 6, 166, 120, 62, 146, 91, 249, 59, 82, 205, 249, 187, 58, 0, 3, 24, 117, 239, 116, 187, 141, 152, 210, 61, 35, 164, 126, 63, 45, 244, 145, 188, 61, 0, 3, 3, 245, 200, 117, 63, 183, 73, 165, 187, 77, 42, 143, 62, 66, 231, 83, 189, 64, 0, 3, 10, 22, 85, 111, 63, 97, 152, 133, 60, 139, 136, 181, 62, 58, 109, 79, 189, 67, 0, 3, 10, 208, 221, 29, 63, 82, 241, 86, 188, 105, 128, 73, 63, 124, 167, 24, 189, 70, 0, 3, 10, 11, 213, 125, 62, 232, 41, 117, 191, 40, 223, 21, 62, 33, 69, 211, 188, 73, 0, 3, 12, 208, 221, 29, 63, 78, 241, 86, 188, 105, 128, 73, 191, 124, 167, 24, 189, 76, 0, 3, 9, 22, 85, 111, 63, 97, 152, 133, 60, 139, 136, 181, 190, 58, 109, 79, 189, 79, 0, 3, 9, 245, 200, 117, 63, 175, 73, 165, 187, 77, 42, 143, 190, 65, 231, 83, 189, 82, 0, 3, 9, 239, 25, 113, 62, 17, 24, 118, 191, 44, 117, 18, 190, 16, 45, 206, 188, 85, 0, 3, 12, 136, 163, 133, 60, 163, 3, 125, 191, 153, 10, 27, 190, 0, 248, 148, 188, 88, 0, 3, 12, 13, 144, 131, 189, 223, 234, 106, 191, 176, 202, 200, 190, 255, 13, 129, 188, 91, 0, 3, 30, 150, 72, 46, 61, 237, 126, 67, 191, 158, 235, 36, 191, 241, 116, 150, 188, 94, 0, 3, 21, 77, 51, 102, 62, 227, 98, 110, 191, 30, 234, 146, 190, 46, 42, 206, 188, 97, 0, 3, 21, 241, 67, 111, 62, 18, 11, 118, 191, 12, 197, 22, 190, 130, 157, 205, 188, 100, 0, 3, 12, 83, 32, 121, 188, 139, 161, 33, 191, 34, 124, 70, 63, 33, 239, 141, 188, 103, 0, 3, 13, 224, 34, 77, 62, 173, 91, 73, 190, 248, 180, 117, 63, 194, 23, 180, 188, 106, 0, 3, 10, 215, 51, 22, 188, 243, 134, 17, 191, 150, 153, 82, 191, 227, 206, 144, 188, 109, 0, 3, 32, 55, 21, 217, 37, 137, 59, 106, 190, 112, 54, 121, 191, 231, 139, 143, 188, 112, 0, 4, 22, 220, 34, 77, 62, 173, 91, 73, 190, 248, 180, 117, 191, 193, 23, 180, 188, 116, 0, 3, 22, 171, 101, 65, 61, 234, 34, 52, 191, 248, 126, 53, 191, 115, 185, 151, 188, 119, 0, 3, 14, 174, 142, 104, 62, 225, 199, 112, 63, 1, 80, 129, 62, 30, 242, 206, 188, 122, 0, 3, 8, 30, 44, 133, 62, 60, 229, 117, 63, 173, 5, 202, 61, 3, 80, 213, 188, 125, 0, 3, 8, 86, 56, 128, 62, 62, 134, 119, 63, 39, 217, 72, 61, 119, 176, 209, 188, 128, 0, 3, 8, 191, 81, 178, 60, 96, 156, 127, 63, 235, 104, 79, 61, 162, 121, 150, 188, 131, 0, 3, 8, 181, 219, 250, 188, 94, 214, 116, 63, 156, 183, 148, 62, 221, 183, 138, 188, 134, 0, 3, 27, 182, 186, 34, 61, 102, 53, 90, 63, 130, 123, 5, 63, 130, 7, 152, 188, 137, 0, 3, 7, 151, 9, 191, 165, 42, 33, 78, 62, 121, 194, 122, 191, 4, 112, 144, 188, 140, 0, 4, 9, 0, 0, 0, 0, 162, 62, 18, 63, 141, 29, 82, 191, 5, 112, 144, 188, 144, 0, 3, 28, 19, 208, 21, 61, 151, 96, 31, 63, 51, 30, 72, 191, 105, 155, 149, 188, 147, 0, 3, 15, 2, 241, 100, 62, 33, 142, 27, 62, 123, 120, 118, 191, 16, 2, 185, 188, 150, 0, 3, 9, 63, 118, 12, 187, 52, 25, 178, 62, 42, 3, 112, 63, 29, 213, 146, 188, 153, 0, 3, 6, 75, 158, 53, 60, 209, 224, 75, 62, 206, 219, 122, 63, 234, 160, 146, 188, 156, 0, 3, 10, 3, 241, 100, 62, 33, 142, 27, 62, 123, 120, 118, 63, 16, 2, 185, 188, 159, 0, 3, 10, 12, 105, 128, 60, 232, 175, 41, 63, 6, 164, 63, 63, 62, 48, 143, 188, 162, 0, 3, 7, 54, 132, 11, 60, 45, 91, 40, 63, 41, 215, 64, 63, 170, 14, 142, 188, 165, 0, 3, 7, 150, 2, 77, 61, 55, 99, 50, 191, 112, 42, 55, 63, 194, 172, 152, 188, 168, 0, 3, 13, 117, 84, 39, 61, 82, 194, 51, 191, 123, 248, 53, 63, 209, 131, 150, 188, 171, 0, 3, 13, 213, 114, 62, 189, 220, 9, 117, 191, 30, 75, 146, 62, 177, 77, 132, 188, 174, 0, 3, 17, 221, 39, 221, 188, 200, 188, 119, 191, 137, 73, 128, 62, 198, 218, 136, 188, 177, 0, 3, 17, 19, 223, 90, 62, 188, 25, 114, 191, 143, 188, 122, 62, 97, 184, 200, 188, 180, 0, 3, 12, 206, 157, 91, 62, 133, 5, 112, 191, 231, 40, 140, 62, 96, 185, 201, 188, 183, 0, 3, 13, 28, 0, 9, 15, 0, 1, 2, 3, 4, 5, 6, 7, 8, 6, 9, 10, 11, 12, 13, 11, 14, 12, 15, 8, 16, 15, 9, 6, 15, 6, 8, 17, 4, 13, 17, 13, 12, 18, 2, 1, 19, 5, 4, 19, 4, 17, 19, 17, 20, 21, 12, 14, 22, 14, 11, 22, 11, 10, 22, 10, 9, 22, 9, 0, 23, 24, 20, 23, 20, 18, 23, 18, 1, 23, 25, 24, 26, 5, 19, 26, 19, 20, 26, 20, 24, 26, 24, 25, 27, 25, 8, 27, 8, 7, 27, 7, 5, 27, 5, 26, 27, 26, 25, 28, 15, 16, 28, 1, 0, 29, 7, 6, 29, 6, 10, 3, 29, 3, 5, 29, 5, 7, 30, 2, 18, 30, 18, 20, 30, 20, 17, 30, 17, 12, 30, 12, 21, 30, 21, 2, 31, 3, 10, 11, 31, 11, 13, 31, 13, 4, 31, 4, 3, 32, 14, 22, 32, 22, 0, 32, 0, 2, 32, 2, 21, 32, 21, 14, 33, 1, 28, 33, 28, 16, 33, 16, 8, 33, 8, 25, 33, 25, 23, 33, 23, 1, 0, 35, 0, 20, 0, 8, 0, 34, 1, 35, 1, 12, 1, 52, 2, 49, 2, 13, 2, 38, 3, 36, 3, 30, 3, 9, 4, 8, 4, 19, 4, 37, 5, 6, 5, 11, 5, 47, 6, 17, 6, 16, 7, 9, 7, 57, 7, 34, 8, 9, 10, 14, 10, 48, 10, 11, 11, 43, 12, 40, 12, 23, 13, 25, 13, 14, 14, 15, 15, 42, 15, 26, 16, 44, 16, 54, 17, 50, 17, 18, 18, 46, 18, 19, 19, 20, 20, 51, 21, 24, 21, 27, 21, 22, 22, 41, 22, 23, 23, 60, 24, 59, 24, 28, 25, 32, 25, 26, 26, 27, 27, 28, 28, 33, 29, 33, 29, 58, 29, 30, 30, 31, 31, 39, 31, 32, 32, 33, 34, 56, 35, 55, 36, 39, 36, 37, 37, 46, 37, 38, 38, 39, 40, 45, 40, 41, 41, 42, 42, 43, 43, 44, 44, 45, 45, 53, 46, 49, 46, 47, 47, 48, 48, 49, 50, 54, 50, 51, 51, 52, 52, 53, 53, 54, 55, 60, 55, 56, 56, 57, 57, 58, 58, 59, 59, 60, 0, 1, 20, 1, 12, 23, 1, 12, 40, 2, 37, 38, 2, 10, 13, 2, 13, 25, 3, 4, 8, 3, 30, 31, 3, 7, 9, 0, 4, 8, 4, 18, 19, 5, 6, 17, 5, 6, 11, 5, 10, 11, 6, 16, 17, 0, 7, 8, 7, 34, 56, 10, 11, 14, 12, 22, 23, 13, 14, 15, 15, 21, 22, 16, 44, 45, 17, 18, 19, 21, 22, 23, 21, 24, 27, 24, 28, 29, 25, 26, 27, 29, 30, 31, 0, 34, 35, 36, 37, 38, 40, 41, 42, 46, 47, 48, 50, 51, 52, 55, 56, 57, 28, 0, 0, 0, 0, 0, 9, 0, 9, 0, 15, 0, 15, 0, 28, 0, 0, 0, 1, 0, 1, 0, 2, 0, 2, 0, 0, 0, 3, 0, 4, 0, 4, 0, 5, 0, 5, 0, 3, 0, 6, 0, 7, 0, 7, 0, 8, 0, 8, 0, 6, 0, 6, 0, 9, 0, 9, 0, 10, 0, 10, 0, 6, 0, 11, 0, 12, 0, 12, 0, 13, 0, 13, 0, 11, 0, 11, 0, 14, 0, 14, 0, 12, 0, 15, 0, 8, 0, 8, 0, 16, 0, 16, 0, 15, 0, 6, 0, 15, 0, 17, 0, 4, 0, 4, 0, 13, 0, 13, 0, 17, 0, 12, 0, 17, 0, 18, 0, 2, 0, 1, 0, 18, 0, 19, 0, 5, 0, 4, 0, 19, 0, 17, 0, 19, 0, 17, 0, 20, 0, 20, 0, 19, 0, 21, 0, 12, 0, 14, 0, 21, 0, 22, 0, 14, 0, 11, 0, 22, 0, 11, 0, 10, 0, 10, 0, 22, 0, 9, 0, 22, 0, 0, 0, 22, 0, 23, 0, 24, 0, 24, 0, 20, 0, 20, 0, 23, 0, 20, 0, 18, 0, 18, 0, 23, 0, 1, 0, 23, 0, 23, 0, 25, 0, 25, 0, 24, 0, 26, 0, 5, 0, 19, 0, 26, 0, 20, 0, 26, 0, 24, 0, 26, 0, 25, 0, 26, 0, 27, 0, 25, 0, 25, 0, 8, 0, 8, 0, 27, 0, 7, 0, 27, 0, 7, 0, 5, 0, 5, 0, 27, 0, 26, 0, 27, 0, 16, 0, 28, 0, 28, 0, 1, 0, 29, 0, 7, 0, 6, 0, 29, 0, 10, 0, 3, 0, 3, 0, 29, 0, 5, 0, 29, 0, 30, 0, 2, 0, 18, 0, 30, 0, 20, 0, 30, 0, 17, 0, 30, 0, 12, 0, 30, 0, 21, 0, 30, 0, 21, 0, 2, 0, 31, 0, 3, 0, 11, 0, 31, 0, 13, 0, 31, 0, 4, 0, 31, 0, 32, 0, 14, 0, 22, 0, 32, 0, 0, 0, 32, 0, 2, 0, 32, 0, 21, 0, 32, 0, 33, 0, 1, 0, 28, 0, 33, 0, 16, 0, 33, 0, 8, 0, 33, 0, 25, 0, 33, 0, 23, 0, 33, 0, 0, 0, 0, 0, 112, 18, 3, 188, 73, 68, 147, 188, 188, 116, 147, 188, 172, 250, 92, 61, 73, 68, 147, 60, 188, 116, 147, 60, 40, 234, 61, 56, 44, 45, 210, 49, 49, 130, 9, 46, 30, 210, 83, 173, 49, 130, 9, 46, 77, 105, 31, 51, 7, 178, 63, 172, 30, 210, 83, 173, 7, 178, 63, 172, 67, 27, 30, 51, 150, 171, 186, 60, 112, 82, 166, 183, 48, 133, 255, 55, 0, 0, 128, 63, 73, 67, 69, 1, 83, 85, 80, 77, 0, 0, 0, 0, 73, 67, 69, 1, 71, 65, 85, 83, 0, 0, 0, 0, 16, 0, 0, 0, 0, 6, 0, 0, 26, 26, 26, 26, 26, 24, 24, 24, 24, 24, 24, 23, 23, 23, 23, 23, 26, 26, 26, 26, 26, 24, 24, 24, 24, 24, 24, 23, 23, 23, 23, 23, 26, 26, 26, 26, 26, 24, 24, 24, 24, 24, 24, 23, 23, 23, 23, 23, 26, 26, 26, 26, 26, 24, 24, 24, 24, 24, 24, 23, 23, 23, 23, 23, 26, 26, 26, 26, 26, 26, 24, 24, 24, 24, 23, 23, 23, 23, 23, 23, 26, 26, 26, 26, 26, 26, 24, 24, 24, 24, 23, 23, 23, 23, 23, 23, 26, 26, 26, 26, 26, 26, 24, 24, 24, 24, 23, 23, 23, 23, 23, 23, 26, 26, 26, 26, 26, 26, 24, 24, 24, 24, 23, 23, 23, 23, 23, 23, 19, 19, 19, 19, 19, 20, 20, 20, 20, 20, 20, 18, 18, 18, 18, 18, 19, 19, 19, 19, 19, 20, 20, 20, 20, 20, 20, 18, 18, 18, 18, 18, 19, 19, 19, 19, 19, 20, 20, 20, 20, 20, 20, 18, 18, 18, 18, 18, 19, 19, 19, 19, 19, 20, 20, 20, 20, 20, 20, 18, 18, 18, 18, 18, 19, 19, 19, 19, 19, 20, 20, 20, 20, 20, 20, 18, 18, 18, 18, 18, 19, 19, 19, 19, 19, 20, 20, 20, 20, 20, 20, 18, 18, 18, 18, 18, 19, 19, 19, 19, 19, 20, 20, 20, 20, 20, 20, 18, 18, 18, 18, 18, 19, 19, 19, 19, 19, 20, 20, 20, 20, 20, 20, 18, 18, 18, 18, 18, 6, 6, 6, 6, 6, 6, 6, 6, 15, 15, 15, 15, 15, 15, 15, 15, 6, 6, 6, 6, 6, 6, 6, 6, 15, 15, 15, 15, 15, 15, 15, 9, 10, 10, 10, 6, 6, 6, 6, 6, 15, 15, 9, 9, 9, 9, 9, 9, 10, 10, 10, 10, 10, 10, 10, 10, 9, 9, 9, 9, 9, 9, 9, 9, 10, 10, 10, 10, 10, 10, 10, 10, 9, 9, 9, 9, 9, 9, 9, 9, 10, 10, 10, 10, 10, 10, 10, 10, 9, 9, 9, 9, 9, 9, 9, 9, 10, 10, 10, 10, 10, 10, 10, 10, 9, 9, 9, 9, 9, 9, 9, 9, 10, 10, 10, 10, 10, 10, 10, 10, 9, 9, 9, 9, 9, 9, 9, 9, 10, 10, 10, 10, 10, 10, 10, 10, 9, 9, 9, 9, 9, 9, 9, 9, 10, 10, 10, 10, 10, 10, 10, 10, 9, 9, 9, 9, 9, 9, 9, 9, 10, 10, 10, 10, 10, 10, 10, 10, 22, 22, 22, 22, 22, 22, 9, 9, 10, 10, 10, 10, 10, 10, 10, 10, 22, 22, 22, 22, 22, 22, 22, 22, 10, 10, 10, 10, 10, 10, 10, 10, 22, 22, 22, 22, 22, 22, 22, 22, 10, 10, 10, 11, 11, 11, 11, 11, 22, 22, 22, 22, 22, 22, 22, 22, 11, 11, 11, 11, 11, 11, 11, 11, 22, 22, 22, 22, 22, 22, 22, 22, 11, 11, 11, 11, 11, 11, 11, 11, 22, 22, 22, 22, 22, 22, 22, 22, 11, 11, 11, 11, 11, 11, 11, 13, 4, 4, 4, 4, 4, 19, 19, 19, 11, 11, 11, 11, 11, 11, 11, 13, 4, 4, 4, 4, 19, 19, 19, 19, 11, 11, 11, 11, 11, 11, 11, 13, 4, 4, 4, 4, 19, 19, 19, 19, 11, 11, 11, 11, 11, 11, 13, 13, 4, 4, 4, 19, 19, 19, 19, 19, 11, 11, 11, 11, 11, 11, 13, 13, 17, 4, 4, 19, 19, 19, 19, 19, 11, 11, 11, 11, 11, 11, 13, 12, 17, 4, 19, 19, 19, 19, 19, 20, 11, 11, 11, 11, 11, 12, 12, 12, 17, 17, 19, 19, 20, 20, 20, 20, 11, 11, 11, 11, 12, 12, 12, 12, 17, 17, 20, 20, 20, 20, 20, 20, 22, 22, 22, 14, 12, 12, 12, 12, 30, 30, 20, 20, 20, 20, 20, 20, 22, 22, 22, 14, 14, 12, 12, 12, 30, 30, 18, 18, 20, 20, 20, 20, 22, 22, 22, 22, 14, 14, 21, 21, 30, 30, 18, 18, 18, 18, 18, 20, 22, 22, 22, 22, 14, 14, 21, 21, 30, 2, 2, 18, 18, 18, 18, 18, 22, 22, 22, 22, 14, 14, 21, 21, 2, 2, 2, 18, 18, 18, 18, 18, 22, 22, 22, 22, 14, 14, 14, 21, 2, 2, 2, 2, 18, 18, 18, 18, 22, 22, 22, 22, 22, 14, 14, 21, 2, 2, 2, 2, 18, 18, 18, 18, 22, 22, 22, 22, 22, 14, 14, 14, 2, 2, 2, 2, 2, 18, 18, 18, 6, 6, 6, 6, 6, 6, 6, 7, 5, 5, 5, 5, 5, 5, 26, 26, 6, 6, 6, 6, 6, 6, 6, 7, 5, 5, 5, 5, 5, 26, 26, 26, 6, 6, 6, 6, 6, 6, 6, 7, 27, 5, 5, 5, 26, 26, 26, 26, 6, 6, 6, 6, 6, 6, 7, 7, 27, 5, 5, 5, 26, 26, 26, 26, 6, 6, 6, 6, 6, 6, 7, 7, 27, 5, 5, 26, 26, 26, 26, 26, 6, 6, 6, 6, 6, 6, 8, 8, 27, 27, 26, 26, 26, 26, 26, 24, 6, 6, 6, 6, 6, 8, 8, 8, 27, 27, 26, 24, 24, 24, 24, 24, 6, 6, 6, 6, 8, 8, 8, 8, 25, 25, 24, 24, 24, 24, 24, 24, 15, 15, 15, 15, 8, 8, 8, 8, 25, 25, 24, 24, 24, 24, 24, 24, 15, 15, 15, 15, 15, 8, 8, 8, 25, 25, 23, 24, 24, 24, 24, 24, 15, 15, 15, 15, 15, 15, 16, 16, 33, 33, 23, 23, 23, 23, 23, 24, 15, 15, 15, 15, 15, 15, 16, 16, 33, 1, 1, 23, 23, 23, 23, 23, 15, 15, 15, 15, 15, 15, 16, 16, 33, 1, 1, 1, 23, 23, 23, 23, 15, 15, 15, 15, 15, 15, 15, 16, 33, 1, 1, 1, 23, 23, 23, 23, 15, 15, 15, 15, 15, 15, 15, 16, 33, 1, 1, 1, 1, 23, 23, 23, 15, 15, 15, 15, 15, 15, 15, 16, 33, 1, 1, 1, 1, 1, 23, 23, 15, 9, 9, 9, 9, 9, 9, 9, 9, 9, 9, 22, 22, 22, 22, 22, 15, 15, 9, 9, 9, 9, 9, 9, 9, 9, 22, 22, 22, 22, 22, 22, 15, 15, 15, 9, 9, 9, 9, 9, 9, 9, 22, 22, 22, 22, 22, 22, 15, 15, 15, 9, 9, 9, 9, 9, 9, 9, 22, 22, 22, 22, 22, 22, 15, 15, 15, 15, 9, 9, 9, 9, 9, 9, 22, 22, 22, 22, 22, 22, 15, 15, 15, 15, 15, 9, 9, 9, 9, 22, 22, 22, 22, 22, 14, 14, 15, 15, 15, 15, 15, 9, 9, 9, 9, 22, 22, 22, 22, 14, 14, 14, 16, 15, 15, 15, 15, 15, 9, 9, 9, 22, 22, 22, 14, 14, 14, 14, 33, 28, 28, 28, 28, 28, 0, 0, 0, 32, 32, 32, 32, 2, 2, 2, 1, 1, 1, 1, 1, 1, 0, 0, 0, 32, 2, 2, 2, 2, 2, 2, 1, 1, 1, 1, 1, 1, 1, 1, 2, 2, 2, 2, 2, 2, 2, 2, 1, 1, 1, 1, 1, 1, 1, 1, 2, 2, 2, 2, 2, 2, 2, 2, 1, 1, 1, 1, 1, 1, 1, 1, 18, 18, 2, 2, 2, 2, 2, 2, 1, 1, 1, 1, 1, 1, 1, 1, 18, 18, 18, 18, 18, 18, 18, 18, 23, 23, 23, 23, 23, 23, 23, 23, 18, 18, 18, 18, 18, 18, 18, 18, 23, 23, 23, 23, 23, 23, 23, 23, 18, 18, 18, 18, 18, 18, 18, 18, 6, 6, 10, 10, 10, 10, 10, 10, 10, 10, 10, 10, 10, 10, 11, 11, 6, 6, 6, 10, 10, 10, 10, 10, 10, 10, 10, 10, 10, 11, 11, 11, 6, 6, 6, 10, 10, 10, 10, 10, 10, 10, 10, 10, 10, 11, 11, 11, 6, 6, 6, 6, 10, 10, 10, 10, 10, 10, 10, 10, 11, 11, 11, 11, 6, 6, 6, 6, 10, 10, 10, 10, 10, 10, 10, 10, 11, 11, 11, 11, 6, 6, 6, 6, 6, 10, 10, 10, 10, 10, 10, 11, 11, 11, 11, 11, 6, 6, 6, 6, 6, 6, 10, 10, 10, 10, 11, 11, 11, 11, 11, 11, 7, 7, 6, 6, 6, 6, 10, 10, 10, 10, 11, 11, 11, 11, 11, 13, 5, 29, 29, 29, 29, 29, 3, 3, 3, 31, 31, 31, 31, 4, 4, 4, 5, 5, 5, 5, 5, 5, 3, 3, 3, 31, 4, 4, 4, 4, 4, 4, 5, 5, 5, 5, 5, 5, 5, 5, 4, 4, 4, 4, 4, 4, 4, 4, 5, 5, 5, 5, 5, 5, 5, 5, 4, 4, 4, 4, 4, 4, 4, 4, 5, 5, 5, 5, 5, 5, 5, 5, 19, 19, 4, 4, 4, 4, 4, 4, 5, 5, 5, 5, 5, 5, 5, 5, 19, 19, 19, 19, 19, 19, 19, 19, 26, 26, 26, 26, 26, 26, 26, 26, 19, 19, 19, 19, 19, 19, 19, 19, 26, 26, 26, 26, 26, 26, 26, 26, 19, 19, 19, 19, 19, 19, 19, 19, 22, 22, 22, 22, 22, 22, 22, 22, 11, 11, 11, 11, 11, 11, 11, 11, 22, 22, 22, 22, 22, 22, 22, 22, 11, 11, 11, 11, 11, 11, 11, 11, 22, 22, 22, 22, 22, 22, 22, 22, 11, 11, 11, 11, 11, 10, 10, 10, 22, 22, 22, 22, 22, 22, 22, 22, 10, 10, 10, 10, 10, 10, 10, 10, 22, 22, 22, 22, 22, 22, 22, 22, 10, 10, 10, 10, 10, 10, 10, 10, 9, 9, 22, 22, 22, 22, 22, 22, 10, 10, 10, 10, 10, 10, 10, 10, 9, 9, 9, 9, 9, 9, 9, 9, 10, 10, 10, 10, 10, 10, 10, 10, 9, 9, 9, 9, 9, 9, 9, 9, 10, 10, 10, 10, 10, 10, 10, 10, 9, 9, 9, 9, 9, 9, 9, 9, 10, 10, 10, 10, 10, 10, 10, 10, 9, 9, 9, 9, 9, 9, 9, 9, 10, 10, 10, 10, 10, 10, 10, 10, 9, 9, 9, 9, 9, 9, 9, 9, 10, 10, 10, 10, 10, 10, 10, 10, 9, 9, 9, 9, 9, 9, 9, 9, 10, 10, 10, 10, 10, 10, 10, 10, 9, 9, 9, 9, 9, 9, 9, 9, 10, 10, 10, 10, 10, 10, 10, 10, 9, 9, 9, 9, 9, 9, 15, 15, 6, 6, 6, 6, 6, 10, 10, 10, 9, 15, 15, 15, 15, 15, 15, 15, 6, 6, 6, 6, 6, 6, 6, 6, 15, 15, 15, 15, 15, 15, 15, 15, 6, 6, 6, 6, 6, 6, 6, 6, 18, 18, 18, 18, 18, 20, 20, 20, 20, 20, 20, 19, 19, 19, 19, 19, 18, 18, 18, 18, 18, 20, 20, 20, 20, 20, 20, 19, 19, 19, 19, 19, 18, 18, 18, 18, 18, 20, 20, 20, 20, 20, 20, 19, 19, 19, 19, 19, 18, 18, 18, 18, 18, 20, 20, 20, 20, 20, 20, 19, 19, 19, 19, 19, 18, 18, 18, 18, 18, 20, 20, 20, 20, 20, 20, 19, 19, 19, 19, 19, 18, 18, 18, 18, 18, 20, 20, 20, 20, 20, 20, 19, 19, 19, 19, 19, 18, 18, 18, 18, 18, 20, 20, 20, 20, 20, 20, 19, 19, 19, 19, 19, 18, 18, 18, 18, 18, 20, 20, 20, 20, 20, 20, 19, 19, 19, 19, 19, 23, 23, 23, 23, 23, 23, 24, 24, 24, 24, 26, 26, 26, 26, 26, 26, 23, 23, 23, 23, 23, 23, 24, 24, 24, 24, 26, 26, 26, 26, 26, 26, 23, 23, 23, 23, 23, 23, 24, 24, 24, 24, 26, 26, 26, 26, 26, 26, 23, 23, 23, 23, 23, 23, 24, 24, 24, 24, 26, 26, 26, 26, 26, 26, 23, 23, 23, 23, 23, 24, 24, 24, 24, 24, 24, 26, 26, 26, 26, 26, 23, 23, 23, 23, 23, 24, 24, 24, 24, 24, 24, 26, 26, 26, 26, 26, 23, 23, 23, 23, 23, 24, 24, 24, 24, 24, 24, 26, 26, 26, 26, 26, 23, 23, 23, 23, 23, 24, 24, 24, 24, 24, 24, 26, 26, 26, 26, 26, 23, 23, 1, 1, 1, 1, 1, 33, 16, 15, 15, 15, 15, 15, 15, 15, 23, 23, 23, 1, 1, 1, 1, 33, 16, 15, 15, 15, 15, 15, 15, 15, 23, 23, 23, 23, 1, 1, 1, 33, 16, 15, 15, 15, 15, 15, 15, 15, 23, 23, 23, 23, 1, 1, 1, 33, 16, 16, 15, 15, 15, 15, 15, 15, 23, 23, 23, 23, 23, 1, 1, 33, 16, 16, 15, 15, 15, 15, 15, 15, 24, 23, 23, 23, 23, 23, 33, 33, 16, 16, 15, 15, 15, 15, 15, 15, 24, 24, 24, 24, 24, 23, 25, 25, 8, 8, 8, 15, 15, 15, 15, 15, 24, 24, 24, 24, 24, 24, 25, 25, 8, 8, 8, 8, 15, 15, 15, 15, 24, 24, 24, 24, 24, 24, 25, 25, 8, 8, 8, 8, 6, 6, 6, 6, 24, 24, 24, 24, 24, 26, 27, 27, 8, 8, 8, 6, 6, 6, 6, 6, 24, 26, 26, 26, 26, 26, 27, 27, 8, 8, 6, 6, 6, 6, 6, 6, 26, 26, 26, 26, 26, 5, 5, 27, 7, 7, 6, 6, 6, 6, 6, 6, 26, 26, 26, 26, 5, 5, 5, 27, 7, 7, 6, 6, 6, 6, 6, 6, 26, 26, 26, 26, 5, 5, 5, 27, 7, 6, 6, 6, 6, 6, 6, 6, 26, 26, 26, 5, 5, 5, 5, 5, 7, 6, 6, 6, 6, 6, 6, 6, 26, 26, 5, 5, 5, 5, 5, 5, 7, 6, 6, 6, 6, 6, 6, 6, 18, 18, 18, 2, 2, 2, 2, 2, 14, 14, 14, 22, 22, 22, 22, 22, 18, 18, 18, 18, 2, 2, 2, 2, 21, 14, 14, 22, 22, 22, 22, 22, 18, 18, 18, 18, 2, 2, 2, 2, 21, 14, 14, 14, 22, 22, 22, 22, 18, 18, 18, 18, 18, 2, 2, 2, 21, 21, 14, 14, 22, 22, 22, 22, 18, 18, 18, 18, 18, 2, 2, 30, 21, 21, 14, 14, 22, 22, 22, 22, 20, 18, 18, 18, 18, 18, 30, 30, 21, 21, 14, 14, 22, 22, 22, 22, 20, 20, 20, 20, 18, 18, 30, 30, 12, 12, 12, 14, 14, 22, 22, 22, 20, 20, 20, 20, 20, 20, 30, 30, 12, 12, 12, 12, 14, 22, 22, 22, 20, 20, 20, 20, 20, 20, 17, 17, 12, 12, 12, 12, 11, 11, 11, 11, 20, 20, 20, 20, 19, 19, 17, 17, 12, 12, 12, 11, 11, 11, 11, 11, 20, 19, 19, 19, 19, 19, 4, 17, 12, 13, 11, 11, 11, 11, 11, 11, 19, 19, 19, 19, 19, 4, 4, 17, 13, 13, 11, 11, 11, 11, 11, 11, 19, 19, 19, 19, 19, 4, 4, 4, 13, 13, 11, 11, 11, 11, 11, 11, 19, 19, 19, 19, 4, 4, 4, 4, 13, 11, 11, 11, 11, 11, 11, 11, 19, 19, 19, 19, 4, 4, 4, 4, 13, 11, 11, 11, 11, 11, 11, 11, 19, 19, 19, 4, 4, 4, 4, 4, 13, 11, 11, 11, 11, 11, 11, 11, 19, 19, 19, 19, 19, 19, 19, 19, 26, 26, 26, 26, 26, 26, 26, 26, 19, 19, 19, 19, 19, 19, 19, 19, 26, 26, 26, 26, 26, 26, 26, 26, 19, 19, 19, 19, 19, 19, 19, 19, 5, 5, 5, 5, 5, 5, 5, 5, 4, 4, 4, 4, 4, 4, 19, 19, 5, 5, 5, 5, 5, 5, 5, 5, 4, 4, 4, 4, 4, 4, 4, 4, 5, 5, 5, 5, 5, 5, 5, 5, 4, 4, 4, 4, 4, 4, 4, 4, 5, 5, 5, 5, 5, 5, 5, 5, 4, 4, 4, 4, 4, 4, 31, 3, 3, 3, 5, 5, 5, 5, 5, 5, 4, 4, 4, 31, 31, 31, 31, 3, 3, 3, 29, 29, 29, 29, 29, 5, 13, 11, 11, 11, 11, 11, 10, 10, 10, 10, 6, 6, 6, 6, 7, 7, 11, 11, 11, 11, 11, 11, 10, 10, 10, 10, 6, 6, 6, 6, 6, 6, 11, 11, 11, 11, 11, 10, 10, 10, 10, 10, 10, 6, 6, 6, 6, 6, 11, 11, 11, 11, 10, 10, 10, 10, 10, 10, 10, 10, 6, 6, 6, 6, 11, 11, 11, 11, 10, 10, 10, 10, 10, 10, 10, 10, 6, 6, 6, 6, 11, 11, 11, 10, 10, 10, 10, 10, 10, 10, 10, 10, 10, 6, 6, 6, 11, 11, 11, 10, 10, 10, 10, 10, 10, 10, 10, 10, 10, 6, 6, 6, 11, 11, 10, 10, 10, 10, 10, 10, 10, 10, 10, 10, 10, 10, 6, 6, 18, 18, 18, 18, 18, 18, 18, 18, 23, 23, 23, 23, 23, 23, 23, 23, 18, 18, 18, 18, 18, 18, 18, 18, 23, 23, 23, 23, 23, 23, 23, 23, 18, 18, 18, 18, 18, 18, 18, 18, 1, 1, 1, 1, 1, 1, 1, 1, 2, 2, 2, 2, 2, 2, 18, 18, 1, 1, 1, 1, 1, 1, 1, 1, 2, 2, 2, 2, 2, 2, 2, 2, 1, 1, 1, 1, 1, 1, 1, 1, 2, 2, 2, 2, 2, 2, 2, 2, 1, 1, 1, 1, 1, 1, 1, 1, 2, 2, 2, 2, 2, 2, 32, 0, 0, 0, 1, 1, 1, 1, 1, 1, 2, 2, 2, 32, 32, 32, 32, 0, 0, 0, 28, 28, 28, 28, 28, 33, 14, 14, 14, 14, 22, 22, 22, 9, 9, 9, 15, 15, 15, 15, 15, 16, 14, 14, 14, 22, 22, 22, 22, 9, 9, 9, 9, 15, 15, 15, 15, 15, 14, 14, 22, 22, 22, 22, 22, 9, 9, 9, 9, 15, 15, 15, 15, 15, 22, 22, 22, 22, 22, 22, 9, 9, 9, 9, 9, 9, 15, 15, 15, 15, 22, 22, 22, 22, 22, 22, 9, 9, 9, 9, 9, 9, 9, 15, 15, 15, 22, 22, 22, 22, 22, 22, 9, 9, 9, 9, 9, 9, 9, 15, 15, 15, 22, 22, 22, 22, 22, 22, 9, 9, 9, 9, 9, 9, 9, 9, 15, 15, 22, 22, 22, 22, 22, 9, 9, 9, 9, 9, 9, 9, 9, 9, 9, 15, 73, 67, 69, 1, 86, 65, 76, 69, 2, 0, 0, 0, 34, 0, 0, 0, 186, 0, 0, 0, 7, 0, 0, 0, 6, 6, 6, 5, 6, 7, 6, 5, 7, 5, 5, 6, 6, 5, 5, 5, 4, 6, 5, 5, 7, 5, 6, 6, 4, 6, 6, 5, 5, 4, 6, 4, 5, 6, 9, 22, 32, 2, 1, 28, 2, 18, 23, 33, 28, 0, 0, 32, 21, 30, 18, 1, 4, 31, 10, 29, 5, 5, 19, 17, 13, 31, 3, 3, 29, 7, 27, 26, 19, 4, 7, 29, 10, 9, 15, 8, 8, 27, 5, 29, 6, 6, 15, 16, 33, 25, 27, 7, 15, 6, 10, 22, 0, 6, 3, 11, 22, 9, 12, 14, 22, 10, 31, 13, 13, 17, 30, 21, 14, 11, 11, 31, 4, 17, 12, 12, 21, 32, 22, 11, 28, 16, 8, 6, 9, 15, 28, 33, 8, 4, 19, 20, 30, 12, 13, 2, 30, 20, 23, 1, 5, 26, 20, 17, 4, 19, 26, 24, 23, 18, 30, 17, 12, 30, 2, 32, 14, 14, 32, 0, 9, 10, 11, 24, 25, 33, 1, 18, 20, 20, 26, 25, 23, 24, 26, 27, 8, 33, 23, 5, 27, 25, 24, 20, 19, 25, 26, 5, 7, 8, 0, 1, 33, 16, 15, 7, 5, 3, 6, 2, 21, 12, 17, 20, 18, 3, 4, 13, 11, 14, 21, 2, 0, 22, 1, 23, 25, 8, 16, 28, 0, 0, 128, 191, 51, 118, 139, 60, 244, 217, 170, 60, 90, 9, 33, 60, 90, 9, 33, 60]
            }
        }

        over "Link12"
        {
            over "collisions" (
                prepend apiSchemas = ["PhysxCookedDataAPI:convexHull"]
            )
            {
                uchar[] physxCookedData:convexHull:buffer = [9, 60, 150, 244, 71, 73, 131, 102, 190, 27, 244, 217, 244, 49, 107, 23, 26, 78, 88, 83, 1, 67, 86, 88, 77, 14, 0, 0, 0, 0, 0, 0, 0, 73, 67, 69, 1, 67, 76, 72, 76, 9, 0, 0, 0, 34, 0, 0, 0, 93, 128, 0, 0, 61, 0, 0, 0, 186, 0, 0, 0, 19, 131, 192, 60, 61, 235, 139, 162, 188, 116, 147, 60, 156, 249, 62, 61, 205, 204, 76, 188, 199, 223, 45, 60, 229, 123, 57, 61, 244, 253, 84, 60, 109, 108, 50, 60, 19, 131, 192, 60, 38, 57, 134, 159, 188, 116, 147, 188, 229, 123, 57, 61, 244, 253, 84, 60, 109, 108, 50, 188, 156, 249, 62, 61, 205, 204, 76, 188, 199, 223, 45, 188, 30, 208, 113, 187, 190, 153, 232, 187, 127, 129, 135, 188, 53, 60, 61, 60, 95, 41, 75, 188, 159, 197, 85, 188, 181, 77, 140, 60, 73, 68, 147, 188, 38, 254, 110, 186, 94, 53, 2, 188, 126, 93, 112, 186, 186, 67, 147, 60, 111, 18, 3, 188, 100, 91, 184, 35, 188, 116, 147, 188, 2, 200, 113, 187, 190, 153, 232, 59, 127, 129, 135, 188, 181, 77, 140, 60, 73, 68, 147, 60, 38, 254, 110, 58, 221, 210, 71, 60, 6, 192, 85, 60, 67, 47, 75, 188, 37, 61, 221, 186, 137, 30, 0, 60, 117, 208, 132, 60, 55, 5, 129, 187, 31, 51, 228, 187, 4, 249, 135, 60, 105, 72, 91, 60, 146, 53, 105, 188, 116, 132, 52, 60, 3, 120, 11, 61, 110, 193, 145, 60, 168, 161, 50, 187, 158, 73, 81, 61, 205, 204, 76, 60, 95, 160, 246, 59, 158, 73, 81, 61, 205, 204, 76, 60, 95, 160, 246, 187, 172, 250, 92, 61, 205, 204, 76, 60, 42, 16, 29, 163, 87, 89, 108, 60, 127, 70, 122, 60, 114, 255, 27, 60, 45, 199, 215, 187, 32, 219, 148, 59, 206, 174, 142, 60, 242, 191, 84, 61, 205, 204, 76, 188, 216, 69, 211, 59, 49, 110, 92, 61, 244, 253, 84, 188, 69, 67, 52, 163, 3, 120, 11, 61, 73, 68, 147, 188, 38, 254, 110, 58, 242, 191, 84, 61, 205, 204, 76, 188, 216, 69, 211, 187, 3, 120, 11, 61, 245, 70, 138, 188, 86, 217, 204, 187, 85, 10, 211, 60, 18, 31, 15, 188, 123, 237, 128, 60, 85, 10, 211, 60, 18, 31, 15, 188, 123, 237, 128, 188, 3, 120, 11, 61, 176, 191, 142, 60, 68, 215, 147, 59, 81, 118, 204, 60, 190, 153, 232, 59, 127, 129, 135, 188, 81, 118, 204, 60, 190, 153, 232, 59, 127, 129, 135, 60, 3, 120, 11, 61, 253, 98, 132, 188, 165, 224, 1, 60, 10, 108, 202, 59, 86, 78, 114, 190, 135, 185, 120, 63, 100, 116, 144, 188, 0, 0, 4, 11, 19, 66, 157, 62, 96, 141, 189, 59, 5, 159, 115, 63, 113, 116, 199, 188, 4, 0, 3, 10, 19, 66, 157, 62, 115, 141, 189, 59, 5, 159, 115, 191, 113, 116, 199, 188, 7, 0, 3, 9, 107, 239, 126, 190, 225, 25, 107, 191, 188, 127, 157, 190, 69, 57, 77, 188, 10, 0, 3, 2, 170, 133, 90, 191, 74, 82, 5, 191, 32, 250, 68, 188, 155, 219, 230, 187, 13, 0, 3, 20, 225, 50, 146, 190, 219, 166, 109, 63, 41, 198, 115, 190, 228, 189, 61, 188, 16, 0, 3, 23, 221, 59, 240, 190, 236, 14, 98, 63, 138, 23, 23, 60, 86, 143, 0, 188, 19, 0, 3, 24, 187, 4, 168, 190, 182, 2, 109, 191, 145, 4, 64, 62, 236, 204, 49, 188, 22, 0, 3, 19, 241, 117, 85, 191, 62, 80, 13, 191, 169, 217, 130, 187, 119, 96, 231, 187, 25, 0, 3, 20, 205, 44, 237, 190, 107, 224, 98, 191, 154, 184, 8, 57, 197, 9, 3, 188, 28, 0, 3, 20, 42, 108, 190, 60, 200, 52, 96, 63, 101, 214, 246, 190, 253, 230, 144, 188, 31, 0, 3, 16, 172, 211, 117, 189, 204, 110, 113, 63, 7, 116, 167, 190, 15, 6, 128, 188, 34, 0, 3, 33, 174, 128, 0, 63, 140, 11, 139, 60, 113, 94, 93, 63, 233, 148, 4, 189, 37, 0, 3, 10, 174, 128, 0, 63, 137, 11, 139, 60, 112, 94, 93, 191, 233, 148, 4, 189, 40, 0, 3, 9, 19, 232, 100, 62, 75, 113, 113, 63, 142, 236, 123, 190, 143, 80, 205, 188, 43, 0, 3, 16, 225, 145, 137, 62, 195, 51, 117, 63, 122, 177, 208, 189, 199, 212, 216, 188, 46, 0, 3, 8, 84, 223, 179, 190, 116, 77, 107, 63, 154, 111, 54, 62, 3, 205, 46, 188, 49, 0, 3, 26, 193, 174, 13, 191, 115, 46, 85, 63, 213, 147, 125, 60, 168, 54, 252, 187, 52, 0, 3, 24, 2, 234, 89, 191, 97, 20, 6, 63, 208, 220, 7, 189, 79, 181, 242, 187, 55, 0, 3, 24, 159, 84, 120, 191, 6, 166, 120, 62, 146, 91, 249, 59, 82, 205, 249, 187, 58, 0, 3, 24, 117, 239, 116, 187, 141, 152, 210, 61, 35, 164, 126, 63, 45, 244, 145, 188, 61, 0, 3, 3, 245, 200, 117, 63, 183, 73, 165, 187, 77, 42, 143, 62, 66, 231, 83, 189, 64, 0, 3, 10, 22, 85, 111, 63, 97, 152, 133, 60, 139, 136, 181, 62, 58, 109, 79, 189, 67, 0, 3, 10, 208, 221, 29, 63, 82, 241, 86, 188, 105, 128, 73, 63, 124, 167, 24, 189, 70, 0, 3, 10, 11, 213, 125, 62, 232, 41, 117, 191, 40, 223, 21, 62, 33, 69, 211, 188, 73, 0, 3, 12, 208, 221, 29, 63, 78, 241, 86, 188, 105, 128, 73, 191, 124, 167, 24, 189, 76, 0, 3, 9, 22, 85, 111, 63, 97, 152, 133, 60, 139, 136, 181, 190, 58, 109, 79, 189, 79, 0, 3, 9, 245, 200, 117, 63, 175, 73, 165, 187, 77, 42, 143, 190, 65, 231, 83, 189, 82, 0, 3, 9, 239, 25, 113, 62, 17, 24, 118, 191, 44, 117, 18, 190, 16, 45, 206, 188, 85, 0, 3, 12, 136, 163, 133, 60, 163, 3, 125, 191, 153, 10, 27, 190, 0, 248, 148, 188, 88, 0, 3, 12, 13, 144, 131, 189, 223, 234, 106, 191, 176, 202, 200, 190, 255, 13, 129, 188, 91, 0, 3, 30, 150, 72, 46, 61, 237, 126, 67, 191, 158, 235, 36, 191, 241, 116, 150, 188, 94, 0, 3, 21, 77, 51, 102, 62, 227, 98, 110, 191, 30, 234, 146, 190, 46, 42, 206, 188, 97, 0, 3, 21, 241, 67, 111, 62, 18, 11, 118, 191, 12, 197, 22, 190, 130, 157, 205, 188, 100, 0, 3, 12, 83, 32, 121, 188, 139, 161, 33, 191, 34, 124, 70, 63, 33, 239, 141, 188, 103, 0, 3, 13, 224, 34, 77, 62, 173, 91, 73, 190, 248, 180, 117, 63, 194, 23, 180, 188, 106, 0, 3, 10, 215, 51, 22, 188, 243, 134, 17, 191, 150, 153, 82, 191, 227, 206, 144, 188, 109, 0, 3, 32, 135, 209, 39, 165, 137, 59, 106, 190, 112, 54, 121, 191, 231, 139, 143, 188, 112, 0, 4, 22, 220, 34, 77, 62, 173, 91, 73, 190, 248, 180, 117, 191, 193, 23, 180, 188, 116, 0, 3, 22, 171, 101, 65, 61, 234, 34, 52, 191, 248, 126, 53, 191, 115, 185, 151, 188, 119, 0, 3, 14, 174, 142, 104, 62, 225, 199, 112, 63, 1, 80, 129, 62, 30, 242, 206, 188, 122, 0, 3, 8, 30, 44, 133, 62, 60, 229, 117, 63, 173, 5, 202, 61, 3, 80, 213, 188, 125, 0, 3, 8, 86, 56, 128, 62, 62, 134, 119, 63, 39, 217, 72, 61, 119, 176, 209, 188, 128, 0, 3, 8, 191, 81, 178, 60, 96, 156, 127, 63, 235, 104, 79, 61, 162, 121, 150, 188, 131, 0, 3, 8, 181, 219, 250, 188, 94, 214, 116, 63, 156, 183, 148, 62, 221, 183, 138, 188, 134, 0, 3, 27, 182, 186, 34, 61, 102, 53, 90, 63, 130, 123, 5, 63, 130, 7, 152, 188, 137, 0, 3, 7, 11, 175, 19, 37, 42, 33, 78, 62, 121, 194, 122, 191, 4, 112, 144, 188, 140, 0, 4, 9, 0, 0, 0, 0, 162, 62, 18, 63, 141, 29, 82, 191, 5, 112, 144, 188, 144, 0, 3, 28, 19, 208, 21, 61, 151, 96, 31, 63, 51, 30, 72, 191, 105, 155, 149, 188, 147, 0, 3, 15, 2, 241, 100, 62, 33, 142, 27, 62, 123, 120, 118, 191, 16, 2, 185, 188, 150, 0, 3, 9, 63, 118, 12, 187, 52, 25, 178, 62, 42, 3, 112, 63, 29, 213, 146, 188, 153, 0, 3, 6, 75, 158, 53, 60, 209, 224, 75, 62, 206, 219, 122, 63, 234, 160, 146, 188, 156, 0, 3, 10, 3, 241, 100, 62, 33, 142, 27, 62, 123, 120, 118, 63, 16, 2, 185, 188, 159, 0, 3, 10, 12, 105, 128, 60, 232, 175, 41, 63, 6, 164, 63, 63, 62, 48, 143, 188, 162, 0, 3, 7, 54, 132, 11, 60, 45, 91, 40, 63, 41, 215, 64, 63, 170, 14, 142, 188, 165, 0, 3, 7, 150, 2, 77, 61, 55, 99, 50, 191, 112, 42, 55, 63, 194, 172, 152, 188, 168, 0, 3, 13, 117, 84, 39, 61, 82, 194, 51, 191, 123, 248, 53, 63, 209, 131, 150, 188, 171, 0, 3, 13, 213, 114, 62, 189, 220, 9, 117, 191, 30, 75, 146, 62, 177, 77, 132, 188, 174, 0, 3, 17, 221, 39, 221, 188, 200, 188, 119, 191, 137, 73, 128, 62, 198, 218, 136, 188, 177, 0, 3, 17, 19, 223, 90, 62, 188, 25, 114, 191, 143, 188, 122, 62, 97, 184, 200, 188, 180, 0, 3, 12, 206, 157, 91, 62, 133, 5, 112, 191, 231, 40, 140, 62, 96, 185, 201, 188, 183, 0, 3, 13, 28, 0, 9, 15, 0, 1, 2, 3, 4, 5, 6, 7, 8, 6, 9, 10, 11, 12, 13, 11, 14, 12, 15, 8, 16, 15, 9, 6, 15, 6, 8, 17, 4, 13, 17, 13, 12, 18, 2, 1, 19, 5, 4, 19, 4, 17, 19, 17, 20, 21, 12, 14, 22, 14, 11, 22, 11, 10, 22, 10, 9, 22, 9, 0, 23, 24, 20, 23, 20, 18, 23, 18, 1, 23, 25, 24, 26, 5, 19, 26, 19, 20, 26, 20, 24, 26, 24, 25, 27, 25, 8, 27, 8, 7, 27, 7, 5, 27, 5, 26, 27, 26, 25, 28, 15, 16, 28, 1, 0, 29, 7, 6, 29, 6, 10, 3, 29, 3, 5, 29, 5, 7, 30, 2, 18, 30, 18, 20, 30, 20, 17, 30, 17, 12, 30, 12, 21, 30, 21, 2, 31, 3, 10, 11, 31, 11, 13, 31, 13, 4, 31, 4, 3, 32, 14, 22, 32, 22, 0, 32, 0, 2, 32, 2, 21, 32, 21, 14, 33, 1, 28, 33, 28, 16, 33, 16, 8, 33, 8, 25, 33, 25, 23, 33, 23, 1, 0, 35, 0, 20, 0, 8, 0, 34, 1, 35, 1, 12, 1, 52, 2, 49, 2, 13, 2, 38, 3, 36, 3, 30, 3, 9, 4, 8, 4, 19, 4, 37, 5, 6, 5, 11, 5, 47, 6, 17, 6, 16, 7, 9, 7, 57, 7, 34, 8, 9, 10, 14, 10, 48, 10, 11, 11, 43, 12, 40, 12, 23, 13, 25, 13, 14, 14, 15, 15, 42, 15, 26, 16, 44, 16, 54, 17, 50, 17, 18, 18, 46, 18, 19, 19, 20, 20, 51, 21, 24, 21, 27, 21, 22, 22, 41, 22, 23, 23, 60, 24, 59, 24, 28, 25, 32, 25, 26, 26, 27, 27, 28, 28, 33, 29, 33, 29, 58, 29, 30, 30, 31, 31, 39, 31, 32, 32, 33, 34, 56, 35, 55, 36, 39, 36, 37, 37, 46, 37, 38, 38, 39, 40, 45, 40, 41, 41, 42, 42, 43, 43, 44, 44, 45, 45, 53, 46, 49, 46, 47, 47, 48, 48, 49, 50, 54, 50, 51, 51, 52, 52, 53, 53, 54, 55, 60, 55, 56, 56, 57, 57, 58, 58, 59, 59, 60, 0, 1, 20, 1, 12, 23, 1, 12, 40, 2, 37, 38, 2, 10, 13, 2, 13, 25, 3, 4, 8, 3, 30, 31, 3, 7, 9, 0, 4, 8, 4, 18, 19, 5, 6, 17, 5, 6, 11, 5, 10, 11, 6, 16, 17, 0, 7, 8, 7, 34, 56, 10, 11, 14, 12, 22, 23, 13, 14, 15, 15, 21, 22, 16, 44, 45, 17, 18, 19, 21, 22, 23, 21, 24, 27, 24, 28, 29, 25, 26, 27, 29, 30, 31, 0, 34, 35, 36, 37, 38, 40, 41, 42, 46, 47, 48, 50, 51, 52, 55, 56, 57, 28, 0, 0, 0, 0, 0, 9, 0, 9, 0, 15, 0, 15, 0, 28, 0, 0, 0, 1, 0, 1, 0, 2, 0, 2, 0, 0, 0, 3, 0, 4, 0, 4, 0, 5, 0, 5, 0, 3, 0, 6, 0, 7, 0, 7, 0, 8, 0, 8, 0, 6, 0, 6, 0, 9, 0, 9, 0, 10, 0, 10, 0, 6, 0, 11, 0, 12, 0, 12, 0, 13, 0, 13, 0, 11, 0, 11, 0, 14, 0, 14, 0, 12, 0, 15, 0, 8, 0, 8, 0, 16, 0, 16, 0, 15, 0, 6, 0, 15, 0, 17, 0, 4, 0, 4, 0, 13, 0, 13, 0, 17, 0, 12, 0, 17, 0, 18, 0, 2, 0, 1, 0, 18, 0, 19, 0, 5, 0, 4, 0, 19, 0, 17, 0, 19, 0, 17, 0, 20, 0, 20, 0, 19, 0, 21, 0, 12, 0, 14, 0, 21, 0, 22, 0, 14, 0, 11, 0, 22, 0, 11, 0, 10, 0, 10, 0, 22, 0, 9, 0, 22, 0, 0, 0, 22, 0, 23, 0, 24, 0, 24, 0, 20, 0, 20, 0, 23, 0, 20, 0, 18, 0, 18, 0, 23, 0, 1, 0, 23, 0, 23, 0, 25, 0, 25, 0, 24, 0, 26, 0, 5, 0, 19, 0, 26, 0, 20, 0, 26, 0, 24, 0, 26, 0, 25, 0, 26, 0, 27, 0, 25, 0, 25, 0, 8, 0, 8, 0, 27, 0, 7, 0, 27, 0, 7, 0, 5, 0, 5, 0, 27, 0, 26, 0, 27, 0, 16, 0, 28, 0, 28, 0, 1, 0, 29, 0, 7, 0, 6, 0, 29, 0, 10, 0, 3, 0, 3, 0, 29, 0, 5, 0, 29, 0, 30, 0, 2, 0, 18, 0, 30, 0, 20, 0, 30, 0, 17, 0, 30, 0, 12, 0, 30, 0, 21, 0, 30, 0, 21, 0, 2, 0, 31, 0, 3, 0, 11, 0, 31, 0, 13, 0, 31, 0, 4, 0, 31, 0, 32, 0, 14, 0, 22, 0, 32, 0, 0, 0, 32, 0, 2, 0, 32, 0, 21, 0, 32, 0, 33, 0, 1, 0, 28, 0, 33, 0, 16, 0, 33, 0, 8, 0, 33, 0, 25, 0, 33, 0, 23, 0, 33, 0, 0, 0, 0, 0, 112, 18, 3, 188, 73, 68, 147, 188, 188, 116, 147, 188, 172, 250, 92, 61, 73, 68, 147, 60, 188, 116, 147, 60, 40, 234, 61, 56, 44, 45, 210, 49, 49, 130, 9, 46, 30, 210, 83, 173, 49, 130, 9, 46, 77, 105, 31, 51, 7, 178, 63, 172, 30, 210, 83, 173, 7, 178, 63, 172, 67, 27, 30, 51, 150, 171, 186, 60, 112, 82, 166, 183, 48, 133, 255, 55, 0, 0, 128, 63, 73, 67, 69, 1, 83, 85, 80, 77, 0, 0, 0, 0, 73, 67, 69, 1, 71, 65, 85, 83, 0, 0, 0, 0, 16, 0, 0, 0, 0, 6, 0, 0, 26, 26, 26, 26, 26, 24, 24, 24, 24, 24, 24, 23, 23, 23, 23, 23, 26, 26, 26, 26, 26, 24, 24, 24, 24, 24, 24, 23, 23, 23, 23, 23, 26, 26, 26, 26, 26, 24, 24, 24, 24, 24, 24, 23, 23, 23, 23, 23, 26, 26, 26, 26, 26, 24, 24, 24, 24, 24, 24, 23, 23, 23, 23, 23, 26, 26, 26, 26, 26, 26, 24, 24, 24, 24, 23, 23, 23, 23, 23, 23, 26, 26, 26, 26, 26, 26, 24, 24, 24, 24, 23, 23, 23, 23, 23, 23, 26, 26, 26, 26, 26, 26, 24, 24, 24, 24, 23, 23, 23, 23, 23, 23, 26, 26, 26, 26, 26, 26, 24, 24, 24, 24, 23, 23, 23, 23, 23, 23, 19, 19, 19, 19, 19, 20, 20, 20, 20, 20, 20, 18, 18, 18, 18, 18, 19, 19, 19, 19, 19, 20, 20, 20, 20, 20, 20, 18, 18, 18, 18, 18, 19, 19, 19, 19, 19, 20, 20, 20, 20, 20, 20, 18, 18, 18, 18, 18, 19, 19, 19, 19, 19, 20, 20, 20, 20, 20, 20, 18, 18, 18, 18, 18, 19, 19, 19, 19, 19, 20, 20, 20, 20, 20, 20, 18, 18, 18, 18, 18, 19, 19, 19, 19, 19, 20, 20, 20, 20, 20, 20, 18, 18, 18, 18, 18, 19, 19, 19, 19, 19, 20, 20, 20, 20, 20, 20, 18, 18, 18, 18, 18, 19, 19, 19, 19, 19, 20, 20, 20, 20, 20, 20, 18, 18, 18, 18, 18, 6, 6, 6, 6, 6, 6, 6, 6, 15, 15, 15, 15, 15, 15, 15, 15, 6, 6, 6, 6, 6, 6, 6, 6, 15, 15, 15, 15, 15, 15, 15, 9, 10, 10, 10, 6, 6, 6, 6, 6, 15, 15, 9, 9, 9, 9, 9, 9, 10, 10, 10, 10, 10, 10, 10, 10, 9, 9, 9, 9, 9, 9, 9, 9, 10, 10, 10, 10, 10, 10, 10, 10, 9, 9, 9, 9, 9, 9, 9, 9, 10, 10, 10, 10, 10, 10, 10, 10, 9, 9, 9, 9, 9, 9, 9, 9, 10, 10, 10, 10, 10, 10, 10, 10, 9, 9, 9, 9, 9, 9, 9, 9, 10, 10, 10, 10, 10, 10, 10, 10, 9, 9, 9, 9, 9, 9, 9, 9, 10, 10, 10, 10, 10, 10, 10, 10, 9, 9, 9, 9, 9, 9, 9, 9, 10, 10, 10, 10, 10, 10, 10, 10, 9, 9, 9, 9, 9, 9, 9, 9, 10, 10, 10, 10, 10, 10, 10, 10, 22, 22, 22, 22, 22, 22, 9, 9, 10, 10, 10, 10, 10, 10, 10, 10, 22, 22, 22, 22, 22, 22, 22, 22, 10, 10, 10, 10, 10, 10, 10, 10, 22, 22, 22, 22, 22, 22, 22, 22, 10, 10, 10, 11, 11, 11, 11, 11, 22, 22, 22, 22, 22, 22, 22, 22, 11, 11, 11, 11, 11, 11, 11, 11, 22, 22, 22, 22, 22, 22, 22, 22, 11, 11, 11, 11, 11, 11, 11, 11, 22, 22, 22, 22, 22, 22, 22, 22, 11, 11, 11, 11, 11, 11, 11, 13, 4, 4, 4, 4, 4, 19, 19, 19, 11, 11, 11, 11, 11, 11, 11, 13, 4, 4, 4, 4, 19, 19, 19, 19, 11, 11, 11, 11, 11, 11, 11, 13, 4, 4, 4, 4, 19, 19, 19, 19, 11, 11, 11, 11, 11, 11, 13, 13, 4, 4, 4, 19, 19, 19, 19, 19, 11, 11, 11, 11, 11, 11, 13, 13, 17, 4, 4, 19, 19, 19, 19, 19, 11, 11, 11, 11, 11, 11, 13, 12, 17, 4, 19, 19, 19, 19, 19, 20, 11, 11, 11, 11, 11, 12, 12, 12, 17, 17, 19, 19, 20, 20, 20, 20, 11, 11, 11, 11, 12, 12, 12, 12, 17, 17, 20, 20, 20, 20, 20, 20, 22, 22, 22, 14, 12, 12, 12, 12, 30, 30, 20, 20, 20, 20, 20, 20, 22, 22, 22, 14, 14, 12, 12, 12, 30, 30, 18, 18, 20, 20, 20, 20, 22, 22, 22, 22, 14, 14, 21, 21, 30, 30, 18, 18, 18, 18, 18, 20, 22, 22, 22, 22, 14, 14, 21, 21, 30, 2, 2, 18, 18, 18, 18, 18, 22, 22, 22, 22, 14, 14, 21, 21, 2, 2, 2, 18, 18, 18, 18, 18, 22, 22, 22, 22, 14, 14, 14, 21, 2, 2, 2, 2, 18, 18, 18, 18, 22, 22, 22, 22, 22, 14, 14, 21, 2, 2, 2, 2, 18, 18, 18, 18, 22, 22, 22, 22, 22, 14, 14, 14, 2, 2, 2, 2, 2, 18, 18, 18, 6, 6, 6, 6, 6, 6, 6, 7, 5, 5, 5, 5, 5, 5, 26, 26, 6, 6, 6, 6, 6, 6, 6, 7, 5, 5, 5, 5, 5, 26, 26, 26, 6, 6, 6, 6, 6, 6, 6, 7, 27, 5, 5, 5, 26, 26, 26, 26, 6, 6, 6, 6, 6, 6, 7, 7, 27, 5, 5, 5, 26, 26, 26, 26, 6, 6, 6, 6, 6, 6, 7, 7, 27, 5, 5, 26, 26, 26, 26, 26, 6, 6, 6, 6, 6, 6, 8, 8, 27, 27, 26, 26, 26, 26, 26, 24, 6, 6, 6, 6, 6, 8, 8, 8, 27, 27, 26, 24, 24, 24, 24, 24, 6, 6, 6, 6, 8, 8, 8, 8, 25, 25, 24, 24, 24, 24, 24, 24, 15, 15, 15, 15, 8, 8, 8, 8, 25, 25, 24, 24, 24, 24, 24, 24, 15, 15, 15, 15, 15, 8, 8, 8, 25, 25, 23, 24, 24, 24, 24, 24, 15, 15, 15, 15, 15, 15, 16, 16, 33, 33, 23, 23, 23, 23, 23, 24, 15, 15, 15, 15, 15, 15, 16, 16, 33, 1, 1, 23, 23, 23, 23, 23, 15, 15, 15, 15, 15, 15, 16, 16, 33, 1, 1, 1, 23, 23, 23, 23, 15, 15, 15, 15, 15, 15, 15, 16, 33, 1, 1, 1, 23, 23, 23, 23, 15, 15, 15, 15, 15, 15, 15, 16, 33, 1, 1, 1, 1, 23, 23, 23, 15, 15, 15, 15, 15, 15, 15, 16, 33, 1, 1, 1, 1, 1, 23, 23, 15, 9, 9, 9, 9, 9, 9, 9, 9, 9, 9, 22, 22, 22, 22, 22, 15, 15, 9, 9, 9, 9, 9, 9, 9, 9, 22, 22, 22, 22, 22, 22, 15, 15, 15, 9, 9, 9, 9, 9, 9, 9, 22, 22, 22, 22, 22, 22, 15, 15, 15, 9, 9, 9, 9, 9, 9, 9, 22, 22, 22, 22, 22, 22, 15, 15, 15, 15, 9, 9, 9, 9, 9, 9, 22, 22, 22, 22, 22, 22, 15, 15, 15, 15, 15, 9, 9, 9, 9, 22, 22, 22, 22, 22, 14, 14, 15, 15, 15, 15, 15, 9, 9, 9, 9, 22, 22, 22, 22, 14, 14, 14, 16, 15, 15, 15, 15, 15, 9, 9, 9, 22, 22, 22, 14, 14, 14, 14, 33, 28, 28, 28, 28, 28, 0, 0, 0, 32, 32, 32, 32, 2, 2, 2, 1, 1, 1, 1, 1, 1, 0, 0, 0, 32, 2, 2, 2, 2, 2, 2, 1, 1, 1, 1, 1, 1, 1, 1, 2, 2, 2, 2, 2, 2, 2, 2, 1, 1, 1, 1, 1, 1, 1, 1, 2, 2, 2, 2, 2, 2, 2, 2, 1, 1, 1, 1, 1, 1, 1, 1, 18, 18, 2, 2, 2, 2, 2, 2, 1, 1, 1, 1, 1, 1, 1, 1, 18, 18, 18, 18, 18, 18, 18, 18, 23, 23, 23, 23, 23, 23, 23, 23, 18, 18, 18, 18, 18, 18, 18, 18, 23, 23, 23, 23, 23, 23, 23, 23, 18, 18, 18, 18, 18, 18, 18, 18, 6, 6, 10, 10, 10, 10, 10, 10, 10, 10, 10, 10, 10, 10, 11, 11, 6, 6, 6, 10, 10, 10, 10, 10, 10, 10, 10, 10, 10, 11, 11, 11, 6, 6, 6, 10, 10, 10, 10, 10, 10, 10, 10, 10, 10, 11, 11, 11, 6, 6, 6, 6, 10, 10, 10, 10, 10, 10, 10, 10, 11, 11, 11, 11, 6, 6, 6, 6, 10, 10, 10, 10, 10, 10, 10, 10, 11, 11, 11, 11, 6, 6, 6, 6, 6, 10, 10, 10, 10, 10, 10, 11, 11, 11, 11, 11, 6, 6, 6, 6, 6, 6, 10, 10, 10, 10, 11, 11, 11, 11, 11, 11, 7, 7, 6, 6, 6, 6, 10, 10, 10, 10, 11, 11, 11, 11, 11, 13, 5, 29, 29, 29, 29, 29, 3, 3, 3, 31, 31, 31, 31, 4, 4, 4, 5, 5, 5, 5, 5, 5, 3, 3, 3, 31, 4, 4, 4, 4, 4, 4, 5, 5, 5, 5, 5, 5, 5, 5, 4, 4, 4, 4, 4, 4, 4, 4, 5, 5, 5, 5, 5, 5, 5, 5, 4, 4, 4, 4, 4, 4, 4, 4, 5, 5, 5, 5, 5, 5, 5, 5, 19, 19, 4, 4, 4, 4, 4, 4, 5, 5, 5, 5, 5, 5, 5, 5, 19, 19, 19, 19, 19, 19, 19, 19, 26, 26, 26, 26, 26, 26, 26, 26, 19, 19, 19, 19, 19, 19, 19, 19, 26, 26, 26, 26, 26, 26, 26, 26, 19, 19, 19, 19, 19, 19, 19, 19, 22, 22, 22, 22, 22, 22, 22, 22, 11, 11, 11, 11, 11, 11, 11, 11, 22, 22, 22, 22, 22, 22, 22, 22, 11, 11, 11, 11, 11, 11, 11, 11, 22, 22, 22, 22, 22, 22, 22, 22, 11, 11, 11, 11, 11, 10, 10, 10, 22, 22, 22, 22, 22, 22, 22, 22, 10, 10, 10, 10, 10, 10, 10, 10, 22, 22, 22, 22, 22, 22, 22, 22, 10, 10, 10, 10, 10, 10, 10, 10, 9, 9, 22, 22, 22, 22, 22, 22, 10, 10, 10, 10, 10, 10, 10, 10, 9, 9, 9, 9, 9, 9, 9, 9, 10, 10, 10, 10, 10, 10, 10, 10, 9, 9, 9, 9, 9, 9, 9, 9, 10, 10, 10, 10, 10, 10, 10, 10, 9, 9, 9, 9, 9, 9, 9, 9, 10, 10, 10, 10, 10, 10, 10, 10, 9, 9, 9, 9, 9, 9, 9, 9, 10, 10, 10, 10, 10, 10, 10, 10, 9, 9, 9, 9, 9, 9, 9, 9, 10, 10, 10, 10, 10, 10, 10, 10, 9, 9, 9, 9, 9, 9, 9, 9, 10, 10, 10, 10, 10, 10, 10, 10, 9, 9, 9, 9, 9, 9, 9, 9, 10, 10, 10, 10, 10, 10, 10, 10, 9, 9, 9, 9, 9, 9, 15, 15, 6, 6, 6, 6, 6, 10, 10, 10, 9, 15, 15, 15, 15, 15, 15, 15, 6, 6, 6, 6, 6, 6, 6, 6, 15, 15, 15, 15, 15, 15, 15, 15, 6, 6, 6, 6, 6, 6, 6, 6, 18, 18, 18, 18, 18, 20, 20, 20, 20, 20, 20, 19, 19, 19, 19, 19, 18, 18, 18, 18, 18, 20, 20, 20, 20, 20, 20, 19, 19, 19, 19, 19, 18, 18, 18, 18, 18, 20, 20, 20, 20, 20, 20, 19, 19, 19, 19, 19, 18, 18, 18, 18, 18, 20, 20, 20, 20, 20, 20, 19, 19, 19, 19, 19, 18, 18, 18, 18, 18, 20, 20, 20, 20, 20, 20, 19, 19, 19, 19, 19, 18, 18, 18, 18, 18, 20, 20, 20, 20, 20, 20, 19, 19, 19, 19, 19, 18, 18, 18, 18, 18, 20, 20, 20, 20, 20, 20, 19, 19, 19, 19, 19, 18, 18, 18, 18, 18, 20, 20, 20, 20, 20, 20, 19, 19, 19, 19, 19, 23, 23, 23, 23, 23, 23, 24, 24, 24, 24, 26, 26, 26, 26, 26, 26, 23, 23, 23, 23, 23, 23, 24, 24, 24, 24, 26, 26, 26, 26, 26, 26, 23, 23, 23, 23, 23, 23, 24, 24, 24, 24, 26, 26, 26, 26, 26, 26, 23, 23, 23, 23, 23, 23, 24, 24, 24, 24, 26, 26, 26, 26, 26, 26, 23, 23, 23, 23, 23, 24, 24, 24, 24, 24, 24, 26, 26, 26, 26, 26, 23, 23, 23, 23, 23, 24, 24, 24, 24, 24, 24, 26, 26, 26, 26, 26, 23, 23, 23, 23, 23, 24, 24, 24, 24, 24, 24, 26, 26, 26, 26, 26, 23, 23, 23, 23, 23, 24, 24, 24, 24, 24, 24, 26, 26, 26, 26, 26, 23, 23, 1, 1, 1, 1, 1, 33, 16, 15, 15, 15, 15, 15, 15, 15, 23, 23, 23, 1, 1, 1, 1, 33, 16, 15, 15, 15, 15, 15, 15, 15, 23, 23, 23, 23, 1, 1, 1, 33, 16, 15, 15, 15, 15, 15, 15, 15, 23, 23, 23, 23, 1, 1, 1, 33, 16, 16, 15, 15, 15, 15, 15, 15, 23, 23, 23, 23, 23, 1, 1, 33, 16, 16, 15, 15, 15, 15, 15, 15, 24, 23, 23, 23, 23, 23, 33, 33, 16, 16, 15, 15, 15, 15, 15, 15, 24, 24, 24, 24, 24, 23, 25, 25, 8, 8, 8, 15, 15, 15, 15, 15, 24, 24, 24, 24, 24, 24, 25, 25, 8, 8, 8, 8, 15, 15, 15, 15, 24, 24, 24, 24, 24, 24, 25, 25, 8, 8, 8, 8, 6, 6, 6, 6, 24, 24, 24, 24, 24, 26, 27, 27, 8, 8, 8, 6, 6, 6, 6, 6, 24, 26, 26, 26, 26, 26, 27, 27, 8, 8, 6, 6, 6, 6, 6, 6, 26, 26, 26, 26, 26, 5, 5, 27, 7, 7, 6, 6, 6, 6, 6, 6, 26, 26, 26, 26, 5, 5, 5, 27, 7, 7, 6, 6, 6, 6, 6, 6, 26, 26, 26, 26, 5, 5, 5, 27, 7, 6, 6, 6, 6, 6, 6, 6, 26, 26, 26, 5, 5, 5, 5, 5, 7, 6, 6, 6, 6, 6, 6, 6, 26, 26, 5, 5, 5, 5, 5, 5, 7, 6, 6, 6, 6, 6, 6, 6, 18, 18, 18, 2, 2, 2, 2, 2, 14, 14, 14, 22, 22, 22, 22, 22, 18, 18, 18, 18, 2, 2, 2, 2, 21, 14, 14, 22, 22, 22, 22, 22, 18, 18, 18, 18, 2, 2, 2, 2, 21, 14, 14, 14, 22, 22, 22, 22, 18, 18, 18, 18, 18, 2, 2, 2, 21, 21, 14, 14, 22, 22, 22, 22, 18, 18, 18, 18, 18, 2, 2, 30, 21, 21, 14, 14, 22, 22, 22, 22, 20, 18, 18, 18, 18, 18, 30, 30, 21, 21, 14, 14, 22, 22, 22, 22, 20, 20, 20, 20, 18, 18, 30, 30, 12, 12, 12, 14, 14, 22, 22, 22, 20, 20, 20, 20, 20, 20, 30, 30, 12, 12, 12, 12, 14, 22, 22, 22, 20, 20, 20, 20, 20, 20, 17, 17, 12, 12, 12, 12, 11, 11, 11, 11, 20, 20, 20, 20, 19, 19, 17, 17, 12, 12, 12, 11, 11, 11, 11, 11, 20, 19, 19, 19, 19, 19, 4, 17, 12, 13, 11, 11, 11, 11, 11, 11, 19, 19, 19, 19, 19, 4, 4, 17, 13, 13, 11, 11, 11, 11, 11, 11, 19, 19, 19, 19, 19, 4, 4, 4, 13, 13, 11, 11, 11, 11, 11, 11, 19, 19, 19, 19, 4, 4, 4, 4, 13, 11, 11, 11, 11, 11, 11, 11, 19, 19, 19, 19, 4, 4, 4, 4, 13, 11, 11, 11, 11, 11, 11, 11, 19, 19, 19, 4, 4, 4, 4, 4, 13, 11, 11, 11, 11, 11, 11, 11, 19, 19, 19, 19, 19, 19, 19, 19, 26, 26, 26, 26, 26, 26, 26, 26, 19, 19, 19, 19, 19, 19, 19, 19, 26, 26, 26, 26, 26, 26, 26, 26, 19, 19, 19, 19, 19, 19, 19, 19, 5, 5, 5, 5, 5, 5, 5, 5, 4, 4, 4, 4, 4, 4, 19, 19, 5, 5, 5, 5, 5, 5, 5, 5, 4, 4, 4, 4, 4, 4, 4, 4, 5, 5, 5, 5, 5, 5, 5, 5, 4, 4, 4, 4, 4, 4, 4, 4, 5, 5, 5, 5, 5, 5, 5, 5, 4, 4, 4, 4, 4, 4, 31, 3, 3, 3, 5, 5, 5, 5, 5, 5, 4, 4, 4, 31, 31, 31, 31, 3, 3, 3, 29, 29, 29, 29, 29, 5, 13, 11, 11, 11, 11, 11, 10, 10, 10, 10, 6, 6, 6, 6, 7, 7, 11, 11, 11, 11, 11, 11, 10, 10, 10, 10, 6, 6, 6, 6, 6, 6, 11, 11, 11, 11, 11, 10, 10, 10, 10, 10, 10, 6, 6, 6, 6, 6, 11, 11, 11, 11, 10, 10, 10, 10, 10, 10, 10, 10, 6, 6, 6, 6, 11, 11, 11, 11, 10, 10, 10, 10, 10, 10, 10, 10, 6, 6, 6, 6, 11, 11, 11, 10, 10, 10, 10, 10, 10, 10, 10, 10, 10, 6, 6, 6, 11, 11, 11, 10, 10, 10, 10, 10, 10, 10, 10, 10, 10, 6, 6, 6, 11, 11, 10, 10, 10, 10, 10, 10, 10, 10, 10, 10, 10, 10, 6, 6, 18, 18, 18, 18, 18, 18, 18, 18, 23, 23, 23, 23, 23, 23, 23, 23, 18, 18, 18, 18, 18, 18, 18, 18, 23, 23, 23, 23, 23, 23, 23, 23, 18, 18, 18, 18, 18, 18, 18, 18, 1, 1, 1, 1, 1, 1, 1, 1, 2, 2, 2, 2, 2, 2, 18, 18, 1, 1, 1, 1, 1, 1, 1, 1, 2, 2, 2, 2, 2, 2, 2, 2, 1, 1, 1, 1, 1, 1, 1, 1, 2, 2, 2, 2, 2, 2, 2, 2, 1, 1, 1, 1, 1, 1, 1, 1, 2, 2, 2, 2, 2, 2, 32, 0, 0, 0, 1, 1, 1, 1, 1, 1, 2, 2, 2, 32, 32, 32, 32, 0, 0, 0, 28, 28, 28, 28, 28, 33, 14, 14, 14, 14, 22, 22, 22, 9, 9, 9, 15, 15, 15, 15, 15, 16, 14, 14, 14, 22, 22, 22, 22, 9, 9, 9, 9, 15, 15, 15, 15, 15, 14, 14, 22, 22, 22, 22, 22, 9, 9, 9, 9, 15, 15, 15, 15, 15, 22, 22, 22, 22, 22, 22, 9, 9, 9, 9, 9, 9, 15, 15, 15, 15, 22, 22, 22, 22, 22, 22, 9, 9, 9, 9, 9, 9, 9, 15, 15, 15, 22, 22, 22, 22, 22, 22, 9, 9, 9, 9, 9, 9, 9, 15, 15, 15, 22, 22, 22, 22, 22, 22, 9, 9, 9, 9, 9, 9, 9, 9, 15, 15, 22, 22, 22, 22, 22, 9, 9, 9, 9, 9, 9, 9, 9, 9, 9, 15, 73, 67, 69, 1, 86, 65, 76, 69, 2, 0, 0, 0, 34, 0, 0, 0, 186, 0, 0, 0, 7, 0, 0, 0, 6, 6, 6, 5, 6, 7, 6, 5, 7, 5, 5, 6, 6, 5, 5, 5, 4, 6, 5, 5, 7, 5, 6, 6, 4, 6, 6, 5, 5, 4, 6, 4, 5, 6, 9, 22, 32, 2, 1, 28, 2, 18, 23, 33, 28, 0, 0, 32, 21, 30, 18, 1, 4, 31, 10, 29, 5, 5, 19, 17, 13, 31, 3, 3, 29, 7, 27, 26, 19, 4, 7, 29, 10, 9, 15, 8, 8, 27, 5, 29, 6, 6, 15, 16, 33, 25, 27, 7, 15, 6, 10, 22, 0, 6, 3, 11, 22, 9, 12, 14, 22, 10, 31, 13, 13, 17, 30, 21, 14, 11, 11, 31, 4, 17, 12, 12, 21, 32, 22, 11, 28, 16, 8, 6, 9, 15, 28, 33, 8, 4, 19, 20, 30, 12, 13, 2, 30, 20, 23, 1, 5, 26, 20, 17, 4, 19, 26, 24, 23, 18, 30, 17, 12, 30, 2, 32, 14, 14, 32, 0, 9, 10, 11, 24, 25, 33, 1, 18, 20, 20, 26, 25, 23, 24, 26, 27, 8, 33, 23, 5, 27, 25, 24, 20, 19, 25, 26, 5, 7, 8, 0, 1, 33, 16, 15, 7, 5, 3, 6, 2, 21, 12, 17, 20, 18, 3, 4, 13, 11, 14, 21, 2, 0, 22, 1, 23, 25, 8, 16, 28, 0, 0, 128, 191, 51, 118, 139, 60, 244, 217, 170, 60, 90, 9, 33, 60, 90, 9, 33, 60]
            }
        }

        over "Link1_cover"
        {
            over "collisions" (
                prepend apiSchemas = ["PhysxCookedDataAPI:convexHull"]
            )
            {
                uchar[] physxCookedData:convexHull:buffer = [9, 17, 28, 83, 238, 209, 221, 46, 25, 185, 14, 87, 239, 172, 240, 192, 153, 78, 88, 83, 1, 67, 86, 88, 77, 14, 0, 0, 0, 0, 0, 0, 0, 73, 67, 69, 1, 67, 76, 72, 76, 9, 0, 0, 0, 34, 0, 0, 0, 85, 128, 0, 0, 53, 0, 0, 0, 170, 0, 0, 0, 3, 120, 11, 61, 43, 166, 121, 188, 90, 245, 57, 188, 202, 236, 184, 60, 182, 240, 13, 187, 41, 162, 154, 188, 3, 120, 11, 61, 43, 166, 121, 60, 90, 245, 57, 188, 3, 120, 11, 61, 43, 166, 121, 188, 90, 245, 57, 60, 3, 120, 11, 61, 43, 166, 121, 60, 90, 245, 57, 60, 166, 85, 185, 60, 182, 240, 13, 59, 41, 162, 154, 60, 254, 42, 58, 187, 152, 15, 245, 187, 93, 21, 143, 188, 15, 159, 148, 60, 163, 149, 155, 188, 235, 58, 14, 58, 16, 58, 15, 187, 44, 44, 252, 187, 29, 79, 142, 60, 16, 58, 15, 187, 44, 44, 252, 59, 29, 79, 142, 60, 15, 159, 148, 60, 163, 149, 155, 60, 235, 58, 14, 186, 148, 95, 58, 187, 154, 5, 245, 59, 110, 22, 143, 188, 112, 178, 130, 60, 4, 169, 137, 188, 140, 69, 17, 188, 112, 178, 130, 60, 4, 169, 137, 60, 140, 69, 17, 60, 3, 120, 11, 61, 80, 16, 154, 60, 74, 53, 49, 59, 209, 166, 124, 60, 253, 73, 133, 60, 161, 192, 32, 188, 209, 166, 124, 60, 253, 73, 133, 188, 161, 192, 32, 60, 3, 120, 11, 61, 211, 136, 150, 188, 57, 70, 158, 59, 247, 47, 196, 60, 65, 91, 242, 59, 253, 94, 143, 188, 209, 152, 196, 60, 65, 91, 242, 187, 253, 94, 143, 60, 3, 120, 11, 61, 67, 140, 152, 188, 28, 72, 119, 187, 163, 149, 2, 188, 12, 180, 52, 58, 168, 139, 155, 60, 111, 18, 3, 188, 254, 244, 230, 159, 227, 165, 155, 188, 217, 196, 215, 187, 141, 223, 148, 187, 250, 33, 151, 188, 181, 198, 215, 187, 219, 220, 148, 187, 36, 34, 151, 60, 181, 198, 215, 187, 219, 220, 148, 59, 36, 34, 151, 188, 54, 179, 205, 187, 144, 128, 162, 59, 175, 64, 150, 60, 3, 120, 11, 61, 67, 140, 152, 60, 28, 72, 119, 187, 77, 7, 204, 60, 18, 19, 25, 188, 167, 135, 135, 188, 41, 112, 204, 60, 18, 19, 25, 60, 167, 135, 135, 60, 89, 80, 81, 60, 130, 61, 95, 188, 49, 244, 88, 188, 89, 80, 81, 60, 130, 61, 95, 60, 49, 244, 88, 60, 53, 60, 61, 60, 95, 41, 75, 60, 128, 220, 107, 188, 107, 144, 68, 60, 148, 125, 82, 188, 54, 88, 101, 60, 0, 0, 128, 63, 0, 0, 0, 0, 0, 0, 0, 0, 3, 120, 11, 189, 0, 0, 8, 22, 209, 99, 12, 63, 0, 0, 0, 0, 88, 18, 86, 191, 62, 184, 230, 188, 8, 0, 3, 21, 147, 209, 12, 63, 0, 0, 0, 0, 53, 202, 85, 63, 160, 21, 231, 188, 11, 0, 3, 22, 91, 134, 247, 190, 253, 23, 96, 191, 131, 130, 110, 59, 215, 183, 0, 188, 14, 0, 3, 14, 252, 113, 247, 190, 158, 29, 96, 63, 234, 42, 111, 59, 234, 185, 0, 188, 17, 0, 3, 20, 53, 61, 203, 190, 30, 249, 104, 191, 16, 92, 244, 189, 213, 32, 36, 188, 20, 0, 3, 14, 24, 59, 205, 190, 21, 148, 104, 63, 210, 197, 241, 61, 226, 128, 34, 188, 23, 0, 3, 20, 141, 149, 226, 60, 9, 138, 108, 63, 161, 75, 195, 62, 50, 132, 158, 188, 26, 0, 3, 12, 20, 120, 8, 189, 154, 163, 121, 63, 70, 69, 96, 62, 35, 203, 145, 188, 29, 0, 3, 20, 24, 59, 191, 190, 10, 249, 105, 63, 89, 128, 34, 190, 63, 201, 46, 188, 32, 0, 3, 17, 120, 108, 19, 189, 148, 48, 118, 191, 40, 42, 139, 62, 51, 123, 145, 188, 35, 0, 3, 27, 43, 238, 103, 60, 218, 164, 102, 191, 17, 12, 222, 62, 194, 187, 156, 188, 38, 0, 3, 15, 82, 6, 193, 190, 93, 170, 105, 191, 71, 22, 33, 62, 223, 91, 45, 188, 41, 0, 3, 27, 168, 186, 249, 62, 98, 215, 97, 61, 136, 9, 95, 191, 40, 241, 223, 188, 44, 0, 3, 21, 111, 204, 250, 62, 70, 240, 95, 189, 154, 190, 94, 63, 64, 92, 224, 188, 47, 0, 3, 22, 187, 39, 254, 60, 188, 197, 127, 191, 221, 209, 233, 60, 27, 47, 160, 188, 50, 0, 3, 10, 14, 126, 21, 189, 215, 166, 121, 191, 117, 134, 95, 190, 247, 84, 145, 188, 53, 0, 3, 14, 252, 31, 189, 60, 112, 174, 105, 191, 214, 191, 208, 190, 106, 74, 158, 188, 56, 0, 3, 13, 174, 24, 118, 191, 128, 0, 141, 190, 35, 109, 188, 59, 49, 108, 248, 187, 59, 0, 4, 14, 50, 73, 25, 191, 3, 9, 77, 191, 189, 167, 98, 54, 19, 110, 248, 187, 63, 0, 4, 14, 255, 93, 126, 186, 80, 40, 166, 190, 240, 36, 114, 63, 80, 21, 155, 188, 67, 0, 3, 18, 154, 38, 31, 60, 55, 131, 1, 190, 153, 238, 125, 63, 202, 240, 152, 188, 70, 0, 4, 25, 241, 25, 151, 187, 92, 140, 249, 189, 245, 22, 126, 191, 234, 201, 154, 188, 74, 0, 3, 5, 205, 78, 136, 185, 203, 166, 162, 62, 33, 189, 114, 191, 29, 36, 155, 188, 77, 0, 3, 19, 108, 193, 91, 60, 120, 218, 7, 62, 189, 182, 125, 191, 5, 97, 153, 188, 80, 0, 4, 24, 189, 95, 116, 191, 83, 134, 152, 62, 172, 162, 152, 187, 152, 35, 253, 187, 84, 0, 3, 20, 44, 22, 14, 191, 236, 241, 84, 63, 238, 245, 172, 59, 97, 131, 252, 187, 87, 0, 3, 20, 86, 215, 29, 191, 16, 140, 73, 63, 35, 6, 118, 187, 50, 130, 252, 187, 90, 0, 3, 20, 86, 238, 109, 191, 12, 239, 188, 62, 247, 124, 107, 59, 89, 78, 253, 187, 93, 0, 3, 20, 252, 246, 113, 187, 65, 171, 26, 62, 168, 15, 125, 63, 153, 218, 154, 188, 96, 0, 3, 1, 151, 241, 138, 60, 199, 181, 105, 63, 101, 198, 208, 190, 196, 153, 156, 188, 99, 0, 3, 16, 64, 8, 7, 189, 238, 39, 118, 63, 130, 153, 139, 190, 3, 234, 145, 188, 102, 0, 3, 17, 33, 72, 143, 60, 64, 219, 127, 63, 169, 228, 233, 188, 63, 57, 158, 188, 105, 0, 3, 7, 200, 121, 51, 60, 243, 105, 156, 190, 209, 190, 115, 191, 93, 173, 154, 188, 108, 0, 4, 26, 251, 200, 208, 62, 98, 113, 35, 190, 42, 38, 102, 191, 128, 66, 217, 188, 112, 0, 3, 21, 14, 175, 72, 60, 90, 27, 158, 62, 215, 119, 115, 63, 18, 208, 154, 188, 115, 0, 4, 23, 175, 6, 210, 62, 76, 85, 34, 62, 111, 234, 101, 63, 67, 183, 217, 188, 119, 0, 3, 22, 170, 194, 30, 188, 203, 243, 79, 191, 173, 72, 21, 191, 233, 233, 152, 188, 122, 0, 3, 4, 105, 80, 87, 190, 118, 115, 91, 191, 223, 169, 240, 190, 178, 85, 121, 188, 125, 0, 3, 4, 158, 213, 78, 188, 156, 130, 22, 191, 94, 14, 79, 191, 141, 10, 152, 188, 128, 0, 3, 29, 192, 79, 157, 60, 84, 226, 36, 191, 150, 196, 67, 191, 46, 219, 156, 188, 131, 0, 3, 31, 170, 194, 30, 188, 203, 243, 79, 63, 173, 72, 21, 63, 233, 233, 152, 188, 134, 0, 3, 0, 5, 250, 86, 190, 25, 113, 91, 63, 211, 197, 240, 62, 36, 113, 121, 188, 137, 0, 3, 0, 133, 233, 55, 188, 3, 36, 23, 63, 5, 154, 78, 63, 28, 69, 152, 188, 140, 0, 3, 28, 171, 45, 157, 60, 105, 233, 36, 63, 164, 190, 67, 63, 80, 219, 156, 188, 143, 0, 3, 30, 3, 40, 37, 190, 128, 38, 81, 63, 212, 186, 13, 191, 72, 5, 133, 188, 146, 0, 3, 3, 123, 210, 39, 188, 9, 174, 68, 63, 25, 217, 35, 191, 127, 141, 152, 188, 149, 0, 3, 3, 233, 246, 15, 61, 211, 162, 22, 63, 77, 203, 78, 191, 115, 92, 158, 188, 152, 0, 3, 8, 142, 246, 4, 58, 2, 58, 7, 63, 189, 94, 89, 191, 79, 215, 153, 188, 155, 0, 3, 8, 21, 106, 49, 190, 234, 189, 83, 191, 107, 223, 8, 63, 45, 85, 131, 188, 158, 0, 3, 2, 39, 247, 15, 188, 38, 18, 71, 191, 170, 240, 32, 63, 142, 17, 153, 188, 161, 0, 3, 2, 103, 121, 6, 61, 24, 43, 23, 191, 43, 110, 78, 63, 158, 215, 157, 188, 164, 0, 3, 11, 89, 122, 7, 59, 46, 58, 11, 191, 55, 212, 86, 63, 244, 171, 153, 188, 167, 0, 3, 32, 27, 14, 4, 3, 17, 20, 0, 2, 0, 1, 2, 3, 4, 5, 6, 7, 8, 9, 10, 11, 12, 7, 6, 13, 10, 9, 13, 4, 14, 13, 14, 10, 15, 11, 10, 16, 7, 17, 16, 17, 3, 16, 8, 7, 18, 2, 1, 19, 3, 5, 20, 17, 7, 20, 7, 12, 20, 12, 0, 21, 22, 23, 24, 24, 23, 6, 8, 24, 8, 19, 19, 5, 21, 24, 23, 22, 1, 25, 11, 18, 18, 1, 22, 25, 25, 22, 21, 26, 9, 11, 26, 11, 25, 26, 25, 21, 26, 21, 5, 27, 2, 15, 27, 15, 10, 27, 10, 14, 28, 6, 23, 1, 28, 1, 0, 29, 9, 26, 5, 29, 5, 4, 30, 0, 12, 30, 12, 6, 30, 6, 28, 30, 28, 0, 31, 4, 13, 31, 13, 9, 31, 9, 29, 31, 29, 4, 32, 11, 15, 32, 15, 2, 32, 2, 18, 32, 18, 11, 33, 8, 16, 33, 16, 3, 33, 3, 19, 33, 19, 8, 0, 32, 0, 7, 0, 2, 0, 11, 0, 15, 0, 17, 0, 1, 0, 30, 1, 34, 1, 13, 2, 36, 2, 14, 3, 5, 3, 12, 3, 19, 4, 6, 4, 9, 4, 26, 5, 16, 5, 38, 6, 8, 6, 42, 7, 41, 7, 8, 8, 32, 9, 45, 9, 31, 10, 12, 10, 15, 10, 11, 11, 50, 12, 49, 13, 47, 13, 24, 14, 51, 14, 21, 15, 16, 16, 17, 17, 37, 18, 25, 18, 22, 18, 19, 18, 21, 19, 33, 19, 20, 20, 52, 20, 21, 21, 29, 22, 24, 22, 33, 23, 27, 23, 48, 23, 24, 24, 25, 25, 28, 26, 35, 26, 27, 27, 28, 28, 29, 29, 35, 30, 46, 30, 31, 31, 32, 33, 39, 33, 34, 34, 40, 35, 43, 35, 36, 36, 44, 37, 40, 37, 38, 38, 39, 39, 40, 41, 44, 41, 42, 42, 43, 43, 44, 45, 48, 45, 46, 46, 47, 47, 48, 49, 52, 49, 50, 50, 51, 51, 52, 0, 1, 17, 1, 13, 22, 0, 1, 13, 0, 2, 11, 0, 2, 7, 2, 14, 21, 3, 5, 19, 3, 5, 10, 3, 12, 19, 4, 6, 26, 4, 6, 8, 4, 9, 23, 5, 16, 17, 6, 7, 8, 0, 7, 8, 9, 30, 31, 10, 11, 12, 0, 10, 11, 13, 23, 24, 14, 20, 21, 0, 15, 16, 18, 21, 25, 18, 22, 24, 18, 19, 22, 18, 19, 20, 23, 24, 25, 26, 27, 28, 0, 30, 31, 33, 34, 39, 35, 36, 43, 37, 38, 39, 41, 42, 43, 45, 46, 47, 49, 50, 51, 27, 0, 14, 0, 14, 0, 4, 0, 4, 0, 3, 0, 3, 0, 17, 0, 17, 0, 20, 0, 20, 0, 0, 0, 0, 0, 2, 0, 2, 0, 27, 0, 0, 0, 1, 0, 1, 0, 2, 0, 4, 0, 5, 0, 5, 0, 3, 0, 6, 0, 7, 0, 7, 0, 8, 0, 8, 0, 6, 0, 9, 0, 10, 0, 10, 0, 11, 0, 11, 0, 9, 0, 12, 0, 7, 0, 6, 0, 12, 0, 13, 0, 10, 0, 9, 0, 13, 0, 13, 0, 4, 0, 14, 0, 13, 0, 14, 0, 10, 0, 15, 0, 11, 0, 10, 0, 15, 0, 16, 0, 7, 0, 7, 0, 17, 0, 17, 0, 16, 0, 3, 0, 16, 0, 16, 0, 8, 0, 18, 0, 2, 0, 1, 0, 18, 0, 19, 0, 3, 0, 5, 0, 19, 0, 7, 0, 20, 0, 12, 0, 20, 0, 12, 0, 0, 0, 21, 0, 22, 0, 22, 0, 23, 0, 23, 0, 24, 0, 24, 0, 21, 0, 23, 0, 6, 0, 8, 0, 24, 0, 8, 0, 19, 0, 19, 0, 24, 0, 5, 0, 21, 0, 22, 0, 1, 0, 1, 0, 23, 0, 25, 0, 11, 0, 11, 0, 18, 0, 18, 0, 25, 0, 22, 0, 25, 0, 21, 0, 25, 0, 26, 0, 9, 0, 11, 0, 26, 0, 25, 0, 26, 0, 21, 0, 26, 0, 5, 0, 26, 0, 2, 0, 15, 0, 15, 0, 27, 0, 10, 0, 27, 0, 28, 0, 6, 0, 1, 0, 28, 0, 0, 0, 28, 0, 29, 0, 9, 0, 5, 0, 29, 0, 4, 0, 29, 0, 30, 0, 0, 0, 12, 0, 30, 0, 6, 0, 30, 0, 28, 0, 30, 0, 31, 0, 4, 0, 13, 0, 31, 0, 9, 0, 31, 0, 29, 0, 31, 0, 32, 0, 11, 0, 15, 0, 32, 0, 2, 0, 32, 0, 18, 0, 32, 0, 33, 0, 8, 0, 16, 0, 33, 0, 3, 0, 33, 0, 19, 0, 33, 0, 0, 0, 0, 0, 112, 18, 3, 188, 163, 149, 155, 188, 228, 165, 155, 188, 3, 120, 11, 61, 163, 149, 155, 60, 168, 139, 155, 60, 200, 122, 24, 56, 233, 45, 198, 49, 249, 185, 71, 44, 42, 187, 14, 171, 249, 185, 71, 44, 150, 205, 139, 50, 207, 227, 210, 172, 42, 187, 14, 171, 207, 227, 210, 172, 93, 59, 134, 50, 3, 43, 127, 60, 0, 19, 68, 52, 251, 128, 40, 183, 0, 0, 128, 63, 73, 67, 69, 1, 83, 85, 80, 77, 0, 0, 0, 0, 73, 67, 69, 1, 71, 65, 85, 83, 0, 0, 0, 0, 16, 0, 0, 0, 0, 6, 0, 0, 0, 0, 0, 0, 0, 20, 20, 20, 17, 17, 17, 17, 3, 3, 3, 3, 0, 0, 0, 0, 0, 20, 20, 20, 17, 17, 17, 3, 3, 3, 3, 3, 0, 0, 0, 0, 0, 0, 20, 20, 17, 17, 17, 3, 3, 3, 3, 3, 0, 0, 0, 0, 0, 0, 20, 20, 17, 17, 3, 3, 3, 3, 3, 3, 0, 0, 0, 0, 0, 0, 20, 20, 17, 17, 3, 3, 3, 3, 3, 3, 0, 0, 0, 0, 0, 0, 0, 20, 17, 3, 3, 3, 3, 3, 3, 3, 0, 0, 0, 0, 0, 0, 0, 20, 17, 3, 3, 3, 3, 3, 3, 3, 0, 0, 0, 0, 0, 0, 0, 0, 3, 3, 3, 3, 3, 3, 3, 3, 2, 2, 2, 2, 2, 2, 2, 2, 4, 4, 4, 4, 4, 4, 4, 4, 2, 2, 2, 2, 2, 2, 2, 27, 14, 4, 4, 4, 4, 4, 4, 4, 2, 2, 2, 2, 2, 2, 2, 27, 14, 4, 4, 4, 4, 4, 4, 4, 2, 2, 2, 2, 2, 2, 27, 27, 14, 4, 4, 4, 4, 4, 4, 4, 2, 2, 2, 2, 2, 2, 27, 27, 14, 14, 4, 4, 4, 4, 4, 4, 2, 2, 2, 2, 2, 2, 27, 27, 14, 14, 4, 4, 4, 4, 4, 4, 2, 2, 2, 2, 2, 27, 27, 27, 14, 14, 14, 4, 4, 4, 4, 4, 2, 2, 2, 2, 2, 27, 27, 27, 14, 14, 14, 4, 4, 4, 4, 4, 23, 23, 23, 23, 23, 23, 23, 23, 24, 24, 24, 24, 24, 24, 24, 24, 23, 23, 23, 23, 23, 23, 23, 23, 24, 24, 24, 24, 24, 24, 24, 24, 23, 23, 23, 23, 23, 23, 23, 23, 24, 24, 24, 24, 24, 24, 24, 24, 23, 23, 23, 23, 23, 23, 23, 23, 24, 24, 24, 24, 24, 24, 24, 24, 23, 23, 23, 23, 23, 23, 23, 23, 24, 24, 24, 24, 24, 24, 24, 24, 22, 22, 22, 22, 22, 22, 22, 23, 24, 24, 24, 24, 24, 21, 21, 21, 22, 22, 22, 22, 22, 22, 22, 22, 21, 21, 21, 21, 21, 21, 21, 21, 22, 22, 22, 22, 22, 22, 22, 22, 21, 21, 21, 21, 21, 21, 21, 21, 22, 22, 22, 22, 22, 22, 22, 22, 21, 21, 21, 21, 21, 21, 21, 21, 22, 22, 22, 22, 22, 22, 22, 22, 21, 21, 21, 21, 21, 21, 21, 21, 22, 22, 22, 22, 22, 22, 22, 25, 21, 21, 21, 21, 21, 21, 21, 21, 25, 25, 25, 25, 25, 25, 25, 25, 26, 26, 26, 21, 21, 21, 21, 21, 25, 25, 25, 25, 25, 25, 25, 25, 26, 26, 26, 26, 26, 26, 26, 26, 25, 25, 25, 25, 25, 25, 25, 25, 26, 26, 26, 26, 26, 26, 26, 26, 25, 25, 25, 25, 25, 25, 25, 25, 26, 26, 26, 26, 26, 26, 26, 26, 25, 25, 25, 25, 25, 25, 25, 25, 26, 26, 26, 26, 26, 26, 26, 26, 25, 25, 25, 25, 11, 11, 11, 32, 2, 2, 2, 2, 2, 2, 2, 2, 25, 25, 25, 25, 11, 11, 11, 32, 2, 2, 2, 2, 2, 2, 2, 2, 25, 25, 25, 25, 11, 11, 11, 15, 2, 2, 2, 2, 2, 2, 2, 2, 25, 25, 25, 11, 11, 11, 15, 15, 2, 2, 2, 2, 2, 2, 2, 2, 25, 25, 25, 11, 11, 11, 15, 15, 2, 2, 2, 2, 2, 2, 2, 2, 25, 25, 25, 11, 11, 15, 15, 15, 27, 27, 27, 27, 27, 27, 27, 27, 25, 25, 25, 11, 11, 15, 10, 10, 27, 27, 27, 27, 27, 27, 27, 27, 25, 25, 11, 11, 10, 10, 10, 10, 27, 27, 27, 27, 27, 27, 27, 27, 26, 26, 26, 9, 10, 10, 10, 10, 14, 14, 14, 14, 14, 14, 14, 14, 26, 26, 26, 9, 9, 13, 13, 10, 14, 14, 14, 14, 14, 14, 14, 14, 26, 26, 26, 26, 9, 13, 13, 13, 14, 14, 14, 14, 14, 14, 14, 14, 26, 26, 26, 26, 9, 9, 13, 13, 4, 4, 4, 4, 4, 4, 4, 4, 26, 26, 26, 26, 9, 9, 31, 13, 4, 4, 4, 4, 4, 4, 4, 4, 26, 26, 26, 26, 9, 9, 9, 31, 4, 4, 4, 4, 4, 4, 4, 4, 26, 26, 26, 26, 26, 9, 9, 31, 4, 4, 4, 4, 4, 4, 4, 4, 26, 26, 26, 26, 26, 9, 9, 31, 4, 4, 4, 4, 4, 4, 4, 4, 23, 23, 23, 23, 6, 6, 6, 30, 0, 0, 0, 0, 0, 0, 0, 0, 23, 23, 23, 23, 6, 6, 6, 30, 0, 0, 0, 0, 0, 0, 0, 0, 23, 23, 23, 23, 6, 6, 6, 30, 0, 0, 0, 0, 0, 0, 0, 0, 23, 23, 23, 6, 6, 6, 30, 12, 0, 0, 0, 0, 0, 0, 0, 0, 23, 23, 23, 6, 6, 6, 12, 12, 0, 0, 0, 0, 0, 0, 0, 0, 23, 23, 23, 6, 6, 12, 12, 12, 20, 20, 20, 20, 20, 20, 20, 20, 23, 23, 23, 6, 6, 12, 12, 7, 20, 20, 20, 20, 20, 20, 20, 20, 23, 23, 6, 6, 7, 7, 7, 7, 20, 20, 20, 20, 20, 20, 20, 20, 24, 24, 24, 8, 7, 7, 7, 7, 17, 17, 17, 17, 17, 17, 17, 17, 24, 24, 24, 8, 8, 16, 7, 7, 17, 17, 17, 17, 17, 17, 17, 17, 24, 24, 24, 8, 8, 16, 16, 16, 17, 17, 17, 17, 17, 17, 17, 17, 24, 24, 24, 8, 8, 8, 16, 16, 17, 17, 17, 17, 17, 17, 17, 17, 24, 24, 24, 24, 8, 8, 16, 16, 3, 3, 3, 3, 3, 3, 3, 3, 24, 24, 24, 24, 8, 8, 8, 16, 3, 3, 3, 3, 3, 3, 3, 3, 24, 24, 24, 24, 8, 8, 8, 33, 3, 3, 3, 3, 3, 3, 3, 3, 24, 24, 24, 24, 8, 8, 8, 33, 3, 3, 3, 3, 3, 3, 3, 3, 24, 24, 24, 24, 24, 21, 21, 21, 21, 21, 21, 21, 26, 26, 26, 26, 24, 24, 24, 24, 24, 24, 21, 21, 21, 21, 21, 21, 26, 26, 26, 26, 24, 24, 24, 24, 24, 24, 21, 21, 21, 21, 21, 26, 26, 26, 26, 26, 24, 24, 24, 24, 24, 24, 21, 21, 21, 21, 21, 26, 26, 26, 26, 26, 8, 24, 24, 24, 24, 24, 21, 21, 21, 21, 21, 26, 26, 26, 26, 26, 8, 8, 24, 24, 24, 24, 24, 21, 21, 21, 26, 26, 26, 26, 9, 9, 8, 8, 8, 24, 24, 24, 24, 21, 21, 21, 26, 26, 26, 9, 9, 9, 33, 33, 8, 8, 8, 24, 24, 21, 21, 26, 26, 9, 9, 9, 31, 31, 3, 3, 3, 19, 19, 19, 19, 5, 5, 5, 29, 29, 29, 29, 4, 4, 3, 3, 3, 3, 19, 19, 19, 5, 5, 5, 29, 29, 4, 4, 4, 4, 3, 3, 3, 3, 3, 19, 19, 5, 5, 5, 29, 4, 4, 4, 4, 4, 3, 3, 3, 3, 3, 3, 3, 5, 5, 4, 4, 4, 4, 4, 4, 4, 3, 3, 3, 3, 3, 3, 3, 3, 4, 4, 4, 4, 4, 4, 4, 4, 3, 3, 3, 3, 3, 3, 3, 3, 4, 4, 4, 4, 4, 4, 4, 4, 3, 3, 3, 3, 3, 3, 3, 3, 4, 4, 4, 4, 4, 4, 4, 4, 3, 3, 3, 3, 3, 3, 3, 3, 4, 4, 4, 4, 4, 4, 4, 4, 23, 23, 23, 23, 23, 22, 22, 22, 22, 22, 22, 25, 25, 25, 25, 25, 23, 23, 23, 23, 23, 22, 22, 22, 22, 22, 22, 25, 25, 25, 25, 25, 23, 23, 23, 23, 23, 22, 22, 22, 22, 22, 22, 25, 25, 25, 25, 25, 23, 23, 23, 23, 23, 23, 22, 22, 22, 22, 25, 25, 25, 25, 25, 25, 6, 23, 23, 23, 23, 23, 22, 22, 22, 22, 25, 25, 25, 25, 25, 11, 6, 6, 23, 23, 23, 23, 22, 22, 22, 22, 25, 25, 25, 25, 11, 11, 6, 6, 6, 6, 23, 23, 23, 22, 22, 25, 25, 25, 11, 11, 11, 11, 30, 30, 6, 6, 6, 23, 23, 22, 22, 25, 25, 11, 11, 11, 32, 32, 0, 0, 28, 28, 28, 28, 1, 1, 1, 18, 18, 18, 18, 2, 2, 2, 0, 0, 0, 0, 28, 28, 1, 1, 1, 18, 18, 18, 2, 2, 2, 2, 0, 0, 0, 0, 0, 28, 1, 1, 1, 18, 18, 2, 2, 2, 2, 2, 0, 0, 0, 0, 0, 0, 0, 1, 1, 2, 2, 2, 2, 2, 2, 2, 0, 0, 0, 0, 0, 0, 0, 0, 2, 2, 2, 2, 2, 2, 2, 2, 0, 0, 0, 0, 0, 0, 0, 0, 2, 2, 2, 2, 2, 2, 2, 2, 0, 0, 0, 0, 0, 0, 0, 0, 2, 2, 2, 2, 2, 2, 2, 2, 0, 0, 0, 0, 0, 0, 0, 0, 2, 2, 2, 2, 2, 2, 2, 2, 26, 26, 26, 26, 26, 26, 26, 26, 25, 25, 25, 25, 25, 25, 25, 25, 26, 26, 26, 26, 26, 26, 26, 26, 25, 25, 25, 25, 25, 25, 25, 25, 26, 26, 26, 26, 26, 26, 26, 26, 25, 25, 25, 25, 25, 25, 25, 25, 26, 26, 26, 26, 26, 26, 26, 26, 25, 25, 25, 25, 25, 25, 25, 25, 21, 21, 21, 21, 21, 26, 26, 26, 25, 25, 25, 25, 25, 25, 25, 25, 21, 21, 21, 21, 21, 21, 21, 21, 25, 22, 22, 22, 22, 22, 22, 22, 21, 21, 21, 21, 21, 21, 21, 21, 22, 22, 22, 22, 22, 22, 22, 22, 21, 21, 21, 21, 21, 21, 21, 21, 22, 22, 22, 22, 22, 22, 22, 22, 21, 21, 21, 21, 21, 21, 21, 21, 22, 22, 22, 22, 22, 22, 22, 22, 21, 21, 21, 21, 21, 21, 21, 21, 22, 22, 22, 22, 22, 22, 22, 22, 21, 21, 21, 24, 24, 24, 24, 24, 23, 22, 22, 22, 22, 22, 22, 22, 24, 24, 24, 24, 24, 24, 24, 24, 23, 23, 23, 23, 23, 23, 23, 23, 24, 24, 24, 24, 24, 24, 24, 24, 23, 23, 23, 23, 23, 23, 23, 23, 24, 24, 24, 24, 24, 24, 24, 24, 23, 23, 23, 23, 23, 23, 23, 23, 24, 24, 24, 24, 24, 24, 24, 24, 23, 23, 23, 23, 23, 23, 23, 23, 24, 24, 24, 24, 24, 24, 24, 24, 23, 23, 23, 23, 23, 23, 23, 23, 4, 4, 4, 4, 4, 14, 14, 14, 27, 27, 27, 2, 2, 2, 2, 2, 4, 4, 4, 4, 4, 14, 14, 14, 27, 27, 27, 2, 2, 2, 2, 2, 4, 4, 4, 4, 4, 4, 14, 14, 27, 27, 2, 2, 2, 2, 2, 2, 4, 4, 4, 4, 4, 4, 14, 14, 27, 27, 2, 2, 2, 2, 2, 2, 4, 4, 4, 4, 4, 4, 4, 14, 27, 27, 2, 2, 2, 2, 2, 2, 4, 4, 4, 4, 4, 4, 4, 14, 27, 2, 2, 2, 2, 2, 2, 2, 4, 4, 4, 4, 4, 4, 4, 14, 27, 2, 2, 2, 2, 2, 2, 2, 4, 4, 4, 4, 4, 4, 4, 4, 2, 2, 2, 2, 2, 2, 2, 2, 3, 3, 3, 3, 3, 3, 3, 3, 0, 0, 0, 0, 0, 0, 0, 0, 3, 3, 3, 3, 3, 3, 3, 17, 20, 0, 0, 0, 0, 0, 0, 0, 3, 3, 3, 3, 3, 3, 3, 17, 20, 0, 0, 0, 0, 0, 0, 0, 3, 3, 3, 3, 3, 3, 17, 17, 20, 20, 0, 0, 0, 0, 0, 0, 3, 3, 3, 3, 3, 3, 17, 17, 20, 20, 0, 0, 0, 0, 0, 0, 3, 3, 3, 3, 3, 17, 17, 17, 20, 20, 0, 0, 0, 0, 0, 0, 3, 3, 3, 3, 3, 17, 17, 17, 20, 20, 20, 0, 0, 0, 0, 0, 3, 3, 3, 3, 17, 17, 17, 17, 20, 20, 20, 0, 0, 0, 0, 0, 3, 3, 3, 3, 3, 3, 3, 3, 33, 8, 8, 8, 24, 24, 24, 24, 3, 3, 3, 3, 3, 3, 3, 3, 33, 8, 8, 8, 24, 24, 24, 24, 3, 3, 3, 3, 3, 3, 3, 3, 16, 8, 8, 8, 24, 24, 24, 24, 3, 3, 3, 3, 3, 3, 3, 3, 16, 16, 8, 8, 24, 24, 24, 24, 17, 17, 17, 17, 17, 17, 17, 17, 16, 16, 8, 8, 8, 24, 24, 24, 17, 17, 17, 17, 17, 17, 17, 17, 16, 16, 16, 8, 8, 24, 24, 24, 17, 17, 17, 17, 17, 17, 17, 17, 7, 7, 16, 8, 8, 24, 24, 24, 17, 17, 17, 17, 17, 17, 17, 17, 7, 7, 7, 7, 8, 24, 24, 24, 20, 20, 20, 20, 20, 20, 20, 20, 7, 7, 7, 7, 6, 6, 23, 23, 20, 20, 20, 20, 20, 20, 20, 20, 7, 12, 12, 6, 6, 23, 23, 23, 20, 20, 20, 20, 20, 20, 20, 20, 12, 12, 12, 6, 6, 23, 23, 23, 0, 0, 0, 0, 0, 0, 0, 0, 12, 12, 6, 6, 6, 23, 23, 23, 0, 0, 0, 0, 0, 0, 0, 0, 12, 30, 6, 6, 6, 23, 23, 23, 0, 0, 0, 0, 0, 0, 0, 0, 30, 6, 6, 6, 23, 23, 23, 23, 0, 0, 0, 0, 0, 0, 0, 0, 30, 6, 6, 6, 23, 23, 23, 23, 0, 0, 0, 0, 0, 0, 0, 0, 30, 6, 6, 6, 23, 23, 23, 23, 4, 4, 4, 4, 4, 4, 4, 4, 31, 9, 9, 26, 26, 26, 26, 26, 4, 4, 4, 4, 4, 4, 4, 4, 31, 9, 9, 26, 26, 26, 26, 26, 4, 4, 4, 4, 4, 4, 4, 4, 31, 9, 9, 9, 26, 26, 26, 26, 4, 4, 4, 4, 4, 4, 4, 4, 13, 31, 9, 9, 26, 26, 26, 26, 4, 4, 4, 4, 4, 4, 4, 4, 13, 13, 9, 9, 26, 26, 26, 26, 14, 14, 14, 14, 14, 14, 14, 14, 13, 13, 13, 9, 26, 26, 26, 26, 14, 14, 14, 14, 14, 14, 14, 14, 10, 13, 13, 9, 9, 26, 26, 26, 14, 14, 14, 14, 14, 14, 14, 14, 10, 10, 10, 10, 9, 26, 26, 26, 27, 27, 27, 27, 27, 27, 27, 27, 10, 10, 10, 10, 11, 11, 25, 25, 27, 27, 27, 27, 27, 27, 27, 27, 10, 10, 15, 11, 11, 25, 25, 25, 27, 27, 27, 27, 27, 27, 27, 27, 15, 15, 15, 11, 11, 25, 25, 25, 2, 2, 2, 2, 2, 2, 2, 2, 15, 15, 11, 11, 11, 25, 25, 25, 2, 2, 2, 2, 2, 2, 2, 2, 15, 15, 11, 11, 11, 25, 25, 25, 2, 2, 2, 2, 2, 2, 2, 2, 15, 11, 11, 11, 25, 25, 25, 25, 2, 2, 2, 2, 2, 2, 2, 2, 32, 11, 11, 11, 25, 25, 25, 25, 2, 2, 2, 2, 2, 2, 2, 2, 32, 11, 11, 11, 25, 25, 25, 25, 2, 2, 2, 2, 2, 2, 2, 2, 0, 0, 0, 0, 0, 0, 0, 0, 2, 2, 2, 2, 2, 2, 2, 2, 0, 0, 0, 0, 0, 0, 0, 0, 2, 2, 2, 2, 2, 2, 2, 2, 0, 0, 0, 0, 0, 0, 0, 0, 2, 2, 2, 2, 2, 2, 2, 2, 0, 0, 0, 0, 0, 0, 0, 0, 2, 2, 2, 2, 2, 2, 2, 1, 1, 0, 0, 0, 0, 0, 0, 0, 2, 2, 2, 2, 2, 18, 18, 1, 1, 1, 28, 0, 0, 0, 0, 0, 2, 2, 2, 2, 18, 18, 18, 1, 1, 1, 28, 28, 0, 0, 0, 0, 2, 2, 2, 18, 18, 18, 18, 1, 1, 1, 28, 28, 28, 28, 0, 0, 32, 32, 11, 11, 11, 25, 25, 22, 22, 23, 23, 6, 6, 6, 30, 30, 11, 11, 11, 11, 25, 25, 25, 22, 22, 23, 23, 23, 6, 6, 6, 6, 11, 11, 25, 25, 25, 25, 22, 22, 22, 22, 23, 23, 23, 23, 6, 6, 11, 25, 25, 25, 25, 25, 22, 22, 22, 22, 23, 23, 23, 23, 23, 6, 25, 25, 25, 25, 25, 25, 22, 22, 22, 22, 23, 23, 23, 23, 23, 23, 25, 25, 25, 25, 25, 22, 22, 22, 22, 22, 22, 23, 23, 23, 23, 23, 25, 25, 25, 25, 25, 22, 22, 22, 22, 22, 22, 23, 23, 23, 23, 23, 25, 25, 25, 25, 25, 22, 22, 22, 22, 22, 22, 23, 23, 23, 23, 23, 4, 4, 4, 4, 4, 4, 4, 4, 3, 3, 3, 3, 3, 3, 3, 3, 4, 4, 4, 4, 4, 4, 4, 4, 3, 3, 3, 3, 3, 3, 3, 3, 4, 4, 4, 4, 4, 4, 4, 4, 3, 3, 3, 3, 3, 3, 3, 3, 4, 4, 4, 4, 4, 4, 4, 4, 3, 3, 3, 3, 3, 3, 3, 3, 4, 4, 4, 4, 4, 4, 4, 5, 5, 3, 3, 3, 3, 3, 3, 3, 4, 4, 4, 4, 4, 29, 5, 5, 5, 19, 19, 3, 3, 3, 3, 3, 4, 4, 4, 4, 29, 29, 5, 5, 5, 19, 19, 19, 3, 3, 3, 3, 4, 4, 29, 29, 29, 29, 5, 5, 5, 19, 19, 19, 19, 3, 3, 3, 31, 31, 9, 9, 9, 26, 26, 21, 21, 24, 24, 8, 8, 8, 33, 33, 9, 9, 9, 26, 26, 26, 21, 21, 21, 24, 24, 24, 24, 8, 8, 8, 9, 9, 26, 26, 26, 26, 21, 21, 21, 24, 24, 24, 24, 24, 8, 8, 26, 26, 26, 26, 26, 21, 21, 21, 21, 21, 24, 24, 24, 24, 24, 8, 26, 26, 26, 26, 26, 21, 21, 21, 21, 21, 24, 24, 24, 24, 24, 24, 26, 26, 26, 26, 26, 21, 21, 21, 21, 21, 24, 24, 24, 24, 24, 24, 26, 26, 26, 26, 21, 21, 21, 21, 21, 21, 24, 24, 24, 24, 24, 24, 26, 26, 26, 26, 21, 21, 21, 21, 21, 21, 21, 24, 24, 24, 24, 24, 73, 67, 69, 1, 86, 65, 76, 69, 2, 0, 0, 0, 34, 0, 0, 0, 170, 0, 0, 0, 7, 0, 0, 0, 6, 6, 6, 6, 6, 6, 6, 6, 6, 6, 6, 7, 5, 5, 4, 5, 5, 4, 5, 5, 4, 5, 4, 4, 4, 5, 5, 4, 4, 4, 4, 4, 4, 4, 2, 1, 28, 30, 12, 20, 2, 18, 22, 23, 28, 0, 27, 15, 32, 18, 1, 0, 17, 16, 33, 19, 5, 4, 3, 5, 29, 31, 13, 14, 3, 19, 21, 26, 29, 4, 7, 12, 30, 28, 23, 8, 8, 16, 17, 20, 12, 6, 6, 24, 19, 33, 16, 7, 10, 13, 31, 29, 26, 11, 11, 15, 27, 14, 13, 9, 9, 26, 25, 18, 32, 15, 10, 7, 20, 0, 30, 6, 10, 14, 4, 31, 9, 4, 13, 10, 27, 11, 32, 2, 27, 10, 7, 8, 33, 3, 17, 20, 7, 16, 3, 2, 32, 11, 25, 1, 3, 33, 8, 24, 5, 0, 12, 7, 17, 22, 25, 26, 5, 24, 23, 1, 25, 21, 24, 6, 1, 22, 21, 19, 8, 23, 11, 26, 21, 22, 18, 9, 5, 21, 25, 11, 14, 10, 15, 2, 6, 30, 0, 1, 9, 31, 4, 5, 0, 28, 6, 12, 4, 29, 9, 13, 11, 18, 2, 15, 8, 19, 3, 16, 0, 0, 128, 191, 116, 11, 124, 60, 35, 105, 128, 60, 162, 132, 17, 60, 162, 132, 17, 60]
            }
        }

        over "Link13"
        {
            over "collisions" (
                prepend apiSchemas = ["PhysxCookedDataAPI:convexHull"]
            )
            {
                uchar[] physxCookedData:convexHull:buffer = [9, 112, 93, 107, 114, 183, 152, 198, 175, 106, 61, 74, 94, 99, 150, 231, 168, 78, 88, 83, 1, 67, 86, 88, 77, 14, 0, 0, 0, 0, 0, 0, 0, 73, 67, 69, 1, 67, 76, 72, 76, 9, 0, 0, 0, 34, 0, 0, 0, 93, 128, 0, 0, 61, 0, 0, 0, 186, 0, 0, 0, 19, 131, 192, 60, 20, 41, 126, 163, 188, 116, 147, 60, 156, 249, 62, 61, 205, 204, 76, 188, 199, 223, 45, 60, 229, 123, 57, 61, 244, 253, 84, 60, 109, 108, 50, 60, 19, 131, 192, 60, 32, 137, 161, 163, 188, 116, 147, 188, 229, 123, 57, 61, 244, 253, 84, 60, 109, 108, 50, 188, 156, 249, 62, 61, 205, 204, 76, 188, 199, 223, 45, 188, 30, 208, 113, 187, 190, 153, 232, 187, 127, 129, 135, 188, 53, 60, 61, 60, 95, 41, 75, 188, 159, 197, 85, 188, 181, 77, 140, 60, 73, 68, 147, 188, 38, 254, 110, 186, 94, 53, 2, 188, 126, 93, 112, 186, 186, 67, 147, 60, 111, 18, 3, 188, 60, 96, 194, 163, 188, 116, 147, 188, 2, 200, 113, 187, 190, 153, 232, 59, 127, 129, 135, 188, 181, 77, 140, 60, 73, 68, 147, 60, 38, 254, 110, 58, 221, 210, 71, 60, 6, 192, 85, 60, 67, 47, 75, 188, 37, 61, 221, 186, 137, 30, 0, 60, 117, 208, 132, 60, 55, 5, 129, 187, 31, 51, 228, 187, 4, 249, 135, 60, 105, 72, 91, 60, 146, 53, 105, 188, 116, 132, 52, 60, 3, 120, 11, 61, 110, 193, 145, 60, 168, 161, 50, 187, 158, 73, 81, 61, 205, 204, 76, 60, 95, 160, 246, 59, 158, 73, 81, 61, 205, 204, 76, 60, 95, 160, 246, 187, 172, 250, 92, 61, 205, 204, 76, 60, 229, 151, 32, 164, 87, 89, 108, 60, 127, 70, 122, 60, 114, 255, 27, 60, 45, 199, 215, 187, 32, 219, 148, 59, 206, 174, 142, 60, 242, 191, 84, 61, 205, 204, 76, 188, 216, 69, 211, 59, 49, 110, 92, 61, 244, 253, 84, 188, 245, 183, 16, 164, 3, 120, 11, 61, 73, 68, 147, 188, 38, 254, 110, 58, 242, 191, 84, 61, 205, 204, 76, 188, 216, 69, 211, 187, 3, 120, 11, 61, 245, 70, 138, 188, 86, 217, 204, 187, 85, 10, 211, 60, 18, 31, 15, 188, 123, 237, 128, 60, 85, 10, 211, 60, 18, 31, 15, 188, 123, 237, 128, 188, 3, 120, 11, 61, 176, 191, 142, 60, 68, 215, 147, 59, 81, 118, 204, 60, 190, 153, 232, 59, 127, 129, 135, 188, 81, 118, 204, 60, 190, 153, 232, 59, 127, 129, 135, 60, 3, 120, 11, 61, 253, 98, 132, 188, 165, 224, 1, 60, 10, 108, 202, 59, 86, 78, 114, 190, 135, 185, 120, 63, 100, 116, 144, 188, 0, 0, 4, 11, 19, 66, 157, 62, 96, 141, 189, 59, 5, 159, 115, 63, 113, 116, 199, 188, 4, 0, 3, 10, 19, 66, 157, 62, 115, 141, 189, 59, 5, 159, 115, 191, 113, 116, 199, 188, 7, 0, 3, 9, 107, 239, 126, 190, 225, 25, 107, 191, 188, 127, 157, 190, 69, 57, 77, 188, 10, 0, 3, 2, 170, 133, 90, 191, 74, 82, 5, 191, 32, 250, 68, 188, 155, 219, 230, 187, 13, 0, 3, 20, 225, 50, 146, 190, 219, 166, 109, 63, 41, 198, 115, 190, 228, 189, 61, 188, 16, 0, 3, 23, 221, 59, 240, 190, 236, 14, 98, 63, 138, 23, 23, 60, 86, 143, 0, 188, 19, 0, 3, 24, 187, 4, 168, 190, 182, 2, 109, 191, 145, 4, 64, 62, 236, 204, 49, 188, 22, 0, 3, 19, 241, 117, 85, 191, 62, 80, 13, 191, 169, 217, 130, 187, 119, 96, 231, 187, 25, 0, 3, 20, 205, 44, 237, 190, 107, 224, 98, 191, 154, 184, 8, 57, 197, 9, 3, 188, 28, 0, 3, 20, 42, 108, 190, 60, 200, 52, 96, 63, 101, 214, 246, 190, 253, 230, 144, 188, 31, 0, 3, 16, 172, 211, 117, 189, 204, 110, 113, 63, 7, 116, 167, 190, 15, 6, 128, 188, 34, 0, 3, 33, 174, 128, 0, 63, 140, 11, 139, 60, 113, 94, 93, 63, 233, 148, 4, 189, 37, 0, 3, 10, 174, 128, 0, 63, 137, 11, 139, 60, 112, 94, 93, 191, 233, 148, 4, 189, 40, 0, 3, 9, 19, 232, 100, 62, 75, 113, 113, 63, 142, 236, 123, 190, 143, 80, 205, 188, 43, 0, 3, 16, 225, 145, 137, 62, 195, 51, 117, 63, 122, 177, 208, 189, 199, 212, 216, 188, 46, 0, 3, 8, 84, 223, 179, 190, 116, 77, 107, 63, 154, 111, 54, 62, 3, 205, 46, 188, 49, 0, 3, 26, 193, 174, 13, 191, 115, 46, 85, 63, 213, 147, 125, 60, 168, 54, 252, 187, 52, 0, 3, 24, 2, 234, 89, 191, 97, 20, 6, 63, 208, 220, 7, 189, 79, 181, 242, 187, 55, 0, 3, 24, 159, 84, 120, 191, 6, 166, 120, 62, 146, 91, 249, 59, 82, 205, 249, 187, 58, 0, 3, 24, 117, 239, 116, 187, 141, 152, 210, 61, 35, 164, 126, 63, 45, 244, 145, 188, 61, 0, 3, 3, 245, 200, 117, 63, 183, 73, 165, 187, 77, 42, 143, 62, 66, 231, 83, 189, 64, 0, 3, 10, 22, 85, 111, 63, 97, 152, 133, 60, 139, 136, 181, 62, 58, 109, 79, 189, 67, 0, 3, 10, 208, 221, 29, 63, 82, 241, 86, 188, 105, 128, 73, 63, 124, 167, 24, 189, 70, 0, 3, 10, 11, 213, 125, 62, 232, 41, 117, 191, 40, 223, 21, 62, 33, 69, 211, 188, 73, 0, 3, 12, 208, 221, 29, 63, 78, 241, 86, 188, 105, 128, 73, 191, 124, 167, 24, 189, 76, 0, 3, 9, 22, 85, 111, 63, 97, 152, 133, 60, 139, 136, 181, 190, 58, 109, 79, 189, 79, 0, 3, 9, 245, 200, 117, 63, 175, 73, 165, 187, 77, 42, 143, 190, 65, 231, 83, 189, 82, 0, 3, 9, 239, 25, 113, 62, 17, 24, 118, 191, 44, 117, 18, 190, 16, 45, 206, 188, 85, 0, 3, 12, 136, 163, 133, 60, 163, 3, 125, 191, 153, 10, 27, 190, 0, 248, 148, 188, 88, 0, 3, 12, 13, 144, 131, 189, 223, 234, 106, 191, 176, 202, 200, 190, 255, 13, 129, 188, 91, 0, 3, 30, 150, 72, 46, 61, 237, 126, 67, 191, 158, 235, 36, 191, 241, 116, 150, 188, 94, 0, 3, 21, 77, 51, 102, 62, 227, 98, 110, 191, 30, 234, 146, 190, 46, 42, 206, 188, 97, 0, 3, 21, 241, 67, 111, 62, 18, 11, 118, 191, 12, 197, 22, 190, 130, 157, 205, 188, 100, 0, 3, 12, 83, 32, 121, 188, 139, 161, 33, 191, 34, 124, 70, 63, 33, 239, 141, 188, 103, 0, 3, 13, 224, 34, 77, 62, 173, 91, 73, 190, 248, 180, 117, 63, 194, 23, 180, 188, 106, 0, 3, 10, 215, 51, 22, 188, 243, 134, 17, 191, 150, 153, 82, 191, 227, 206, 144, 188, 109, 0, 3, 32, 177, 121, 238, 35, 137, 59, 106, 190, 112, 54, 121, 191, 231, 139, 143, 188, 112, 0, 4, 22, 220, 34, 77, 62, 173, 91, 73, 190, 248, 180, 117, 191, 193, 23, 180, 188, 116, 0, 3, 22, 171, 101, 65, 61, 234, 34, 52, 191, 248, 126, 53, 191, 115, 185, 151, 188, 119, 0, 3, 14, 174, 142, 104, 62, 225, 199, 112, 63, 1, 80, 129, 62, 30, 242, 206, 188, 122, 0, 3, 8, 30, 44, 133, 62, 60, 229, 117, 63, 173, 5, 202, 61, 3, 80, 213, 188, 125, 0, 3, 8, 86, 56, 128, 62, 62, 134, 119, 63, 39, 217, 72, 61, 119, 176, 209, 188, 128, 0, 3, 8, 191, 81, 178, 60, 96, 156, 127, 63, 235, 104, 79, 61, 162, 121, 150, 188, 131, 0, 3, 8, 181, 219, 250, 188, 94, 214, 116, 63, 156, 183, 148, 62, 221, 183, 138, 188, 134, 0, 3, 27, 182, 186, 34, 61, 102, 53, 90, 63, 130, 123, 5, 63, 130, 7, 152, 188, 137, 0, 3, 7, 0, 221, 209, 163, 42, 33, 78, 62, 121, 194, 122, 191, 4, 112, 144, 188, 140, 0, 4, 9, 0, 0, 0, 0, 162, 62, 18, 63, 141, 29, 82, 191, 5, 112, 144, 188, 144, 0, 3, 28, 19, 208, 21, 61, 151, 96, 31, 63, 51, 30, 72, 191, 105, 155, 149, 188, 147, 0, 3, 15, 2, 241, 100, 62, 33, 142, 27, 62, 123, 120, 118, 191, 16, 2, 185, 188, 150, 0, 3, 9, 63, 118, 12, 187, 52, 25, 178, 62, 42, 3, 112, 63, 29, 213, 146, 188, 153, 0, 3, 6, 75, 158, 53, 60, 209, 224, 75, 62, 206, 219, 122, 63, 234, 160, 146, 188, 156, 0, 3, 10, 3, 241, 100, 62, 33, 142, 27, 62, 123, 120, 118, 63, 16, 2, 185, 188, 159, 0, 3, 10, 12, 105, 128, 60, 232, 175, 41, 63, 6, 164, 63, 63, 62, 48, 143, 188, 162, 0, 3, 7, 54, 132, 11, 60, 45, 91, 40, 63, 41, 215, 64, 63, 170, 14, 142, 188, 165, 0, 3, 7, 150, 2, 77, 61, 55, 99, 50, 191, 112, 42, 55, 63, 194, 172, 152, 188, 168, 0, 3, 13, 117, 84, 39, 61, 82, 194, 51, 191, 123, 248, 53, 63, 209, 131, 150, 188, 171, 0, 3, 13, 213, 114, 62, 189, 220, 9, 117, 191, 30, 75, 146, 62, 177, 77, 132, 188, 174, 0, 3, 17, 221, 39, 221, 188, 200, 188, 119, 191, 137, 73, 128, 62, 198, 218, 136, 188, 177, 0, 3, 17, 19, 223, 90, 62, 188, 25, 114, 191, 143, 188, 122, 62, 97, 184, 200, 188, 180, 0, 3, 12, 206, 157, 91, 62, 133, 5, 112, 191, 231, 40, 140, 62, 96, 185, 201, 188, 183, 0, 3, 13, 28, 0, 9, 15, 0, 1, 2, 3, 4, 5, 6, 7, 8, 6, 9, 10, 11, 12, 13, 11, 14, 12, 15, 8, 16, 15, 9, 6, 15, 6, 8, 17, 4, 13, 17, 13, 12, 18, 2, 1, 19, 5, 4, 19, 4, 17, 19, 17, 20, 21, 12, 14, 22, 14, 11, 22, 11, 10, 22, 10, 9, 22, 9, 0, 23, 24, 20, 23, 20, 18, 23, 18, 1, 23, 25, 24, 26, 5, 19, 26, 19, 20, 26, 20, 24, 26, 24, 25, 27, 25, 8, 27, 8, 7, 27, 7, 5, 27, 5, 26, 27, 26, 25, 28, 15, 16, 28, 1, 0, 29, 7, 6, 29, 6, 10, 3, 29, 3, 5, 29, 5, 7, 30, 2, 18, 30, 18, 20, 30, 20, 17, 30, 17, 12, 30, 12, 21, 30, 21, 2, 31, 3, 10, 11, 31, 11, 13, 31, 13, 4, 31, 4, 3, 32, 14, 22, 32, 22, 0, 32, 0, 2, 32, 2, 21, 32, 21, 14, 33, 1, 28, 33, 28, 16, 33, 16, 8, 33, 8, 25, 33, 25, 23, 33, 23, 1, 0, 35, 0, 20, 0, 8, 0, 34, 1, 35, 1, 12, 1, 52, 2, 49, 2, 13, 2, 38, 3, 36, 3, 30, 3, 9, 4, 8, 4, 19, 4, 37, 5, 6, 5, 11, 5, 47, 6, 17, 6, 16, 7, 9, 7, 57, 7, 34, 8, 9, 10, 14, 10, 48, 10, 11, 11, 43, 12, 40, 12, 23, 13, 25, 13, 14, 14, 15, 15, 42, 15, 26, 16, 44, 16, 54, 17, 50, 17, 18, 18, 46, 18, 19, 19, 20, 20, 51, 21, 24, 21, 27, 21, 22, 22, 41, 22, 23, 23, 60, 24, 59, 24, 28, 25, 32, 25, 26, 26, 27, 27, 28, 28, 33, 29, 33, 29, 58, 29, 30, 30, 31, 31, 39, 31, 32, 32, 33, 34, 56, 35, 55, 36, 39, 36, 37, 37, 46, 37, 38, 38, 39, 40, 45, 40, 41, 41, 42, 42, 43, 43, 44, 44, 45, 45, 53, 46, 49, 46, 47, 47, 48, 48, 49, 50, 54, 50, 51, 51, 52, 52, 53, 53, 54, 55, 60, 55, 56, 56, 57, 57, 58, 58, 59, 59, 60, 0, 1, 20, 1, 12, 23, 1, 12, 40, 2, 37, 38, 2, 10, 13, 2, 13, 25, 3, 4, 8, 3, 30, 31, 3, 7, 9, 0, 4, 8, 4, 18, 19, 5, 6, 17, 5, 6, 11, 5, 10, 11, 6, 16, 17, 0, 7, 8, 7, 34, 56, 10, 11, 14, 12, 22, 23, 13, 14, 15, 15, 21, 22, 16, 44, 45, 17, 18, 19, 21, 22, 23, 21, 24, 27, 24, 28, 29, 25, 26, 27, 29, 30, 31, 0, 34, 35, 36, 37, 38, 40, 41, 42, 46, 47, 48, 50, 51, 52, 55, 56, 57, 28, 0, 0, 0, 0, 0, 9, 0, 9, 0, 15, 0, 15, 0, 28, 0, 0, 0, 1, 0, 1, 0, 2, 0, 2, 0, 0, 0, 3, 0, 4, 0, 4, 0, 5, 0, 5, 0, 3, 0, 6, 0, 7, 0, 7, 0, 8, 0, 8, 0, 6, 0, 6, 0, 9, 0, 9, 0, 10, 0, 10, 0, 6, 0, 11, 0, 12, 0, 12, 0, 13, 0, 13, 0, 11, 0, 11, 0, 14, 0, 14, 0, 12, 0, 15, 0, 8, 0, 8, 0, 16, 0, 16, 0, 15, 0, 6, 0, 15, 0, 17, 0, 4, 0, 4, 0, 13, 0, 13, 0, 17, 0, 12, 0, 17, 0, 18, 0, 2, 0, 1, 0, 18, 0, 19, 0, 5, 0, 4, 0, 19, 0, 17, 0, 19, 0, 17, 0, 20, 0, 20, 0, 19, 0, 21, 0, 12, 0, 14, 0, 21, 0, 22, 0, 14, 0, 11, 0, 22, 0, 11, 0, 10, 0, 10, 0, 22, 0, 9, 0, 22, 0, 0, 0, 22, 0, 23, 0, 24, 0, 24, 0, 20, 0, 20, 0, 23, 0, 20, 0, 18, 0, 18, 0, 23, 0, 1, 0, 23, 0, 23, 0, 25, 0, 25, 0, 24, 0, 26, 0, 5, 0, 19, 0, 26, 0, 20, 0, 26, 0, 24, 0, 26, 0, 25, 0, 26, 0, 27, 0, 25, 0, 25, 0, 8, 0, 8, 0, 27, 0, 7, 0, 27, 0, 7, 0, 5, 0, 5, 0, 27, 0, 26, 0, 27, 0, 16, 0, 28, 0, 28, 0, 1, 0, 29, 0, 7, 0, 6, 0, 29, 0, 10, 0, 3, 0, 3, 0, 29, 0, 5, 0, 29, 0, 30, 0, 2, 0, 18, 0, 30, 0, 20, 0, 30, 0, 17, 0, 30, 0, 12, 0, 30, 0, 21, 0, 30, 0, 21, 0, 2, 0, 31, 0, 3, 0, 11, 0, 31, 0, 13, 0, 31, 0, 4, 0, 31, 0, 32, 0, 14, 0, 22, 0, 32, 0, 0, 0, 32, 0, 2, 0, 32, 0, 21, 0, 32, 0, 33, 0, 1, 0, 28, 0, 33, 0, 16, 0, 33, 0, 8, 0, 33, 0, 25, 0, 33, 0, 23, 0, 33, 0, 0, 0, 0, 0, 112, 18, 3, 188, 73, 68, 147, 188, 188, 116, 147, 188, 172, 250, 92, 61, 73, 68, 147, 60, 188, 116, 147, 60, 40, 234, 61, 56, 44, 45, 210, 49, 49, 130, 9, 46, 30, 210, 83, 173, 49, 130, 9, 46, 77, 105, 31, 51, 7, 178, 63, 172, 30, 210, 83, 173, 7, 178, 63, 172, 67, 27, 30, 51, 150, 171, 186, 60, 112, 82, 166, 183, 48, 133, 255, 55, 0, 0, 128, 63, 73, 67, 69, 1, 83, 85, 80, 77, 0, 0, 0, 0, 73, 67, 69, 1, 71, 65, 85, 83, 0, 0, 0, 0, 16, 0, 0, 0, 0, 6, 0, 0, 26, 26, 26, 26, 26, 24, 24, 24, 24, 24, 24, 23, 23, 23, 23, 23, 26, 26, 26, 26, 26, 24, 24, 24, 24, 24, 24, 23, 23, 23, 23, 23, 26, 26, 26, 26, 26, 24, 24, 24, 24, 24, 24, 23, 23, 23, 23, 23, 26, 26, 26, 26, 26, 24, 24, 24, 24, 24, 24, 23, 23, 23, 23, 23, 26, 26, 26, 26, 26, 26, 24, 24, 24, 24, 23, 23, 23, 23, 23, 23, 26, 26, 26, 26, 26, 26, 24, 24, 24, 24, 23, 23, 23, 23, 23, 23, 26, 26, 26, 26, 26, 26, 24, 24, 24, 24, 23, 23, 23, 23, 23, 23, 26, 26, 26, 26, 26, 26, 24, 24, 24, 24, 23, 23, 23, 23, 23, 23, 19, 19, 19, 19, 19, 20, 20, 20, 20, 20, 20, 18, 18, 18, 18, 18, 19, 19, 19, 19, 19, 20, 20, 20, 20, 20, 20, 18, 18, 18, 18, 18, 19, 19, 19, 19, 19, 20, 20, 20, 20, 20, 20, 18, 18, 18, 18, 18, 19, 19, 19, 19, 19, 20, 20, 20, 20, 20, 20, 18, 18, 18, 18, 18, 19, 19, 19, 19, 19, 20, 20, 20, 20, 20, 20, 18, 18, 18, 18, 18, 19, 19, 19, 19, 19, 20, 20, 20, 20, 20, 20, 18, 18, 18, 18, 18, 19, 19, 19, 19, 19, 20, 20, 20, 20, 20, 20, 18, 18, 18, 18, 18, 19, 19, 19, 19, 19, 20, 20, 20, 20, 20, 20, 18, 18, 18, 18, 18, 6, 6, 6, 6, 6, 6, 6, 6, 15, 15, 15, 15, 15, 15, 15, 15, 6, 6, 6, 6, 6, 6, 6, 6, 15, 15, 15, 15, 15, 15, 15, 9, 10, 10, 10, 6, 6, 6, 6, 6, 15, 15, 9, 9, 9, 9, 9, 9, 10, 10, 10, 10, 10, 10, 10, 10, 9, 9, 9, 9, 9, 9, 9, 9, 10, 10, 10, 10, 10, 10, 10, 10, 9, 9, 9, 9, 9, 9, 9, 9, 10, 10, 10, 10, 10, 10, 10, 10, 9, 9, 9, 9, 9, 9, 9, 9, 10, 10, 10, 10, 10, 10, 10, 10, 9, 9, 9, 9, 9, 9, 9, 9, 10, 10, 10, 10, 10, 10, 10, 10, 9, 9, 9, 9, 9, 9, 9, 9, 10, 10, 10, 10, 10, 10, 10, 10, 9, 9, 9, 9, 9, 9, 9, 9, 10, 10, 10, 10, 10, 10, 10, 10, 9, 9, 9, 9, 9, 9, 9, 9, 10, 10, 10, 10, 10, 10, 10, 10, 22, 22, 22, 22, 22, 22, 9, 9, 10, 10, 10, 10, 10, 10, 10, 10, 22, 22, 22, 22, 22, 22, 22, 22, 10, 10, 10, 10, 10, 10, 10, 10, 22, 22, 22, 22, 22, 22, 22, 22, 10, 10, 10, 11, 11, 11, 11, 11, 22, 22, 22, 22, 22, 22, 22, 22, 11, 11, 11, 11, 11, 11, 11, 11, 22, 22, 22, 22, 22, 22, 22, 22, 11, 11, 11, 11, 11, 11, 11, 11, 22, 22, 22, 22, 22, 22, 22, 22, 11, 11, 11, 11, 11, 11, 11, 13, 4, 4, 4, 4, 4, 19, 19, 19, 11, 11, 11, 11, 11, 11, 11, 13, 4, 4, 4, 4, 19, 19, 19, 19, 11, 11, 11, 11, 11, 11, 11, 13, 4, 4, 4, 4, 19, 19, 19, 19, 11, 11, 11, 11, 11, 11, 13, 13, 4, 4, 4, 19, 19, 19, 19, 19, 11, 11, 11, 11, 11, 11, 13, 13, 17, 4, 4, 19, 19, 19, 19, 19, 11, 11, 11, 11, 11, 11, 13, 12, 17, 4, 19, 19, 19, 19, 19, 20, 11, 11, 11, 11, 11, 12, 12, 12, 17, 17, 19, 19, 20, 20, 20, 20, 11, 11, 11, 11, 12, 12, 12, 12, 17, 17, 20, 20, 20, 20, 20, 20, 22, 22, 22, 14, 12, 12, 12, 12, 30, 30, 20, 20, 20, 20, 20, 20, 22, 22, 22, 14, 14, 12, 12, 12, 30, 30, 18, 18, 20, 20, 20, 20, 22, 22, 22, 22, 14, 14, 21, 21, 30, 30, 18, 18, 18, 18, 18, 20, 22, 22, 22, 22, 14, 14, 21, 21, 30, 2, 2, 18, 18, 18, 18, 18, 22, 22, 22, 22, 14, 14, 21, 21, 2, 2, 2, 18, 18, 18, 18, 18, 22, 22, 22, 22, 14, 14, 14, 21, 2, 2, 2, 2, 18, 18, 18, 18, 22, 22, 22, 22, 22, 14, 14, 21, 2, 2, 2, 2, 18, 18, 18, 18, 22, 22, 22, 22, 22, 14, 14, 14, 2, 2, 2, 2, 2, 18, 18, 18, 6, 6, 6, 6, 6, 6, 6, 7, 5, 5, 5, 5, 5, 5, 26, 26, 6, 6, 6, 6, 6, 6, 6, 7, 5, 5, 5, 5, 5, 26, 26, 26, 6, 6, 6, 6, 6, 6, 6, 7, 27, 5, 5, 5, 26, 26, 26, 26, 6, 6, 6, 6, 6, 6, 7, 7, 27, 5, 5, 5, 26, 26, 26, 26, 6, 6, 6, 6, 6, 6, 7, 7, 27, 5, 5, 26, 26, 26, 26, 26, 6, 6, 6, 6, 6, 6, 8, 8, 27, 27, 26, 26, 26, 26, 26, 24, 6, 6, 6, 6, 6, 8, 8, 8, 27, 27, 26, 24, 24, 24, 24, 24, 6, 6, 6, 6, 8, 8, 8, 8, 25, 25, 24, 24, 24, 24, 24, 24, 15, 15, 15, 15, 8, 8, 8, 8, 25, 25, 24, 24, 24, 24, 24, 24, 15, 15, 15, 15, 15, 8, 8, 8, 25, 25, 23, 24, 24, 24, 24, 24, 15, 15, 15, 15, 15, 15, 16, 16, 33, 33, 23, 23, 23, 23, 23, 24, 15, 15, 15, 15, 15, 15, 16, 16, 33, 1, 1, 23, 23, 23, 23, 23, 15, 15, 15, 15, 15, 15, 16, 16, 33, 1, 1, 1, 23, 23, 23, 23, 15, 15, 15, 15, 15, 15, 15, 16, 33, 1, 1, 1, 23, 23, 23, 23, 15, 15, 15, 15, 15, 15, 15, 16, 33, 1, 1, 1, 1, 23, 23, 23, 15, 15, 15, 15, 15, 15, 15, 16, 33, 1, 1, 1, 1, 1, 23, 23, 15, 9, 9, 9, 9, 9, 9, 9, 9, 9, 9, 22, 22, 22, 22, 22, 15, 15, 9, 9, 9, 9, 9, 9, 9, 9, 22, 22, 22, 22, 22, 22, 15, 15, 15, 9, 9, 9, 9, 9, 9, 9, 22, 22, 22, 22, 22, 22, 15, 15, 15, 9, 9, 9, 9, 9, 9, 9, 22, 22, 22, 22, 22, 22, 15, 15, 15, 15, 9, 9, 9, 9, 9, 9, 22, 22, 22, 22, 22, 22, 15, 15, 15, 15, 15, 9, 9, 9, 9, 22, 22, 22, 22, 22, 14, 14, 15, 15, 15, 15, 15, 9, 9, 9, 9, 22, 22, 22, 22, 14, 14, 14, 16, 15, 15, 15, 15, 15, 9, 9, 9, 22, 22, 22, 14, 14, 14, 14, 33, 28, 28, 28, 28, 28, 0, 0, 0, 32, 32, 32, 32, 2, 2, 2, 1, 1, 1, 1, 1, 1, 0, 0, 0, 32, 2, 2, 2, 2, 2, 2, 1, 1, 1, 1, 1, 1, 1, 1, 2, 2, 2, 2, 2, 2, 2, 2, 1, 1, 1, 1, 1, 1, 1, 1, 2, 2, 2, 2, 2, 2, 2, 2, 1, 1, 1, 1, 1, 1, 1, 1, 18, 18, 2, 2, 2, 2, 2, 2, 1, 1, 1, 1, 1, 1, 1, 1, 18, 18, 18, 18, 18, 18, 18, 18, 23, 23, 23, 23, 23, 23, 23, 23, 18, 18, 18, 18, 18, 18, 18, 18, 23, 23, 23, 23, 23, 23, 23, 23, 18, 18, 18, 18, 18, 18, 18, 18, 6, 6, 10, 10, 10, 10, 10, 10, 10, 10, 10, 10, 10, 10, 11, 11, 6, 6, 6, 10, 10, 10, 10, 10, 10, 10, 10, 10, 10, 11, 11, 11, 6, 6, 6, 10, 10, 10, 10, 10, 10, 10, 10, 10, 10, 11, 11, 11, 6, 6, 6, 6, 10, 10, 10, 10, 10, 10, 10, 10, 11, 11, 11, 11, 6, 6, 6, 6, 10, 10, 10, 10, 10, 10, 10, 10, 11, 11, 11, 11, 6, 6, 6, 6, 6, 10, 10, 10, 10, 10, 10, 11, 11, 11, 11, 11, 6, 6, 6, 6, 6, 6, 10, 10, 10, 10, 11, 11, 11, 11, 11, 11, 7, 7, 6, 6, 6, 6, 10, 10, 10, 10, 11, 11, 11, 11, 11, 13, 5, 29, 29, 29, 29, 29, 3, 3, 3, 31, 31, 31, 31, 4, 4, 4, 5, 5, 5, 5, 5, 5, 3, 3, 3, 31, 4, 4, 4, 4, 4, 4, 5, 5, 5, 5, 5, 5, 5, 5, 4, 4, 4, 4, 4, 4, 4, 4, 5, 5, 5, 5, 5, 5, 5, 5, 4, 4, 4, 4, 4, 4, 4, 4, 5, 5, 5, 5, 5, 5, 5, 5, 19, 19, 4, 4, 4, 4, 4, 4, 5, 5, 5, 5, 5, 5, 5, 5, 19, 19, 19, 19, 19, 19, 19, 19, 26, 26, 26, 26, 26, 26, 26, 26, 19, 19, 19, 19, 19, 19, 19, 19, 26, 26, 26, 26, 26, 26, 26, 26, 19, 19, 19, 19, 19, 19, 19, 19, 22, 22, 22, 22, 22, 22, 22, 22, 11, 11, 11, 11, 11, 11, 11, 11, 22, 22, 22, 22, 22, 22, 22, 22, 11, 11, 11, 11, 11, 11, 11, 11, 22, 22, 22, 22, 22, 22, 22, 22, 11, 11, 11, 11, 11, 10, 10, 10, 22, 22, 22, 22, 22, 22, 22, 22, 10, 10, 10, 10, 10, 10, 10, 10, 22, 22, 22, 22, 22, 22, 22, 22, 10, 10, 10, 10, 10, 10, 10, 10, 9, 9, 22, 22, 22, 22, 22, 22, 10, 10, 10, 10, 10, 10, 10, 10, 9, 9, 9, 9, 9, 9, 9, 9, 10, 10, 10, 10, 10, 10, 10, 10, 9, 9, 9, 9, 9, 9, 9, 9, 10, 10, 10, 10, 10, 10, 10, 10, 9, 9, 9, 9, 9, 9, 9, 9, 10, 10, 10, 10, 10, 10, 10, 10, 9, 9, 9, 9, 9, 9, 9, 9, 10, 10, 10, 10, 10, 10, 10, 10, 9, 9, 9, 9, 9, 9, 9, 9, 10, 10, 10, 10, 10, 10, 10, 10, 9, 9, 9, 9, 9, 9, 9, 9, 10, 10, 10, 10, 10, 10, 10, 10, 9, 9, 9, 9, 9, 9, 9, 9, 10, 10, 10, 10, 10, 10, 10, 10, 9, 9, 9, 9, 9, 9, 15, 15, 6, 6, 6, 6, 6, 10, 10, 10, 9, 15, 15, 15, 15, 15, 15, 15, 6, 6, 6, 6, 6, 6, 6, 6, 15, 15, 15, 15, 15, 15, 15, 15, 6, 6, 6, 6, 6, 6, 6, 6, 18, 18, 18, 18, 18, 20, 20, 20, 20, 20, 20, 19, 19, 19, 19, 19, 18, 18, 18, 18, 18, 20, 20, 20, 20, 20, 20, 19, 19, 19, 19, 19, 18, 18, 18, 18, 18, 20, 20, 20, 20, 20, 20, 19, 19, 19, 19, 19, 18, 18, 18, 18, 18, 20, 20, 20, 20, 20, 20, 19, 19, 19, 19, 19, 18, 18, 18, 18, 18, 20, 20, 20, 20, 20, 20, 19, 19, 19, 19, 19, 18, 18, 18, 18, 18, 20, 20, 20, 20, 20, 20, 19, 19, 19, 19, 19, 18, 18, 18, 18, 18, 20, 20, 20, 20, 20, 20, 19, 19, 19, 19, 19, 18, 18, 18, 18, 18, 20, 20, 20, 20, 20, 20, 19, 19, 19, 19, 19, 23, 23, 23, 23, 23, 23, 24, 24, 24, 24, 26, 26, 26, 26, 26, 26, 23, 23, 23, 23, 23, 23, 24, 24, 24, 24, 26, 26, 26, 26, 26, 26, 23, 23, 23, 23, 23, 23, 24, 24, 24, 24, 26, 26, 26, 26, 26, 26, 23, 23, 23, 23, 23, 23, 24, 24, 24, 24, 26, 26, 26, 26, 26, 26, 23, 23, 23, 23, 23, 24, 24, 24, 24, 24, 24, 26, 26, 26, 26, 26, 23, 23, 23, 23, 23, 24, 24, 24, 24, 24, 24, 26, 26, 26, 26, 26, 23, 23, 23, 23, 23, 24, 24, 24, 24, 24, 24, 26, 26, 26, 26, 26, 23, 23, 23, 23, 23, 24, 24, 24, 24, 24, 24, 26, 26, 26, 26, 26, 23, 23, 1, 1, 1, 1, 1, 33, 16, 15, 15, 15, 15, 15, 15, 15, 23, 23, 23, 1, 1, 1, 1, 33, 16, 15, 15, 15, 15, 15, 15, 15, 23, 23, 23, 23, 1, 1, 1, 33, 16, 15, 15, 15, 15, 15, 15, 15, 23, 23, 23, 23, 1, 1, 1, 33, 16, 16, 15, 15, 15, 15, 15, 15, 23, 23, 23, 23, 23, 1, 1, 33, 16, 16, 15, 15, 15, 15, 15, 15, 24, 23, 23, 23, 23, 23, 33, 33, 16, 16, 15, 15, 15, 15, 15, 15, 24, 24, 24, 24, 24, 23, 25, 25, 8, 8, 8, 15, 15, 15, 15, 15, 24, 24, 24, 24, 24, 24, 25, 25, 8, 8, 8, 8, 15, 15, 15, 15, 24, 24, 24, 24, 24, 24, 25, 25, 8, 8, 8, 8, 6, 6, 6, 6, 24, 24, 24, 24, 24, 26, 27, 27, 8, 8, 8, 6, 6, 6, 6, 6, 24, 26, 26, 26, 26, 26, 27, 27, 8, 8, 6, 6, 6, 6, 6, 6, 26, 26, 26, 26, 26, 5, 5, 27, 7, 7, 6, 6, 6, 6, 6, 6, 26, 26, 26, 26, 5, 5, 5, 27, 7, 7, 6, 6, 6, 6, 6, 6, 26, 26, 26, 26, 5, 5, 5, 27, 7, 6, 6, 6, 6, 6, 6, 6, 26, 26, 26, 5, 5, 5, 5, 5, 7, 6, 6, 6, 6, 6, 6, 6, 26, 26, 5, 5, 5, 5, 5, 5, 7, 6, 6, 6, 6, 6, 6, 6, 18, 18, 18, 2, 2, 2, 2, 2, 14, 14, 14, 22, 22, 22, 22, 22, 18, 18, 18, 18, 2, 2, 2, 2, 21, 14, 14, 22, 22, 22, 22, 22, 18, 18, 18, 18, 2, 2, 2, 2, 21, 14, 14, 14, 22, 22, 22, 22, 18, 18, 18, 18, 18, 2, 2, 2, 21, 21, 14, 14, 22, 22, 22, 22, 18, 18, 18, 18, 18, 2, 2, 30, 21, 21, 14, 14, 22, 22, 22, 22, 20, 18, 18, 18, 18, 18, 30, 30, 21, 21, 14, 14, 22, 22, 22, 22, 20, 20, 20, 20, 18, 18, 30, 30, 12, 12, 12, 14, 14, 22, 22, 22, 20, 20, 20, 20, 20, 20, 30, 30, 12, 12, 12, 12, 14, 22, 22, 22, 20, 20, 20, 20, 20, 20, 17, 17, 12, 12, 12, 12, 11, 11, 11, 11, 20, 20, 20, 20, 19, 19, 17, 17, 12, 12, 12, 11, 11, 11, 11, 11, 20, 19, 19, 19, 19, 19, 4, 17, 12, 13, 11, 11, 11, 11, 11, 11, 19, 19, 19, 19, 19, 4, 4, 17, 13, 13, 11, 11, 11, 11, 11, 11, 19, 19, 19, 19, 19, 4, 4, 4, 13, 13, 11, 11, 11, 11, 11, 11, 19, 19, 19, 19, 4, 4, 4, 4, 13, 11, 11, 11, 11, 11, 11, 11, 19, 19, 19, 19, 4, 4, 4, 4, 13, 11, 11, 11, 11, 11, 11, 11, 19, 19, 19, 4, 4, 4, 4, 4, 13, 11, 11, 11, 11, 11, 11, 11, 19, 19, 19, 19, 19, 19, 19, 19, 26, 26, 26, 26, 26, 26, 26, 26, 19, 19, 19, 19, 19, 19, 19, 19, 26, 26, 26, 26, 26, 26, 26, 26, 19, 19, 19, 19, 19, 19, 19, 19, 5, 5, 5, 5, 5, 5, 5, 5, 4, 4, 4, 4, 4, 4, 19, 19, 5, 5, 5, 5, 5, 5, 5, 5, 4, 4, 4, 4, 4, 4, 4, 4, 5, 5, 5, 5, 5, 5, 5, 5, 4, 4, 4, 4, 4, 4, 4, 4, 5, 5, 5, 5, 5, 5, 5, 5, 4, 4, 4, 4, 4, 4, 31, 3, 3, 3, 5, 5, 5, 5, 5, 5, 4, 4, 4, 31, 31, 31, 31, 3, 3, 3, 29, 29, 29, 29, 29, 5, 13, 11, 11, 11, 11, 11, 10, 10, 10, 10, 6, 6, 6, 6, 7, 7, 11, 11, 11, 11, 11, 11, 10, 10, 10, 10, 6, 6, 6, 6, 6, 6, 11, 11, 11, 11, 11, 10, 10, 10, 10, 10, 10, 6, 6, 6, 6, 6, 11, 11, 11, 11, 10, 10, 10, 10, 10, 10, 10, 10, 6, 6, 6, 6, 11, 11, 11, 11, 10, 10, 10, 10, 10, 10, 10, 10, 6, 6, 6, 6, 11, 11, 11, 10, 10, 10, 10, 10, 10, 10, 10, 10, 10, 6, 6, 6, 11, 11, 11, 10, 10, 10, 10, 10, 10, 10, 10, 10, 10, 6, 6, 6, 11, 11, 10, 10, 10, 10, 10, 10, 10, 10, 10, 10, 10, 10, 6, 6, 18, 18, 18, 18, 18, 18, 18, 18, 23, 23, 23, 23, 23, 23, 23, 23, 18, 18, 18, 18, 18, 18, 18, 18, 23, 23, 23, 23, 23, 23, 23, 23, 18, 18, 18, 18, 18, 18, 18, 18, 1, 1, 1, 1, 1, 1, 1, 1, 2, 2, 2, 2, 2, 2, 18, 18, 1, 1, 1, 1, 1, 1, 1, 1, 2, 2, 2, 2, 2, 2, 2, 2, 1, 1, 1, 1, 1, 1, 1, 1, 2, 2, 2, 2, 2, 2, 2, 2, 1, 1, 1, 1, 1, 1, 1, 1, 2, 2, 2, 2, 2, 2, 32, 0, 0, 0, 1, 1, 1, 1, 1, 1, 2, 2, 2, 32, 32, 32, 32, 0, 0, 0, 28, 28, 28, 28, 28, 33, 14, 14, 14, 14, 22, 22, 22, 9, 9, 9, 15, 15, 15, 15, 15, 16, 14, 14, 14, 22, 22, 22, 22, 9, 9, 9, 9, 15, 15, 15, 15, 15, 14, 14, 22, 22, 22, 22, 22, 9, 9, 9, 9, 15, 15, 15, 15, 15, 22, 22, 22, 22, 22, 22, 9, 9, 9, 9, 9, 9, 15, 15, 15, 15, 22, 22, 22, 22, 22, 22, 9, 9, 9, 9, 9, 9, 9, 15, 15, 15, 22, 22, 22, 22, 22, 22, 9, 9, 9, 9, 9, 9, 9, 15, 15, 15, 22, 22, 22, 22, 22, 22, 9, 9, 9, 9, 9, 9, 9, 9, 15, 15, 22, 22, 22, 22, 22, 9, 9, 9, 9, 9, 9, 9, 9, 9, 9, 15, 73, 67, 69, 1, 86, 65, 76, 69, 2, 0, 0, 0, 34, 0, 0, 0, 186, 0, 0, 0, 7, 0, 0, 0, 6, 6, 6, 5, 6, 7, 6, 5, 7, 5, 5, 6, 6, 5, 5, 5, 4, 6, 5, 5, 7, 5, 6, 6, 4, 6, 6, 5, 5, 4, 6, 4, 5, 6, 9, 22, 32, 2, 1, 28, 2, 18, 23, 33, 28, 0, 0, 32, 21, 30, 18, 1, 4, 31, 10, 29, 5, 5, 19, 17, 13, 31, 3, 3, 29, 7, 27, 26, 19, 4, 7, 29, 10, 9, 15, 8, 8, 27, 5, 29, 6, 6, 15, 16, 33, 25, 27, 7, 15, 6, 10, 22, 0, 6, 3, 11, 22, 9, 12, 14, 22, 10, 31, 13, 13, 17, 30, 21, 14, 11, 11, 31, 4, 17, 12, 12, 21, 32, 22, 11, 28, 16, 8, 6, 9, 15, 28, 33, 8, 4, 19, 20, 30, 12, 13, 2, 30, 20, 23, 1, 5, 26, 20, 17, 4, 19, 26, 24, 23, 18, 30, 17, 12, 30, 2, 32, 14, 14, 32, 0, 9, 10, 11, 24, 25, 33, 1, 18, 20, 20, 26, 25, 23, 24, 26, 27, 8, 33, 23, 5, 27, 25, 24, 20, 19, 25, 26, 5, 7, 8, 0, 1, 33, 16, 15, 7, 5, 3, 6, 2, 21, 12, 17, 20, 18, 3, 4, 13, 11, 14, 21, 2, 0, 22, 1, 23, 25, 8, 16, 28, 0, 0, 128, 191, 51, 118, 139, 60, 244, 217, 170, 60, 90, 9, 33, 60, 90, 9, 33, 60]
            }
        }

        over "Link13_cover"
        {
            over "collisions" (
                prepend apiSchemas = ["PhysxCookedDataAPI:convexHull"]
            )
            {
                uchar[] physxCookedData:convexHull:buffer = [9, 54, 61, 103, 219, 193, 131, 134, 22, 53, 229, 131, 196, 204, 119, 1, 126, 78, 88, 83, 1, 67, 86, 88, 77, 14, 0, 0, 0, 0, 0, 0, 0, 73, 67, 69, 1, 67, 76, 72, 76, 9, 0, 0, 0, 34, 0, 0, 0, 85, 128, 0, 0, 53, 0, 0, 0, 170, 0, 0, 0, 3, 120, 11, 61, 43, 166, 121, 188, 90, 245, 57, 188, 202, 236, 184, 60, 182, 240, 13, 187, 41, 162, 154, 188, 3, 120, 11, 61, 43, 166, 121, 60, 90, 245, 57, 188, 3, 120, 11, 61, 43, 166, 121, 188, 90, 245, 57, 60, 3, 120, 11, 61, 43, 166, 121, 60, 90, 245, 57, 60, 166, 85, 185, 60, 182, 240, 13, 59, 41, 162, 154, 60, 254, 42, 58, 187, 152, 15, 245, 187, 93, 21, 143, 188, 15, 159, 148, 60, 163, 149, 155, 188, 235, 58, 14, 58, 16, 58, 15, 187, 44, 44, 252, 187, 29, 79, 142, 60, 16, 58, 15, 187, 44, 44, 252, 59, 29, 79, 142, 60, 15, 159, 148, 60, 163, 149, 155, 60, 235, 58, 14, 186, 148, 95, 58, 187, 154, 5, 245, 59, 110, 22, 143, 188, 112, 178, 130, 60, 4, 169, 137, 188, 140, 69, 17, 188, 112, 178, 130, 60, 4, 169, 137, 60, 140, 69, 17, 60, 3, 120, 11, 61, 80, 16, 154, 60, 74, 53, 49, 59, 209, 166, 124, 60, 253, 73, 133, 60, 161, 192, 32, 188, 209, 166, 124, 60, 253, 73, 133, 188, 161, 192, 32, 60, 3, 120, 11, 61, 211, 136, 150, 188, 57, 70, 158, 59, 247, 47, 196, 60, 65, 91, 242, 59, 253, 94, 143, 188, 209, 152, 196, 60, 65, 91, 242, 187, 253, 94, 143, 60, 3, 120, 11, 61, 67, 140, 152, 188, 28, 72, 119, 187, 163, 149, 2, 188, 12, 180, 52, 58, 168, 139, 155, 60, 111, 18, 3, 188, 92, 177, 149, 162, 227, 165, 155, 188, 217, 196, 215, 187, 141, 223, 148, 187, 250, 33, 151, 188, 181, 198, 215, 187, 219, 220, 148, 187, 36, 34, 151, 60, 181, 198, 215, 187, 219, 220, 148, 59, 36, 34, 151, 188, 54, 179, 205, 187, 144, 128, 162, 59, 175, 64, 150, 60, 3, 120, 11, 61, 67, 140, 152, 60, 28, 72, 119, 187, 77, 7, 204, 60, 18, 19, 25, 188, 167, 135, 135, 188, 41, 112, 204, 60, 18, 19, 25, 60, 167, 135, 135, 60, 89, 80, 81, 60, 130, 61, 95, 188, 49, 244, 88, 188, 89, 80, 81, 60, 130, 61, 95, 60, 49, 244, 88, 60, 53, 60, 61, 60, 95, 41, 75, 60, 128, 220, 107, 188, 107, 144, 68, 60, 148, 125, 82, 188, 54, 88, 101, 60, 0, 0, 128, 63, 0, 0, 0, 0, 0, 0, 0, 0, 3, 120, 11, 189, 0, 0, 8, 22, 209, 99, 12, 63, 0, 0, 0, 0, 88, 18, 86, 191, 62, 184, 230, 188, 8, 0, 3, 21, 147, 209, 12, 63, 0, 0, 0, 0, 53, 202, 85, 63, 160, 21, 231, 188, 11, 0, 3, 22, 91, 134, 247, 190, 253, 23, 96, 191, 131, 130, 110, 59, 215, 183, 0, 188, 14, 0, 3, 14, 252, 113, 247, 190, 158, 29, 96, 63, 234, 42, 111, 59, 234, 185, 0, 188, 17, 0, 3, 20, 53, 61, 203, 190, 30, 249, 104, 191, 16, 92, 244, 189, 213, 32, 36, 188, 20, 0, 3, 14, 24, 59, 205, 190, 21, 148, 104, 63, 210, 197, 241, 61, 226, 128, 34, 188, 23, 0, 3, 20, 141, 149, 226, 60, 9, 138, 108, 63, 161, 75, 195, 62, 50, 132, 158, 188, 26, 0, 3, 12, 20, 120, 8, 189, 154, 163, 121, 63, 70, 69, 96, 62, 35, 203, 145, 188, 29, 0, 3, 20, 24, 59, 191, 190, 10, 249, 105, 63, 89, 128, 34, 190, 63, 201, 46, 188, 32, 0, 3, 17, 120, 108, 19, 189, 148, 48, 118, 191, 40, 42, 139, 62, 51, 123, 145, 188, 35, 0, 3, 27, 43, 238, 103, 60, 218, 164, 102, 191, 17, 12, 222, 62, 194, 187, 156, 188, 38, 0, 3, 15, 82, 6, 193, 190, 93, 170, 105, 191, 71, 22, 33, 62, 223, 91, 45, 188, 41, 0, 3, 27, 168, 186, 249, 62, 98, 215, 97, 61, 136, 9, 95, 191, 40, 241, 223, 188, 44, 0, 3, 21, 111, 204, 250, 62, 70, 240, 95, 189, 154, 190, 94, 63, 64, 92, 224, 188, 47, 0, 3, 22, 187, 39, 254, 60, 188, 197, 127, 191, 221, 209, 233, 60, 27, 47, 160, 188, 50, 0, 3, 10, 14, 126, 21, 189, 215, 166, 121, 191, 117, 134, 95, 190, 247, 84, 145, 188, 53, 0, 3, 14, 252, 31, 189, 60, 112, 174, 105, 191, 214, 191, 208, 190, 106, 74, 158, 188, 56, 0, 3, 13, 174, 24, 118, 191, 128, 0, 141, 190, 35, 109, 188, 59, 49, 108, 248, 187, 59, 0, 4, 14, 50, 73, 25, 191, 3, 9, 77, 191, 189, 167, 98, 54, 19, 110, 248, 187, 63, 0, 4, 14, 255, 93, 126, 186, 80, 40, 166, 190, 240, 36, 114, 63, 80, 21, 155, 188, 67, 0, 3, 18, 154, 38, 31, 60, 55, 131, 1, 190, 153, 238, 125, 63, 202, 240, 152, 188, 70, 0, 4, 25, 241, 25, 151, 187, 92, 140, 249, 189, 245, 22, 126, 191, 234, 201, 154, 188, 74, 0, 3, 5, 205, 78, 136, 185, 203, 166, 162, 62, 33, 189, 114, 191, 29, 36, 155, 188, 77, 0, 3, 19, 108, 193, 91, 60, 120, 218, 7, 62, 189, 182, 125, 191, 5, 97, 153, 188, 80, 0, 4, 24, 189, 95, 116, 191, 83, 134, 152, 62, 172, 162, 152, 187, 152, 35, 253, 187, 84, 0, 3, 20, 44, 22, 14, 191, 236, 241, 84, 63, 238, 245, 172, 59, 97, 131, 252, 187, 87, 0, 3, 20, 86, 215, 29, 191, 16, 140, 73, 63, 35, 6, 118, 187, 50, 130, 252, 187, 90, 0, 3, 20, 86, 238, 109, 191, 12, 239, 188, 62, 247, 124, 107, 59, 89, 78, 253, 187, 93, 0, 3, 20, 252, 246, 113, 187, 65, 171, 26, 62, 168, 15, 125, 63, 153, 218, 154, 188, 96, 0, 3, 1, 151, 241, 138, 60, 199, 181, 105, 63, 101, 198, 208, 190, 196, 153, 156, 188, 99, 0, 3, 16, 64, 8, 7, 189, 238, 39, 118, 63, 130, 153, 139, 190, 3, 234, 145, 188, 102, 0, 3, 17, 33, 72, 143, 60, 64, 219, 127, 63, 169, 228, 233, 188, 63, 57, 158, 188, 105, 0, 3, 7, 200, 121, 51, 60, 243, 105, 156, 190, 209, 190, 115, 191, 93, 173, 154, 188, 108, 0, 4, 26, 251, 200, 208, 62, 98, 113, 35, 190, 42, 38, 102, 191, 128, 66, 217, 188, 112, 0, 3, 21, 14, 175, 72, 60, 90, 27, 158, 62, 215, 119, 115, 63, 18, 208, 154, 188, 115, 0, 4, 23, 175, 6, 210, 62, 76, 85, 34, 62, 111, 234, 101, 63, 67, 183, 217, 188, 119, 0, 3, 22, 170, 194, 30, 188, 203, 243, 79, 191, 173, 72, 21, 191, 233, 233, 152, 188, 122, 0, 3, 4, 105, 80, 87, 190, 118, 115, 91, 191, 223, 169, 240, 190, 178, 85, 121, 188, 125, 0, 3, 4, 158, 213, 78, 188, 156, 130, 22, 191, 94, 14, 79, 191, 141, 10, 152, 188, 128, 0, 3, 29, 192, 79, 157, 60, 84, 226, 36, 191, 150, 196, 67, 191, 46, 219, 156, 188, 131, 0, 3, 31, 170, 194, 30, 188, 203, 243, 79, 63, 173, 72, 21, 63, 233, 233, 152, 188, 134, 0, 3, 0, 5, 250, 86, 190, 25, 113, 91, 63, 211, 197, 240, 62, 36, 113, 121, 188, 137, 0, 3, 0, 133, 233, 55, 188, 3, 36, 23, 63, 5, 154, 78, 63, 28, 69, 152, 188, 140, 0, 3, 28, 171, 45, 157, 60, 105, 233, 36, 63, 164, 190, 67, 63, 80, 219, 156, 188, 143, 0, 3, 30, 3, 40, 37, 190, 128, 38, 81, 63, 212, 186, 13, 191, 72, 5, 133, 188, 146, 0, 3, 3, 123, 210, 39, 188, 9, 174, 68, 63, 25, 217, 35, 191, 127, 141, 152, 188, 149, 0, 3, 3, 233, 246, 15, 61, 211, 162, 22, 63, 77, 203, 78, 191, 115, 92, 158, 188, 152, 0, 3, 8, 142, 246, 4, 58, 2, 58, 7, 63, 189, 94, 89, 191, 79, 215, 153, 188, 155, 0, 3, 8, 21, 106, 49, 190, 234, 189, 83, 191, 107, 223, 8, 63, 45, 85, 131, 188, 158, 0, 3, 2, 39, 247, 15, 188, 38, 18, 71, 191, 170, 240, 32, 63, 142, 17, 153, 188, 161, 0, 3, 2, 103, 121, 6, 61, 24, 43, 23, 191, 43, 110, 78, 63, 158, 215, 157, 188, 164, 0, 3, 11, 89, 122, 7, 59, 46, 58, 11, 191, 55, 212, 86, 63, 244, 171, 153, 188, 167, 0, 3, 32, 27, 14, 4, 3, 17, 20, 0, 2, 0, 1, 2, 3, 4, 5, 6, 7, 8, 9, 10, 11, 12, 7, 6, 13, 10, 9, 13, 4, 14, 13, 14, 10, 15, 11, 10, 16, 7, 17, 16, 17, 3, 16, 8, 7, 18, 2, 1, 19, 3, 5, 20, 17, 7, 20, 7, 12, 20, 12, 0, 21, 22, 23, 24, 24, 23, 6, 8, 24, 8, 19, 19, 5, 21, 24, 23, 22, 1, 25, 11, 18, 18, 1, 22, 25, 25, 22, 21, 26, 9, 11, 26, 11, 25, 26, 25, 21, 26, 21, 5, 27, 2, 15, 27, 15, 10, 27, 10, 14, 28, 6, 23, 1, 28, 1, 0, 29, 9, 26, 5, 29, 5, 4, 30, 0, 12, 30, 12, 6, 30, 6, 28, 30, 28, 0, 31, 4, 13, 31, 13, 9, 31, 9, 29, 31, 29, 4, 32, 11, 15, 32, 15, 2, 32, 2, 18, 32, 18, 11, 33, 8, 16, 33, 16, 3, 33, 3, 19, 33, 19, 8, 0, 32, 0, 7, 0, 2, 0, 11, 0, 15, 0, 17, 0, 1, 0, 30, 1, 34, 1, 13, 2, 36, 2, 14, 3, 5, 3, 12, 3, 19, 4, 6, 4, 9, 4, 26, 5, 16, 5, 38, 6, 8, 6, 42, 7, 41, 7, 8, 8, 32, 9, 45, 9, 31, 10, 12, 10, 15, 10, 11, 11, 50, 12, 49, 13, 47, 13, 24, 14, 51, 14, 21, 15, 16, 16, 17, 17, 37, 18, 25, 18, 22, 18, 19, 18, 21, 19, 33, 19, 20, 20, 52, 20, 21, 21, 29, 22, 24, 22, 33, 23, 27, 23, 48, 23, 24, 24, 25, 25, 28, 26, 35, 26, 27, 27, 28, 28, 29, 29, 35, 30, 46, 30, 31, 31, 32, 33, 39, 33, 34, 34, 40, 35, 43, 35, 36, 36, 44, 37, 40, 37, 38, 38, 39, 39, 40, 41, 44, 41, 42, 42, 43, 43, 44, 45, 48, 45, 46, 46, 47, 47, 48, 49, 52, 49, 50, 50, 51, 51, 52, 0, 1, 17, 1, 13, 22, 0, 1, 13, 0, 2, 11, 0, 2, 7, 2, 14, 21, 3, 5, 19, 3, 5, 10, 3, 12, 19, 4, 6, 26, 4, 6, 8, 4, 9, 23, 5, 16, 17, 6, 7, 8, 0, 7, 8, 9, 30, 31, 10, 11, 12, 0, 10, 11, 13, 23, 24, 14, 20, 21, 0, 15, 16, 18, 21, 25, 18, 22, 24, 18, 19, 22, 18, 19, 20, 23, 24, 25, 26, 27, 28, 0, 30, 31, 33, 34, 39, 35, 36, 43, 37, 38, 39, 41, 42, 43, 45, 46, 47, 49, 50, 51, 27, 0, 14, 0, 14, 0, 4, 0, 4, 0, 3, 0, 3, 0, 17, 0, 17, 0, 20, 0, 20, 0, 0, 0, 0, 0, 2, 0, 2, 0, 27, 0, 0, 0, 1, 0, 1, 0, 2, 0, 4, 0, 5, 0, 5, 0, 3, 0, 6, 0, 7, 0, 7, 0, 8, 0, 8, 0, 6, 0, 9, 0, 10, 0, 10, 0, 11, 0, 11, 0, 9, 0, 12, 0, 7, 0, 6, 0, 12, 0, 13, 0, 10, 0, 9, 0, 13, 0, 13, 0, 4, 0, 14, 0, 13, 0, 14, 0, 10, 0, 15, 0, 11, 0, 10, 0, 15, 0, 16, 0, 7, 0, 7, 0, 17, 0, 17, 0, 16, 0, 3, 0, 16, 0, 16, 0, 8, 0, 18, 0, 2, 0, 1, 0, 18, 0, 19, 0, 3, 0, 5, 0, 19, 0, 7, 0, 20, 0, 12, 0, 20, 0, 12, 0, 0, 0, 21, 0, 22, 0, 22, 0, 23, 0, 23, 0, 24, 0, 24, 0, 21, 0, 23, 0, 6, 0, 8, 0, 24, 0, 8, 0, 19, 0, 19, 0, 24, 0, 5, 0, 21, 0, 22, 0, 1, 0, 1, 0, 23, 0, 25, 0, 11, 0, 11, 0, 18, 0, 18, 0, 25, 0, 22, 0, 25, 0, 21, 0, 25, 0, 26, 0, 9, 0, 11, 0, 26, 0, 25, 0, 26, 0, 21, 0, 26, 0, 5, 0, 26, 0, 2, 0, 15, 0, 15, 0, 27, 0, 10, 0, 27, 0, 28, 0, 6, 0, 1, 0, 28, 0, 0, 0, 28, 0, 29, 0, 9, 0, 5, 0, 29, 0, 4, 0, 29, 0, 30, 0, 0, 0, 12, 0, 30, 0, 6, 0, 30, 0, 28, 0, 30, 0, 31, 0, 4, 0, 13, 0, 31, 0, 9, 0, 31, 0, 29, 0, 31, 0, 32, 0, 11, 0, 15, 0, 32, 0, 2, 0, 32, 0, 18, 0, 32, 0, 33, 0, 8, 0, 16, 0, 33, 0, 3, 0, 33, 0, 19, 0, 33, 0, 0, 0, 0, 0, 112, 18, 3, 188, 163, 149, 155, 188, 228, 165, 155, 188, 3, 120, 11, 61, 163, 149, 155, 60, 168, 139, 155, 60, 200, 122, 24, 56, 233, 45, 198, 49, 249, 185, 71, 44, 42, 187, 14, 171, 249, 185, 71, 44, 150, 205, 139, 50, 207, 227, 210, 172, 42, 187, 14, 171, 207, 227, 210, 172, 93, 59, 134, 50, 3, 43, 127, 60, 0, 19, 68, 52, 251, 128, 40, 183, 0, 0, 128, 63, 73, 67, 69, 1, 83, 85, 80, 77, 0, 0, 0, 0, 73, 67, 69, 1, 71, 65, 85, 83, 0, 0, 0, 0, 16, 0, 0, 0, 0, 6, 0, 0, 0, 0, 0, 0, 0, 20, 20, 20, 17, 17, 17, 17, 3, 3, 3, 3, 0, 0, 0, 0, 0, 20, 20, 20, 17, 17, 17, 3, 3, 3, 3, 3, 0, 0, 0, 0, 0, 0, 20, 20, 17, 17, 17, 3, 3, 3, 3, 3, 0, 0, 0, 0, 0, 0, 20, 20, 17, 17, 3, 3, 3, 3, 3, 3, 0, 0, 0, 0, 0, 0, 20, 20, 17, 17, 3, 3, 3, 3, 3, 3, 0, 0, 0, 0, 0, 0, 0, 20, 17, 3, 3, 3, 3, 3, 3, 3, 0, 0, 0, 0, 0, 0, 0, 20, 17, 3, 3, 3, 3, 3, 3, 3, 0, 0, 0, 0, 0, 0, 0, 0, 3, 3, 3, 3, 3, 3, 3, 3, 2, 2, 2, 2, 2, 2, 2, 2, 4, 4, 4, 4, 4, 4, 4, 4, 2, 2, 2, 2, 2, 2, 2, 27, 14, 4, 4, 4, 4, 4, 4, 4, 2, 2, 2, 2, 2, 2, 2, 27, 14, 4, 4, 4, 4, 4, 4, 4, 2, 2, 2, 2, 2, 2, 27, 27, 14, 4, 4, 4, 4, 4, 4, 4, 2, 2, 2, 2, 2, 2, 27, 27, 14, 14, 4, 4, 4, 4, 4, 4, 2, 2, 2, 2, 2, 2, 27, 27, 14, 14, 4, 4, 4, 4, 4, 4, 2, 2, 2, 2, 2, 27, 27, 27, 14, 14, 14, 4, 4, 4, 4, 4, 2, 2, 2, 2, 2, 27, 27, 27, 14, 14, 14, 4, 4, 4, 4, 4, 23, 23, 23, 23, 23, 23, 23, 23, 24, 24, 24, 24, 24, 24, 24, 24, 23, 23, 23, 23, 23, 23, 23, 23, 24, 24, 24, 24, 24, 24, 24, 24, 23, 23, 23, 23, 23, 23, 23, 23, 24, 24, 24, 24, 24, 24, 24, 24, 23, 23, 23, 23, 23, 23, 23, 23, 24, 24, 24, 24, 24, 24, 24, 24, 23, 23, 23, 23, 23, 23, 23, 23, 24, 24, 24, 24, 24, 24, 24, 24, 22, 22, 22, 22, 22, 22, 22, 23, 24, 24, 24, 24, 24, 21, 21, 21, 22, 22, 22, 22, 22, 22, 22, 22, 21, 21, 21, 21, 21, 21, 21, 21, 22, 22, 22, 22, 22, 22, 22, 22, 21, 21, 21, 21, 21, 21, 21, 21, 22, 22, 22, 22, 22, 22, 22, 22, 21, 21, 21, 21, 21, 21, 21, 21, 22, 22, 22, 22, 22, 22, 22, 22, 21, 21, 21, 21, 21, 21, 21, 21, 22, 22, 22, 22, 22, 22, 22, 25, 21, 21, 21, 21, 21, 21, 21, 21, 25, 25, 25, 25, 25, 25, 25, 25, 26, 26, 26, 21, 21, 21, 21, 21, 25, 25, 25, 25, 25, 25, 25, 25, 26, 26, 26, 26, 26, 26, 26, 26, 25, 25, 25, 25, 25, 25, 25, 25, 26, 26, 26, 26, 26, 26, 26, 26, 25, 25, 25, 25, 25, 25, 25, 25, 26, 26, 26, 26, 26, 26, 26, 26, 25, 25, 25, 25, 25, 25, 25, 25, 26, 26, 26, 26, 26, 26, 26, 26, 25, 25, 25, 25, 11, 11, 11, 32, 2, 2, 2, 2, 2, 2, 2, 2, 25, 25, 25, 25, 11, 11, 11, 32, 2, 2, 2, 2, 2, 2, 2, 2, 25, 25, 25, 25, 11, 11, 11, 15, 2, 2, 2, 2, 2, 2, 2, 2, 25, 25, 25, 11, 11, 11, 15, 15, 2, 2, 2, 2, 2, 2, 2, 2, 25, 25, 25, 11, 11, 11, 15, 15, 2, 2, 2, 2, 2, 2, 2, 2, 25, 25, 25, 11, 11, 15, 15, 15, 27, 27, 27, 27, 27, 27, 27, 27, 25, 25, 25, 11, 11, 15, 10, 10, 27, 27, 27, 27, 27, 27, 27, 27, 25, 25, 11, 11, 10, 10, 10, 10, 27, 27, 27, 27, 27, 27, 27, 27, 26, 26, 26, 9, 10, 10, 10, 10, 14, 14, 14, 14, 14, 14, 14, 14, 26, 26, 26, 9, 9, 13, 13, 10, 14, 14, 14, 14, 14, 14, 14, 14, 26, 26, 26, 26, 9, 13, 13, 13, 14, 14, 14, 14, 14, 14, 14, 14, 26, 26, 26, 26, 9, 9, 13, 13, 4, 4, 4, 4, 4, 4, 4, 4, 26, 26, 26, 26, 9, 9, 31, 13, 4, 4, 4, 4, 4, 4, 4, 4, 26, 26, 26, 26, 9, 9, 9, 31, 4, 4, 4, 4, 4, 4, 4, 4, 26, 26, 26, 26, 26, 9, 9, 31, 4, 4, 4, 4, 4, 4, 4, 4, 26, 26, 26, 26, 26, 9, 9, 31, 4, 4, 4, 4, 4, 4, 4, 4, 23, 23, 23, 23, 6, 6, 6, 30, 0, 0, 0, 0, 0, 0, 0, 0, 23, 23, 23, 23, 6, 6, 6, 30, 0, 0, 0, 0, 0, 0, 0, 0, 23, 23, 23, 23, 6, 6, 6, 30, 0, 0, 0, 0, 0, 0, 0, 0, 23, 23, 23, 6, 6, 6, 30, 12, 0, 0, 0, 0, 0, 0, 0, 0, 23, 23, 23, 6, 6, 6, 12, 12, 0, 0, 0, 0, 0, 0, 0, 0, 23, 23, 23, 6, 6, 12, 12, 12, 20, 20, 20, 20, 20, 20, 20, 20, 23, 23, 23, 6, 6, 12, 12, 7, 20, 20, 20, 20, 20, 20, 20, 20, 23, 23, 6, 6, 7, 7, 7, 7, 20, 20, 20, 20, 20, 20, 20, 20, 24, 24, 24, 8, 7, 7, 7, 7, 17, 17, 17, 17, 17, 17, 17, 17, 24, 24, 24, 8, 8, 16, 7, 7, 17, 17, 17, 17, 17, 17, 17, 17, 24, 24, 24, 8, 8, 16, 16, 16, 17, 17, 17, 17, 17, 17, 17, 17, 24, 24, 24, 8, 8, 8, 16, 16, 17, 17, 17, 17, 17, 17, 17, 17, 24, 24, 24, 24, 8, 8, 16, 16, 3, 3, 3, 3, 3, 3, 3, 3, 24, 24, 24, 24, 8, 8, 8, 16, 3, 3, 3, 3, 3, 3, 3, 3, 24, 24, 24, 24, 8, 8, 8, 33, 3, 3, 3, 3, 3, 3, 3, 3, 24, 24, 24, 24, 8, 8, 8, 33, 3, 3, 3, 3, 3, 3, 3, 3, 24, 24, 24, 24, 24, 21, 21, 21, 21, 21, 21, 21, 26, 26, 26, 26, 24, 24, 24, 24, 24, 24, 21, 21, 21, 21, 21, 21, 26, 26, 26, 26, 24, 24, 24, 24, 24, 24, 21, 21, 21, 21, 21, 26, 26, 26, 26, 26, 24, 24, 24, 24, 24, 24, 21, 21, 21, 21, 21, 26, 26, 26, 26, 26, 8, 24, 24, 24, 24, 24, 21, 21, 21, 21, 21, 26, 26, 26, 26, 26, 8, 8, 24, 24, 24, 24, 24, 21, 21, 21, 26, 26, 26, 26, 9, 9, 8, 8, 8, 24, 24, 24, 24, 21, 21, 21, 26, 26, 26, 9, 9, 9, 33, 33, 8, 8, 8, 24, 24, 21, 21, 26, 26, 9, 9, 9, 31, 31, 3, 3, 3, 19, 19, 19, 19, 5, 5, 5, 29, 29, 29, 29, 4, 4, 3, 3, 3, 3, 19, 19, 19, 5, 5, 5, 29, 29, 4, 4, 4, 4, 3, 3, 3, 3, 3, 19, 19, 5, 5, 5, 29, 4, 4, 4, 4, 4, 3, 3, 3, 3, 3, 3, 3, 5, 5, 4, 4, 4, 4, 4, 4, 4, 3, 3, 3, 3, 3, 3, 3, 3, 4, 4, 4, 4, 4, 4, 4, 4, 3, 3, 3, 3, 3, 3, 3, 3, 4, 4, 4, 4, 4, 4, 4, 4, 3, 3, 3, 3, 3, 3, 3, 3, 4, 4, 4, 4, 4, 4, 4, 4, 3, 3, 3, 3, 3, 3, 3, 3, 4, 4, 4, 4, 4, 4, 4, 4, 23, 23, 23, 23, 23, 22, 22, 22, 22, 22, 22, 25, 25, 25, 25, 25, 23, 23, 23, 23, 23, 22, 22, 22, 22, 22, 22, 25, 25, 25, 25, 25, 23, 23, 23, 23, 23, 22, 22, 22, 22, 22, 22, 25, 25, 25, 25, 25, 23, 23, 23, 23, 23, 23, 22, 22, 22, 22, 25, 25, 25, 25, 25, 25, 6, 23, 23, 23, 23, 23, 22, 22, 22, 22, 25, 25, 25, 25, 25, 11, 6, 6, 23, 23, 23, 23, 22, 22, 22, 22, 25, 25, 25, 25, 11, 11, 6, 6, 6, 6, 23, 23, 23, 22, 22, 25, 25, 25, 11, 11, 11, 11, 30, 30, 6, 6, 6, 23, 23, 22, 22, 25, 25, 11, 11, 11, 32, 32, 0, 0, 28, 28, 28, 28, 1, 1, 1, 18, 18, 18, 18, 2, 2, 2, 0, 0, 0, 0, 28, 28, 1, 1, 1, 18, 18, 18, 2, 2, 2, 2, 0, 0, 0, 0, 0, 28, 1, 1, 1, 18, 18, 2, 2, 2, 2, 2, 0, 0, 0, 0, 0, 0, 0, 1, 1, 2, 2, 2, 2, 2, 2, 2, 0, 0, 0, 0, 0, 0, 0, 0, 2, 2, 2, 2, 2, 2, 2, 2, 0, 0, 0, 0, 0, 0, 0, 0, 2, 2, 2, 2, 2, 2, 2, 2, 0, 0, 0, 0, 0, 0, 0, 0, 2, 2, 2, 2, 2, 2, 2, 2, 0, 0, 0, 0, 0, 0, 0, 0, 2, 2, 2, 2, 2, 2, 2, 2, 26, 26, 26, 26, 26, 26, 26, 26, 25, 25, 25, 25, 25, 25, 25, 25, 26, 26, 26, 26, 26, 26, 26, 26, 25, 25, 25, 25, 25, 25, 25, 25, 26, 26, 26, 26, 26, 26, 26, 26, 25, 25, 25, 25, 25, 25, 25, 25, 26, 26, 26, 26, 26, 26, 26, 26, 25, 25, 25, 25, 25, 25, 25, 25, 21, 21, 21, 21, 21, 26, 26, 26, 25, 25, 25, 25, 25, 25, 25, 25, 21, 21, 21, 21, 21, 21, 21, 21, 25, 22, 22, 22, 22, 22, 22, 22, 21, 21, 21, 21, 21, 21, 21, 21, 22, 22, 22, 22, 22, 22, 22, 22, 21, 21, 21, 21, 21, 21, 21, 21, 22, 22, 22, 22, 22, 22, 22, 22, 21, 21, 21, 21, 21, 21, 21, 21, 22, 22, 22, 22, 22, 22, 22, 22, 21, 21, 21, 21, 21, 21, 21, 21, 22, 22, 22, 22, 22, 22, 22, 22, 21, 21, 21, 24, 24, 24, 24, 24, 23, 22, 22, 22, 22, 22, 22, 22, 24, 24, 24, 24, 24, 24, 24, 24, 23, 23, 23, 23, 23, 23, 23, 23, 24, 24, 24, 24, 24, 24, 24, 24, 23, 23, 23, 23, 23, 23, 23, 23, 24, 24, 24, 24, 24, 24, 24, 24, 23, 23, 23, 23, 23, 23, 23, 23, 24, 24, 24, 24, 24, 24, 24, 24, 23, 23, 23, 23, 23, 23, 23, 23, 24, 24, 24, 24, 24, 24, 24, 24, 23, 23, 23, 23, 23, 23, 23, 23, 4, 4, 4, 4, 4, 14, 14, 14, 27, 27, 27, 2, 2, 2, 2, 2, 4, 4, 4, 4, 4, 14, 14, 14, 27, 27, 27, 2, 2, 2, 2, 2, 4, 4, 4, 4, 4, 4, 14, 14, 27, 27, 2, 2, 2, 2, 2, 2, 4, 4, 4, 4, 4, 4, 14, 14, 27, 27, 2, 2, 2, 2, 2, 2, 4, 4, 4, 4, 4, 4, 4, 14, 27, 27, 2, 2, 2, 2, 2, 2, 4, 4, 4, 4, 4, 4, 4, 14, 27, 2, 2, 2, 2, 2, 2, 2, 4, 4, 4, 4, 4, 4, 4, 14, 27, 2, 2, 2, 2, 2, 2, 2, 4, 4, 4, 4, 4, 4, 4, 4, 2, 2, 2, 2, 2, 2, 2, 2, 3, 3, 3, 3, 3, 3, 3, 3, 0, 0, 0, 0, 0, 0, 0, 0, 3, 3, 3, 3, 3, 3, 3, 17, 20, 0, 0, 0, 0, 0, 0, 0, 3, 3, 3, 3, 3, 3, 3, 17, 20, 0, 0, 0, 0, 0, 0, 0, 3, 3, 3, 3, 3, 3, 17, 17, 20, 20, 0, 0, 0, 0, 0, 0, 3, 3, 3, 3, 3, 3, 17, 17, 20, 20, 0, 0, 0, 0, 0, 0, 3, 3, 3, 3, 3, 17, 17, 17, 20, 20, 0, 0, 0, 0, 0, 0, 3, 3, 3, 3, 3, 17, 17, 17, 20, 20, 20, 0, 0, 0, 0, 0, 3, 3, 3, 3, 17, 17, 17, 17, 20, 20, 20, 0, 0, 0, 0, 0, 3, 3, 3, 3, 3, 3, 3, 3, 33, 8, 8, 8, 24, 24, 24, 24, 3, 3, 3, 3, 3, 3, 3, 3, 33, 8, 8, 8, 24, 24, 24, 24, 3, 3, 3, 3, 3, 3, 3, 3, 16, 8, 8, 8, 24, 24, 24, 24, 3, 3, 3, 3, 3, 3, 3, 3, 16, 16, 8, 8, 24, 24, 24, 24, 17, 17, 17, 17, 17, 17, 17, 17, 16, 16, 8, 8, 8, 24, 24, 24, 17, 17, 17, 17, 17, 17, 17, 17, 16, 16, 16, 8, 8, 24, 24, 24, 17, 17, 17, 17, 17, 17, 17, 17, 7, 7, 16, 8, 8, 24, 24, 24, 17, 17, 17, 17, 17, 17, 17, 17, 7, 7, 7, 7, 8, 24, 24, 24, 20, 20, 20, 20, 20, 20, 20, 20, 7, 7, 7, 7, 6, 6, 23, 23, 20, 20, 20, 20, 20, 20, 20, 20, 7, 12, 12, 6, 6, 23, 23, 23, 20, 20, 20, 20, 20, 20, 20, 20, 12, 12, 12, 6, 6, 23, 23, 23, 0, 0, 0, 0, 0, 0, 0, 0, 12, 12, 6, 6, 6, 23, 23, 23, 0, 0, 0, 0, 0, 0, 0, 0, 12, 30, 6, 6, 6, 23, 23, 23, 0, 0, 0, 0, 0, 0, 0, 0, 30, 6, 6, 6, 23, 23, 23, 23, 0, 0, 0, 0, 0, 0, 0, 0, 30, 6, 6, 6, 23, 23, 23, 23, 0, 0, 0, 0, 0, 0, 0, 0, 30, 6, 6, 6, 23, 23, 23, 23, 4, 4, 4, 4, 4, 4, 4, 4, 31, 9, 9, 26, 26, 26, 26, 26, 4, 4, 4, 4, 4, 4, 4, 4, 31, 9, 9, 26, 26, 26, 26, 26, 4, 4, 4, 4, 4, 4, 4, 4, 31, 9, 9, 9, 26, 26, 26, 26, 4, 4, 4, 4, 4, 4, 4, 4, 13, 31, 9, 9, 26, 26, 26, 26, 4, 4, 4, 4, 4, 4, 4, 4, 13, 13, 9, 9, 26, 26, 26, 26, 14, 14, 14, 14, 14, 14, 14, 14, 13, 13, 13, 9, 26, 26, 26, 26, 14, 14, 14, 14, 14, 14, 14, 14, 10, 13, 13, 9, 9, 26, 26, 26, 14, 14, 14, 14, 14, 14, 14, 14, 10, 10, 10, 10, 9, 26, 26, 26, 27, 27, 27, 27, 27, 27, 27, 27, 10, 10, 10, 10, 11, 11, 25, 25, 27, 27, 27, 27, 27, 27, 27, 27, 10, 10, 15, 11, 11, 25, 25, 25, 27, 27, 27, 27, 27, 27, 27, 27, 15, 15, 15, 11, 11, 25, 25, 25, 2, 2, 2, 2, 2, 2, 2, 2, 15, 15, 11, 11, 11, 25, 25, 25, 2, 2, 2, 2, 2, 2, 2, 2, 15, 15, 11, 11, 11, 25, 25, 25, 2, 2, 2, 2, 2, 2, 2, 2, 15, 11, 11, 11, 25, 25, 25, 25, 2, 2, 2, 2, 2, 2, 2, 2, 32, 11, 11, 11, 25, 25, 25, 25, 2, 2, 2, 2, 2, 2, 2, 2, 32, 11, 11, 11, 25, 25, 25, 25, 2, 2, 2, 2, 2, 2, 2, 2, 0, 0, 0, 0, 0, 0, 0, 0, 2, 2, 2, 2, 2, 2, 2, 2, 0, 0, 0, 0, 0, 0, 0, 0, 2, 2, 2, 2, 2, 2, 2, 2, 0, 0, 0, 0, 0, 0, 0, 0, 2, 2, 2, 2, 2, 2, 2, 2, 0, 0, 0, 0, 0, 0, 0, 0, 2, 2, 2, 2, 2, 2, 2, 1, 1, 0, 0, 0, 0, 0, 0, 0, 2, 2, 2, 2, 2, 18, 18, 1, 1, 1, 28, 0, 0, 0, 0, 0, 2, 2, 2, 2, 18, 18, 18, 1, 1, 1, 28, 28, 0, 0, 0, 0, 2, 2, 2, 18, 18, 18, 18, 1, 1, 1, 28, 28, 28, 28, 0, 0, 32, 32, 11, 11, 11, 25, 25, 22, 22, 23, 23, 6, 6, 6, 30, 30, 11, 11, 11, 11, 25, 25, 25, 22, 22, 23, 23, 23, 6, 6, 6, 6, 11, 11, 25, 25, 25, 25, 22, 22, 22, 22, 23, 23, 23, 23, 6, 6, 11, 25, 25, 25, 25, 25, 22, 22, 22, 22, 23, 23, 23, 23, 23, 6, 25, 25, 25, 25, 25, 25, 22, 22, 22, 22, 23, 23, 23, 23, 23, 23, 25, 25, 25, 25, 25, 22, 22, 22, 22, 22, 22, 23, 23, 23, 23, 23, 25, 25, 25, 25, 25, 22, 22, 22, 22, 22, 22, 23, 23, 23, 23, 23, 25, 25, 25, 25, 25, 22, 22, 22, 22, 22, 22, 23, 23, 23, 23, 23, 4, 4, 4, 4, 4, 4, 4, 4, 3, 3, 3, 3, 3, 3, 3, 3, 4, 4, 4, 4, 4, 4, 4, 4, 3, 3, 3, 3, 3, 3, 3, 3, 4, 4, 4, 4, 4, 4, 4, 4, 3, 3, 3, 3, 3, 3, 3, 3, 4, 4, 4, 4, 4, 4, 4, 4, 3, 3, 3, 3, 3, 3, 3, 3, 4, 4, 4, 4, 4, 4, 4, 5, 5, 3, 3, 3, 3, 3, 3, 3, 4, 4, 4, 4, 4, 29, 5, 5, 5, 19, 19, 3, 3, 3, 3, 3, 4, 4, 4, 4, 29, 29, 5, 5, 5, 19, 19, 19, 3, 3, 3, 3, 4, 4, 29, 29, 29, 29, 5, 5, 5, 19, 19, 19, 19, 3, 3, 3, 31, 31, 9, 9, 9, 26, 26, 21, 21, 24, 24, 8, 8, 8, 33, 33, 9, 9, 9, 26, 26, 26, 21, 21, 21, 24, 24, 24, 24, 8, 8, 8, 9, 9, 26, 26, 26, 26, 21, 21, 21, 24, 24, 24, 24, 24, 8, 8, 26, 26, 26, 26, 26, 21, 21, 21, 21, 21, 24, 24, 24, 24, 24, 8, 26, 26, 26, 26, 26, 21, 21, 21, 21, 21, 24, 24, 24, 24, 24, 24, 26, 26, 26, 26, 26, 21, 21, 21, 21, 21, 24, 24, 24, 24, 24, 24, 26, 26, 26, 26, 21, 21, 21, 21, 21, 21, 24, 24, 24, 24, 24, 24, 26, 26, 26, 26, 21, 21, 21, 21, 21, 21, 21, 24, 24, 24, 24, 24, 73, 67, 69, 1, 86, 65, 76, 69, 2, 0, 0, 0, 34, 0, 0, 0, 170, 0, 0, 0, 7, 0, 0, 0, 6, 6, 6, 6, 6, 6, 6, 6, 6, 6, 6, 7, 5, 5, 4, 5, 5, 4, 5, 5, 4, 5, 4, 4, 4, 5, 5, 4, 4, 4, 4, 4, 4, 4, 2, 1, 28, 30, 12, 20, 2, 18, 22, 23, 28, 0, 27, 15, 32, 18, 1, 0, 17, 16, 33, 19, 5, 4, 3, 5, 29, 31, 13, 14, 3, 19, 21, 26, 29, 4, 7, 12, 30, 28, 23, 8, 8, 16, 17, 20, 12, 6, 6, 24, 19, 33, 16, 7, 10, 13, 31, 29, 26, 11, 11, 15, 27, 14, 13, 9, 9, 26, 25, 18, 32, 15, 10, 7, 20, 0, 30, 6, 10, 14, 4, 31, 9, 4, 13, 10, 27, 11, 32, 2, 27, 10, 7, 8, 33, 3, 17, 20, 7, 16, 3, 2, 32, 11, 25, 1, 3, 33, 8, 24, 5, 0, 12, 7, 17, 22, 25, 26, 5, 24, 23, 1, 25, 21, 24, 6, 1, 22, 21, 19, 8, 23, 11, 26, 21, 22, 18, 9, 5, 21, 25, 11, 14, 10, 15, 2, 6, 30, 0, 1, 9, 31, 4, 5, 0, 28, 6, 12, 4, 29, 9, 13, 11, 18, 2, 15, 8, 19, 3, 16, 0, 0, 128, 191, 116, 11, 124, 60, 35, 105, 128, 60, 162, 132, 17, 60, 162, 132, 17, 60]
            }
        }

        over "Link15_cover"
        {
            over "collisions" (
                prepend apiSchemas = ["PhysxCookedDataAPI:convexHull"]
            )
            {
                uchar[] physxCookedData:convexHull:buffer = [9, 3, 63, 132, 38, 34, 202, 37, 97, 19, 12, 217, 2, 123, 206, 186, 130, 78, 88, 83, 1, 67, 86, 88, 77, 14, 0, 0, 0, 0, 0, 0, 0, 73, 67, 69, 1, 67, 76, 72, 76, 9, 0, 0, 0, 34, 0, 0, 0, 85, 128, 0, 0, 53, 0, 0, 0, 170, 0, 0, 0, 3, 120, 11, 61, 43, 166, 121, 188, 90, 245, 57, 188, 202, 236, 184, 60, 182, 240, 13, 187, 41, 162, 154, 188, 3, 120, 11, 61, 43, 166, 121, 60, 90, 245, 57, 188, 3, 120, 11, 61, 43, 166, 121, 188, 90, 245, 57, 60, 3, 120, 11, 61, 43, 166, 121, 60, 90, 245, 57, 60, 166, 85, 185, 60, 182, 240, 13, 59, 41, 162, 154, 60, 254, 42, 58, 187, 152, 15, 245, 187, 93, 21, 143, 188, 15, 159, 148, 60, 163, 149, 155, 188, 235, 58, 14, 58, 16, 58, 15, 187, 44, 44, 252, 187, 29, 79, 142, 60, 16, 58, 15, 187, 44, 44, 252, 59, 29, 79, 142, 60, 15, 159, 148, 60, 163, 149, 155, 60, 235, 58, 14, 186, 148, 95, 58, 187, 154, 5, 245, 59, 110, 22, 143, 188, 112, 178, 130, 60, 4, 169, 137, 188, 140, 69, 17, 188, 112, 178, 130, 60, 4, 169, 137, 60, 140, 69, 17, 60, 3, 120, 11, 61, 80, 16, 154, 60, 74, 53, 49, 59, 209, 166, 124, 60, 253, 73, 133, 60, 161, 192, 32, 188, 209, 166, 124, 60, 253, 73, 133, 188, 161, 192, 32, 60, 3, 120, 11, 61, 211, 136, 150, 188, 57, 70, 158, 59, 247, 47, 196, 60, 65, 91, 242, 59, 253, 94, 143, 188, 209, 152, 196, 60, 65, 91, 242, 187, 253, 94, 143, 60, 3, 120, 11, 61, 67, 140, 152, 188, 28, 72, 119, 187, 163, 149, 2, 188, 12, 180, 52, 58, 168, 139, 155, 60, 111, 18, 3, 188, 159, 57, 62, 34, 227, 165, 155, 188, 217, 196, 215, 187, 141, 223, 148, 187, 250, 33, 151, 188, 181, 198, 215, 187, 219, 220, 148, 187, 36, 34, 151, 60, 181, 198, 215, 187, 219, 220, 148, 59, 36, 34, 151, 188, 54, 179, 205, 187, 144, 128, 162, 59, 175, 64, 150, 60, 3, 120, 11, 61, 67, 140, 152, 60, 28, 72, 119, 187, 77, 7, 204, 60, 18, 19, 25, 188, 167, 135, 135, 188, 41, 112, 204, 60, 18, 19, 25, 60, 167, 135, 135, 60, 89, 80, 81, 60, 130, 61, 95, 188, 49, 244, 88, 188, 89, 80, 81, 60, 130, 61, 95, 60, 49, 244, 88, 60, 53, 60, 61, 60, 95, 41, 75, 60, 128, 220, 107, 188, 107, 144, 68, 60, 148, 125, 82, 188, 54, 88, 101, 60, 0, 0, 128, 63, 0, 0, 0, 0, 0, 0, 0, 0, 3, 120, 11, 189, 0, 0, 8, 22, 209, 99, 12, 63, 0, 0, 0, 0, 88, 18, 86, 191, 62, 184, 230, 188, 8, 0, 3, 21, 147, 209, 12, 63, 0, 0, 0, 0, 53, 202, 85, 63, 160, 21, 231, 188, 11, 0, 3, 22, 91, 134, 247, 190, 253, 23, 96, 191, 131, 130, 110, 59, 215, 183, 0, 188, 14, 0, 3, 14, 252, 113, 247, 190, 158, 29, 96, 63, 234, 42, 111, 59, 234, 185, 0, 188, 17, 0, 3, 20, 53, 61, 203, 190, 30, 249, 104, 191, 16, 92, 244, 189, 213, 32, 36, 188, 20, 0, 3, 14, 24, 59, 205, 190, 21, 148, 104, 63, 210, 197, 241, 61, 226, 128, 34, 188, 23, 0, 3, 20, 141, 149, 226, 60, 9, 138, 108, 63, 161, 75, 195, 62, 50, 132, 158, 188, 26, 0, 3, 12, 20, 120, 8, 189, 154, 163, 121, 63, 70, 69, 96, 62, 35, 203, 145, 188, 29, 0, 3, 20, 24, 59, 191, 190, 10, 249, 105, 63, 89, 128, 34, 190, 63, 201, 46, 188, 32, 0, 3, 17, 120, 108, 19, 189, 148, 48, 118, 191, 40, 42, 139, 62, 51, 123, 145, 188, 35, 0, 3, 27, 43, 238, 103, 60, 218, 164, 102, 191, 17, 12, 222, 62, 194, 187, 156, 188, 38, 0, 3, 15, 82, 6, 193, 190, 93, 170, 105, 191, 71, 22, 33, 62, 223, 91, 45, 188, 41, 0, 3, 27, 168, 186, 249, 62, 98, 215, 97, 61, 136, 9, 95, 191, 40, 241, 223, 188, 44, 0, 3, 21, 111, 204, 250, 62, 70, 240, 95, 189, 154, 190, 94, 63, 64, 92, 224, 188, 47, 0, 3, 22, 187, 39, 254, 60, 188, 197, 127, 191, 221, 209, 233, 60, 27, 47, 160, 188, 50, 0, 3, 10, 14, 126, 21, 189, 215, 166, 121, 191, 117, 134, 95, 190, 247, 84, 145, 188, 53, 0, 3, 14, 252, 31, 189, 60, 112, 174, 105, 191, 214, 191, 208, 190, 106, 74, 158, 188, 56, 0, 3, 13, 174, 24, 118, 191, 128, 0, 141, 190, 35, 109, 188, 59, 49, 108, 248, 187, 59, 0, 4, 14, 50, 73, 25, 191, 3, 9, 77, 191, 189, 167, 98, 54, 19, 110, 248, 187, 63, 0, 4, 14, 255, 93, 126, 186, 80, 40, 166, 190, 240, 36, 114, 63, 80, 21, 155, 188, 67, 0, 3, 18, 154, 38, 31, 60, 55, 131, 1, 190, 153, 238, 125, 63, 202, 240, 152, 188, 70, 0, 4, 25, 241, 25, 151, 187, 92, 140, 249, 189, 245, 22, 126, 191, 234, 201, 154, 188, 74, 0, 3, 5, 205, 78, 136, 185, 203, 166, 162, 62, 33, 189, 114, 191, 29, 36, 155, 188, 77, 0, 3, 19, 108, 193, 91, 60, 120, 218, 7, 62, 189, 182, 125, 191, 5, 97, 153, 188, 80, 0, 4, 24, 189, 95, 116, 191, 83, 134, 152, 62, 172, 162, 152, 187, 152, 35, 253, 187, 84, 0, 3, 20, 44, 22, 14, 191, 236, 241, 84, 63, 238, 245, 172, 59, 97, 131, 252, 187, 87, 0, 3, 20, 86, 215, 29, 191, 16, 140, 73, 63, 35, 6, 118, 187, 50, 130, 252, 187, 90, 0, 3, 20, 86, 238, 109, 191, 12, 239, 188, 62, 247, 124, 107, 59, 89, 78, 253, 187, 93, 0, 3, 20, 252, 246, 113, 187, 65, 171, 26, 62, 168, 15, 125, 63, 153, 218, 154, 188, 96, 0, 3, 1, 151, 241, 138, 60, 199, 181, 105, 63, 101, 198, 208, 190, 196, 153, 156, 188, 99, 0, 3, 16, 64, 8, 7, 189, 238, 39, 118, 63, 130, 153, 139, 190, 3, 234, 145, 188, 102, 0, 3, 17, 33, 72, 143, 60, 64, 219, 127, 63, 169, 228, 233, 188, 63, 57, 158, 188, 105, 0, 3, 7, 200, 121, 51, 60, 243, 105, 156, 190, 209, 190, 115, 191, 93, 173, 154, 188, 108, 0, 4, 26, 251, 200, 208, 62, 98, 113, 35, 190, 42, 38, 102, 191, 128, 66, 217, 188, 112, 0, 3, 21, 14, 175, 72, 60, 90, 27, 158, 62, 215, 119, 115, 63, 18, 208, 154, 188, 115, 0, 4, 23, 175, 6, 210, 62, 76, 85, 34, 62, 111, 234, 101, 63, 67, 183, 217, 188, 119, 0, 3, 22, 170, 194, 30, 188, 203, 243, 79, 191, 173, 72, 21, 191, 233, 233, 152, 188, 122, 0, 3, 4, 105, 80, 87, 190, 118, 115, 91, 191, 223, 169, 240, 190, 178, 85, 121, 188, 125, 0, 3, 4, 158, 213, 78, 188, 156, 130, 22, 191, 94, 14, 79, 191, 141, 10, 152, 188, 128, 0, 3, 29, 192, 79, 157, 60, 84, 226, 36, 191, 150, 196, 67, 191, 46, 219, 156, 188, 131, 0, 3, 31, 170, 194, 30, 188, 203, 243, 79, 63, 173, 72, 21, 63, 233, 233, 152, 188, 134, 0, 3, 0, 5, 250, 86, 190, 25, 113, 91, 63, 211, 197, 240, 62, 36, 113, 121, 188, 137, 0, 3, 0, 133, 233, 55, 188, 3, 36, 23, 63, 5, 154, 78, 63, 28, 69, 152, 188, 140, 0, 3, 28, 171, 45, 157, 60, 105, 233, 36, 63, 164, 190, 67, 63, 80, 219, 156, 188, 143, 0, 3, 30, 3, 40, 37, 190, 128, 38, 81, 63, 212, 186, 13, 191, 72, 5, 133, 188, 146, 0, 3, 3, 123, 210, 39, 188, 9, 174, 68, 63, 25, 217, 35, 191, 127, 141, 152, 188, 149, 0, 3, 3, 233, 246, 15, 61, 211, 162, 22, 63, 77, 203, 78, 191, 115, 92, 158, 188, 152, 0, 3, 8, 142, 246, 4, 58, 2, 58, 7, 63, 189, 94, 89, 191, 79, 215, 153, 188, 155, 0, 3, 8, 21, 106, 49, 190, 234, 189, 83, 191, 107, 223, 8, 63, 45, 85, 131, 188, 158, 0, 3, 2, 39, 247, 15, 188, 38, 18, 71, 191, 170, 240, 32, 63, 142, 17, 153, 188, 161, 0, 3, 2, 103, 121, 6, 61, 24, 43, 23, 191, 43, 110, 78, 63, 158, 215, 157, 188, 164, 0, 3, 11, 89, 122, 7, 59, 46, 58, 11, 191, 55, 212, 86, 63, 244, 171, 153, 188, 167, 0, 3, 32, 27, 14, 4, 3, 17, 20, 0, 2, 0, 1, 2, 3, 4, 5, 6, 7, 8, 9, 10, 11, 12, 7, 6, 13, 10, 9, 13, 4, 14, 13, 14, 10, 15, 11, 10, 16, 7, 17, 16, 17, 3, 16, 8, 7, 18, 2, 1, 19, 3, 5, 20, 17, 7, 20, 7, 12, 20, 12, 0, 21, 22, 23, 24, 24, 23, 6, 8, 24, 8, 19, 19, 5, 21, 24, 23, 22, 1, 25, 11, 18, 18, 1, 22, 25, 25, 22, 21, 26, 9, 11, 26, 11, 25, 26, 25, 21, 26, 21, 5, 27, 2, 15, 27, 15, 10, 27, 10, 14, 28, 6, 23, 1, 28, 1, 0, 29, 9, 26, 5, 29, 5, 4, 30, 0, 12, 30, 12, 6, 30, 6, 28, 30, 28, 0, 31, 4, 13, 31, 13, 9, 31, 9, 29, 31, 29, 4, 32, 11, 15, 32, 15, 2, 32, 2, 18, 32, 18, 11, 33, 8, 16, 33, 16, 3, 33, 3, 19, 33, 19, 8, 0, 32, 0, 7, 0, 2, 0, 11, 0, 15, 0, 17, 0, 1, 0, 30, 1, 34, 1, 13, 2, 36, 2, 14, 3, 5, 3, 12, 3, 19, 4, 6, 4, 9, 4, 26, 5, 16, 5, 38, 6, 8, 6, 42, 7, 41, 7, 8, 8, 32, 9, 45, 9, 31, 10, 12, 10, 15, 10, 11, 11, 50, 12, 49, 13, 47, 13, 24, 14, 51, 14, 21, 15, 16, 16, 17, 17, 37, 18, 25, 18, 22, 18, 19, 18, 21, 19, 33, 19, 20, 20, 52, 20, 21, 21, 29, 22, 24, 22, 33, 23, 27, 23, 48, 23, 24, 24, 25, 25, 28, 26, 35, 26, 27, 27, 28, 28, 29, 29, 35, 30, 46, 30, 31, 31, 32, 33, 39, 33, 34, 34, 40, 35, 43, 35, 36, 36, 44, 37, 40, 37, 38, 38, 39, 39, 40, 41, 44, 41, 42, 42, 43, 43, 44, 45, 48, 45, 46, 46, 47, 47, 48, 49, 52, 49, 50, 50, 51, 51, 52, 0, 1, 17, 1, 13, 22, 0, 1, 13, 0, 2, 11, 0, 2, 7, 2, 14, 21, 3, 5, 19, 3, 5, 10, 3, 12, 19, 4, 6, 26, 4, 6, 8, 4, 9, 23, 5, 16, 17, 6, 7, 8, 0, 7, 8, 9, 30, 31, 10, 11, 12, 0, 10, 11, 13, 23, 24, 14, 20, 21, 0, 15, 16, 18, 21, 25, 18, 22, 24, 18, 19, 22, 18, 19, 20, 23, 24, 25, 26, 27, 28, 0, 30, 31, 33, 34, 39, 35, 36, 43, 37, 38, 39, 41, 42, 43, 45, 46, 47, 49, 50, 51, 27, 0, 14, 0, 14, 0, 4, 0, 4, 0, 3, 0, 3, 0, 17, 0, 17, 0, 20, 0, 20, 0, 0, 0, 0, 0, 2, 0, 2, 0, 27, 0, 0, 0, 1, 0, 1, 0, 2, 0, 4, 0, 5, 0, 5, 0, 3, 0, 6, 0, 7, 0, 7, 0, 8, 0, 8, 0, 6, 0, 9, 0, 10, 0, 10, 0, 11, 0, 11, 0, 9, 0, 12, 0, 7, 0, 6, 0, 12, 0, 13, 0, 10, 0, 9, 0, 13, 0, 13, 0, 4, 0, 14, 0, 13, 0, 14, 0, 10, 0, 15, 0, 11, 0, 10, 0, 15, 0, 16, 0, 7, 0, 7, 0, 17, 0, 17, 0, 16, 0, 3, 0, 16, 0, 16, 0, 8, 0, 18, 0, 2, 0, 1, 0, 18, 0, 19, 0, 3, 0, 5, 0, 19, 0, 7, 0, 20, 0, 12, 0, 20, 0, 12, 0, 0, 0, 21, 0, 22, 0, 22, 0, 23, 0, 23, 0, 24, 0, 24, 0, 21, 0, 23, 0, 6, 0, 8, 0, 24, 0, 8, 0, 19, 0, 19, 0, 24, 0, 5, 0, 21, 0, 22, 0, 1, 0, 1, 0, 23, 0, 25, 0, 11, 0, 11, 0, 18, 0, 18, 0, 25, 0, 22, 0, 25, 0, 21, 0, 25, 0, 26, 0, 9, 0, 11, 0, 26, 0, 25, 0, 26, 0, 21, 0, 26, 0, 5, 0, 26, 0, 2, 0, 15, 0, 15, 0, 27, 0, 10, 0, 27, 0, 28, 0, 6, 0, 1, 0, 28, 0, 0, 0, 28, 0, 29, 0, 9, 0, 5, 0, 29, 0, 4, 0, 29, 0, 30, 0, 0, 0, 12, 0, 30, 0, 6, 0, 30, 0, 28, 0, 30, 0, 31, 0, 4, 0, 13, 0, 31, 0, 9, 0, 31, 0, 29, 0, 31, 0, 32, 0, 11, 0, 15, 0, 32, 0, 2, 0, 32, 0, 18, 0, 32, 0, 33, 0, 8, 0, 16, 0, 33, 0, 3, 0, 33, 0, 19, 0, 33, 0, 0, 0, 0, 0, 112, 18, 3, 188, 163, 149, 155, 188, 228, 165, 155, 188, 3, 120, 11, 61, 163, 149, 155, 60, 168, 139, 155, 60, 200, 122, 24, 56, 233, 45, 198, 49, 249, 185, 71, 44, 42, 187, 14, 171, 249, 185, 71, 44, 150, 205, 139, 50, 207, 227, 210, 172, 42, 187, 14, 171, 207, 227, 210, 172, 93, 59, 134, 50, 3, 43, 127, 60, 0, 19, 68, 52, 251, 128, 40, 183, 0, 0, 128, 63, 73, 67, 69, 1, 83, 85, 80, 77, 0, 0, 0, 0, 73, 67, 69, 1, 71, 65, 85, 83, 0, 0, 0, 0, 16, 0, 0, 0, 0, 6, 0, 0, 0, 0, 0, 0, 0, 20, 20, 20, 17, 17, 17, 17, 3, 3, 3, 3, 0, 0, 0, 0, 0, 20, 20, 20, 17, 17, 17, 3, 3, 3, 3, 3, 0, 0, 0, 0, 0, 0, 20, 20, 17, 17, 17, 3, 3, 3, 3, 3, 0, 0, 0, 0, 0, 0, 20, 20, 17, 17, 3, 3, 3, 3, 3, 3, 0, 0, 0, 0, 0, 0, 20, 20, 17, 17, 3, 3, 3, 3, 3, 3, 0, 0, 0, 0, 0, 0, 0, 20, 17, 3, 3, 3, 3, 3, 3, 3, 0, 0, 0, 0, 0, 0, 0, 20, 17, 3, 3, 3, 3, 3, 3, 3, 0, 0, 0, 0, 0, 0, 0, 0, 3, 3, 3, 3, 3, 3, 3, 3, 2, 2, 2, 2, 2, 2, 2, 2, 4, 4, 4, 4, 4, 4, 4, 4, 2, 2, 2, 2, 2, 2, 2, 27, 14, 4, 4, 4, 4, 4, 4, 4, 2, 2, 2, 2, 2, 2, 2, 27, 14, 4, 4, 4, 4, 4, 4, 4, 2, 2, 2, 2, 2, 2, 27, 27, 14, 4, 4, 4, 4, 4, 4, 4, 2, 2, 2, 2, 2, 2, 27, 27, 14, 14, 4, 4, 4, 4, 4, 4, 2, 2, 2, 2, 2, 2, 27, 27, 14, 14, 4, 4, 4, 4, 4, 4, 2, 2, 2, 2, 2, 27, 27, 27, 14, 14, 14, 4, 4, 4, 4, 4, 2, 2, 2, 2, 2, 27, 27, 27, 14, 14, 14, 4, 4, 4, 4, 4, 23, 23, 23, 23, 23, 23, 23, 23, 24, 24, 24, 24, 24, 24, 24, 24, 23, 23, 23, 23, 23, 23, 23, 23, 24, 24, 24, 24, 24, 24, 24, 24, 23, 23, 23, 23, 23, 23, 23, 23, 24, 24, 24, 24, 24, 24, 24, 24, 23, 23, 23, 23, 23, 23, 23, 23, 24, 24, 24, 24, 24, 24, 24, 24, 23, 23, 23, 23, 23, 23, 23, 23, 24, 24, 24, 24, 24, 24, 24, 24, 22, 22, 22, 22, 22, 22, 22, 23, 24, 24, 24, 24, 24, 21, 21, 21, 22, 22, 22, 22, 22, 22, 22, 22, 21, 21, 21, 21, 21, 21, 21, 21, 22, 22, 22, 22, 22, 22, 22, 22, 21, 21, 21, 21, 21, 21, 21, 21, 22, 22, 22, 22, 22, 22, 22, 22, 21, 21, 21, 21, 21, 21, 21, 21, 22, 22, 22, 22, 22, 22, 22, 22, 21, 21, 21, 21, 21, 21, 21, 21, 22, 22, 22, 22, 22, 22, 22, 25, 21, 21, 21, 21, 21, 21, 21, 21, 25, 25, 25, 25, 25, 25, 25, 25, 26, 26, 26, 21, 21, 21, 21, 21, 25, 25, 25, 25, 25, 25, 25, 25, 26, 26, 26, 26, 26, 26, 26, 26, 25, 25, 25, 25, 25, 25, 25, 25, 26, 26, 26, 26, 26, 26, 26, 26, 25, 25, 25, 25, 25, 25, 25, 25, 26, 26, 26, 26, 26, 26, 26, 26, 25, 25, 25, 25, 25, 25, 25, 25, 26, 26, 26, 26, 26, 26, 26, 26, 25, 25, 25, 25, 11, 11, 11, 32, 2, 2, 2, 2, 2, 2, 2, 2, 25, 25, 25, 25, 11, 11, 11, 32, 2, 2, 2, 2, 2, 2, 2, 2, 25, 25, 25, 25, 11, 11, 11, 15, 2, 2, 2, 2, 2, 2, 2, 2, 25, 25, 25, 11, 11, 11, 15, 15, 2, 2, 2, 2, 2, 2, 2, 2, 25, 25, 25, 11, 11, 11, 15, 15, 2, 2, 2, 2, 2, 2, 2, 2, 25, 25, 25, 11, 11, 15, 15, 15, 27, 27, 27, 27, 27, 27, 27, 27, 25, 25, 25, 11, 11, 15, 10, 10, 27, 27, 27, 27, 27, 27, 27, 27, 25, 25, 11, 11, 10, 10, 10, 10, 27, 27, 27, 27, 27, 27, 27, 27, 26, 26, 26, 9, 10, 10, 10, 10, 14, 14, 14, 14, 14, 14, 14, 14, 26, 26, 26, 9, 9, 13, 13, 10, 14, 14, 14, 14, 14, 14, 14, 14, 26, 26, 26, 26, 9, 13, 13, 13, 14, 14, 14, 14, 14, 14, 14, 14, 26, 26, 26, 26, 9, 9, 13, 13, 4, 4, 4, 4, 4, 4, 4, 4, 26, 26, 26, 26, 9, 9, 31, 13, 4, 4, 4, 4, 4, 4, 4, 4, 26, 26, 26, 26, 9, 9, 9, 31, 4, 4, 4, 4, 4, 4, 4, 4, 26, 26, 26, 26, 26, 9, 9, 31, 4, 4, 4, 4, 4, 4, 4, 4, 26, 26, 26, 26, 26, 9, 9, 31, 4, 4, 4, 4, 4, 4, 4, 4, 23, 23, 23, 23, 6, 6, 6, 30, 0, 0, 0, 0, 0, 0, 0, 0, 23, 23, 23, 23, 6, 6, 6, 30, 0, 0, 0, 0, 0, 0, 0, 0, 23, 23, 23, 23, 6, 6, 6, 30, 0, 0, 0, 0, 0, 0, 0, 0, 23, 23, 23, 6, 6, 6, 30, 12, 0, 0, 0, 0, 0, 0, 0, 0, 23, 23, 23, 6, 6, 6, 12, 12, 0, 0, 0, 0, 0, 0, 0, 0, 23, 23, 23, 6, 6, 12, 12, 12, 20, 20, 20, 20, 20, 20, 20, 20, 23, 23, 23, 6, 6, 12, 12, 7, 20, 20, 20, 20, 20, 20, 20, 20, 23, 23, 6, 6, 7, 7, 7, 7, 20, 20, 20, 20, 20, 20, 20, 20, 24, 24, 24, 8, 7, 7, 7, 7, 17, 17, 17, 17, 17, 17, 17, 17, 24, 24, 24, 8, 8, 16, 7, 7, 17, 17, 17, 17, 17, 17, 17, 17, 24, 24, 24, 8, 8, 16, 16, 16, 17, 17, 17, 17, 17, 17, 17, 17, 24, 24, 24, 8, 8, 8, 16, 16, 17, 17, 17, 17, 17, 17, 17, 17, 24, 24, 24, 24, 8, 8, 16, 16, 3, 3, 3, 3, 3, 3, 3, 3, 24, 24, 24, 24, 8, 8, 8, 16, 3, 3, 3, 3, 3, 3, 3, 3, 24, 24, 24, 24, 8, 8, 8, 33, 3, 3, 3, 3, 3, 3, 3, 3, 24, 24, 24, 24, 8, 8, 8, 33, 3, 3, 3, 3, 3, 3, 3, 3, 24, 24, 24, 24, 24, 21, 21, 21, 21, 21, 21, 21, 26, 26, 26, 26, 24, 24, 24, 24, 24, 24, 21, 21, 21, 21, 21, 21, 26, 26, 26, 26, 24, 24, 24, 24, 24, 24, 21, 21, 21, 21, 21, 26, 26, 26, 26, 26, 24, 24, 24, 24, 24, 24, 21, 21, 21, 21, 21, 26, 26, 26, 26, 26, 8, 24, 24, 24, 24, 24, 21, 21, 21, 21, 21, 26, 26, 26, 26, 26, 8, 8, 24, 24, 24, 24, 24, 21, 21, 21, 26, 26, 26, 26, 9, 9, 8, 8, 8, 24, 24, 24, 24, 21, 21, 21, 26, 26, 26, 9, 9, 9, 33, 33, 8, 8, 8, 24, 24, 21, 21, 26, 26, 9, 9, 9, 31, 31, 3, 3, 3, 19, 19, 19, 19, 5, 5, 5, 29, 29, 29, 29, 4, 4, 3, 3, 3, 3, 19, 19, 19, 5, 5, 5, 29, 29, 4, 4, 4, 4, 3, 3, 3, 3, 3, 19, 19, 5, 5, 5, 29, 4, 4, 4, 4, 4, 3, 3, 3, 3, 3, 3, 3, 5, 5, 4, 4, 4, 4, 4, 4, 4, 3, 3, 3, 3, 3, 3, 3, 3, 4, 4, 4, 4, 4, 4, 4, 4, 3, 3, 3, 3, 3, 3, 3, 3, 4, 4, 4, 4, 4, 4, 4, 4, 3, 3, 3, 3, 3, 3, 3, 3, 4, 4, 4, 4, 4, 4, 4, 4, 3, 3, 3, 3, 3, 3, 3, 3, 4, 4, 4, 4, 4, 4, 4, 4, 23, 23, 23, 23, 23, 22, 22, 22, 22, 22, 22, 25, 25, 25, 25, 25, 23, 23, 23, 23, 23, 22, 22, 22, 22, 22, 22, 25, 25, 25, 25, 25, 23, 23, 23, 23, 23, 22, 22, 22, 22, 22, 22, 25, 25, 25, 25, 25, 23, 23, 23, 23, 23, 23, 22, 22, 22, 22, 25, 25, 25, 25, 25, 25, 6, 23, 23, 23, 23, 23, 22, 22, 22, 22, 25, 25, 25, 25, 25, 11, 6, 6, 23, 23, 23, 23, 22, 22, 22, 22, 25, 25, 25, 25, 11, 11, 6, 6, 6, 6, 23, 23, 23, 22, 22, 25, 25, 25, 11, 11, 11, 11, 30, 30, 6, 6, 6, 23, 23, 22, 22, 25, 25, 11, 11, 11, 32, 32, 0, 0, 28, 28, 28, 28, 1, 1, 1, 18, 18, 18, 18, 2, 2, 2, 0, 0, 0, 0, 28, 28, 1, 1, 1, 18, 18, 18, 2, 2, 2, 2, 0, 0, 0, 0, 0, 28, 1, 1, 1, 18, 18, 2, 2, 2, 2, 2, 0, 0, 0, 0, 0, 0, 0, 1, 1, 2, 2, 2, 2, 2, 2, 2, 0, 0, 0, 0, 0, 0, 0, 0, 2, 2, 2, 2, 2, 2, 2, 2, 0, 0, 0, 0, 0, 0, 0, 0, 2, 2, 2, 2, 2, 2, 2, 2, 0, 0, 0, 0, 0, 0, 0, 0, 2, 2, 2, 2, 2, 2, 2, 2, 0, 0, 0, 0, 0, 0, 0, 0, 2, 2, 2, 2, 2, 2, 2, 2, 26, 26, 26, 26, 26, 26, 26, 26, 25, 25, 25, 25, 25, 25, 25, 25, 26, 26, 26, 26, 26, 26, 26, 26, 25, 25, 25, 25, 25, 25, 25, 25, 26, 26, 26, 26, 26, 26, 26, 26, 25, 25, 25, 25, 25, 25, 25, 25, 26, 26, 26, 26, 26, 26, 26, 26, 25, 25, 25, 25, 25, 25, 25, 25, 21, 21, 21, 21, 21, 26, 26, 26, 25, 25, 25, 25, 25, 25, 25, 25, 21, 21, 21, 21, 21, 21, 21, 21, 25, 22, 22, 22, 22, 22, 22, 22, 21, 21, 21, 21, 21, 21, 21, 21, 22, 22, 22, 22, 22, 22, 22, 22, 21, 21, 21, 21, 21, 21, 21, 21, 22, 22, 22, 22, 22, 22, 22, 22, 21, 21, 21, 21, 21, 21, 21, 21, 22, 22, 22, 22, 22, 22, 22, 22, 21, 21, 21, 21, 21, 21, 21, 21, 22, 22, 22, 22, 22, 22, 22, 22, 21, 21, 21, 24, 24, 24, 24, 24, 23, 22, 22, 22, 22, 22, 22, 22, 24, 24, 24, 24, 24, 24, 24, 24, 23, 23, 23, 23, 23, 23, 23, 23, 24, 24, 24, 24, 24, 24, 24, 24, 23, 23, 23, 23, 23, 23, 23, 23, 24, 24, 24, 24, 24, 24, 24, 24, 23, 23, 23, 23, 23, 23, 23, 23, 24, 24, 24, 24, 24, 24, 24, 24, 23, 23, 23, 23, 23, 23, 23, 23, 24, 24, 24, 24, 24, 24, 24, 24, 23, 23, 23, 23, 23, 23, 23, 23, 4, 4, 4, 4, 4, 14, 14, 14, 27, 27, 27, 2, 2, 2, 2, 2, 4, 4, 4, 4, 4, 14, 14, 14, 27, 27, 27, 2, 2, 2, 2, 2, 4, 4, 4, 4, 4, 4, 14, 14, 27, 27, 2, 2, 2, 2, 2, 2, 4, 4, 4, 4, 4, 4, 14, 14, 27, 27, 2, 2, 2, 2, 2, 2, 4, 4, 4, 4, 4, 4, 4, 14, 27, 27, 2, 2, 2, 2, 2, 2, 4, 4, 4, 4, 4, 4, 4, 14, 27, 2, 2, 2, 2, 2, 2, 2, 4, 4, 4, 4, 4, 4, 4, 14, 27, 2, 2, 2, 2, 2, 2, 2, 4, 4, 4, 4, 4, 4, 4, 4, 2, 2, 2, 2, 2, 2, 2, 2, 3, 3, 3, 3, 3, 3, 3, 3, 0, 0, 0, 0, 0, 0, 0, 0, 3, 3, 3, 3, 3, 3, 3, 17, 20, 0, 0, 0, 0, 0, 0, 0, 3, 3, 3, 3, 3, 3, 3, 17, 20, 0, 0, 0, 0, 0, 0, 0, 3, 3, 3, 3, 3, 3, 17, 17, 20, 20, 0, 0, 0, 0, 0, 0, 3, 3, 3, 3, 3, 3, 17, 17, 20, 20, 0, 0, 0, 0, 0, 0, 3, 3, 3, 3, 3, 17, 17, 17, 20, 20, 0, 0, 0, 0, 0, 0, 3, 3, 3, 3, 3, 17, 17, 17, 20, 20, 20, 0, 0, 0, 0, 0, 3, 3, 3, 3, 17, 17, 17, 17, 20, 20, 20, 0, 0, 0, 0, 0, 3, 3, 3, 3, 3, 3, 3, 3, 33, 8, 8, 8, 24, 24, 24, 24, 3, 3, 3, 3, 3, 3, 3, 3, 33, 8, 8, 8, 24, 24, 24, 24, 3, 3, 3, 3, 3, 3, 3, 3, 16, 8, 8, 8, 24, 24, 24, 24, 3, 3, 3, 3, 3, 3, 3, 3, 16, 16, 8, 8, 24, 24, 24, 24, 17, 17, 17, 17, 17, 17, 17, 17, 16, 16, 8, 8, 8, 24, 24, 24, 17, 17, 17, 17, 17, 17, 17, 17, 16, 16, 16, 8, 8, 24, 24, 24, 17, 17, 17, 17, 17, 17, 17, 17, 7, 7, 16, 8, 8, 24, 24, 24, 17, 17, 17, 17, 17, 17, 17, 17, 7, 7, 7, 7, 8, 24, 24, 24, 20, 20, 20, 20, 20, 20, 20, 20, 7, 7, 7, 7, 6, 6, 23, 23, 20, 20, 20, 20, 20, 20, 20, 20, 7, 12, 12, 6, 6, 23, 23, 23, 20, 20, 20, 20, 20, 20, 20, 20, 12, 12, 12, 6, 6, 23, 23, 23, 0, 0, 0, 0, 0, 0, 0, 0, 12, 12, 6, 6, 6, 23, 23, 23, 0, 0, 0, 0, 0, 0, 0, 0, 12, 30, 6, 6, 6, 23, 23, 23, 0, 0, 0, 0, 0, 0, 0, 0, 30, 6, 6, 6, 23, 23, 23, 23, 0, 0, 0, 0, 0, 0, 0, 0, 30, 6, 6, 6, 23, 23, 23, 23, 0, 0, 0, 0, 0, 0, 0, 0, 30, 6, 6, 6, 23, 23, 23, 23, 4, 4, 4, 4, 4, 4, 4, 4, 31, 9, 9, 26, 26, 26, 26, 26, 4, 4, 4, 4, 4, 4, 4, 4, 31, 9, 9, 26, 26, 26, 26, 26, 4, 4, 4, 4, 4, 4, 4, 4, 31, 9, 9, 9, 26, 26, 26, 26, 4, 4, 4, 4, 4, 4, 4, 4, 13, 31, 9, 9, 26, 26, 26, 26, 4, 4, 4, 4, 4, 4, 4, 4, 13, 13, 9, 9, 26, 26, 26, 26, 14, 14, 14, 14, 14, 14, 14, 14, 13, 13, 13, 9, 26, 26, 26, 26, 14, 14, 14, 14, 14, 14, 14, 14, 10, 13, 13, 9, 9, 26, 26, 26, 14, 14, 14, 14, 14, 14, 14, 14, 10, 10, 10, 10, 9, 26, 26, 26, 27, 27, 27, 27, 27, 27, 27, 27, 10, 10, 10, 10, 11, 11, 25, 25, 27, 27, 27, 27, 27, 27, 27, 27, 10, 10, 15, 11, 11, 25, 25, 25, 27, 27, 27, 27, 27, 27, 27, 27, 15, 15, 15, 11, 11, 25, 25, 25, 2, 2, 2, 2, 2, 2, 2, 2, 15, 15, 11, 11, 11, 25, 25, 25, 2, 2, 2, 2, 2, 2, 2, 2, 15, 15, 11, 11, 11, 25, 25, 25, 2, 2, 2, 2, 2, 2, 2, 2, 15, 11, 11, 11, 25, 25, 25, 25, 2, 2, 2, 2, 2, 2, 2, 2, 32, 11, 11, 11, 25, 25, 25, 25, 2, 2, 2, 2, 2, 2, 2, 2, 32, 11, 11, 11, 25, 25, 25, 25, 2, 2, 2, 2, 2, 2, 2, 2, 0, 0, 0, 0, 0, 0, 0, 0, 2, 2, 2, 2, 2, 2, 2, 2, 0, 0, 0, 0, 0, 0, 0, 0, 2, 2, 2, 2, 2, 2, 2, 2, 0, 0, 0, 0, 0, 0, 0, 0, 2, 2, 2, 2, 2, 2, 2, 2, 0, 0, 0, 0, 0, 0, 0, 0, 2, 2, 2, 2, 2, 2, 2, 1, 1, 0, 0, 0, 0, 0, 0, 0, 2, 2, 2, 2, 2, 18, 18, 1, 1, 1, 28, 0, 0, 0, 0, 0, 2, 2, 2, 2, 18, 18, 18, 1, 1, 1, 28, 28, 0, 0, 0, 0, 2, 2, 2, 18, 18, 18, 18, 1, 1, 1, 28, 28, 28, 28, 0, 0, 32, 32, 11, 11, 11, 25, 25, 22, 22, 23, 23, 6, 6, 6, 30, 30, 11, 11, 11, 11, 25, 25, 25, 22, 22, 23, 23, 23, 6, 6, 6, 6, 11, 11, 25, 25, 25, 25, 22, 22, 22, 22, 23, 23, 23, 23, 6, 6, 11, 25, 25, 25, 25, 25, 22, 22, 22, 22, 23, 23, 23, 23, 23, 6, 25, 25, 25, 25, 25, 25, 22, 22, 22, 22, 23, 23, 23, 23, 23, 23, 25, 25, 25, 25, 25, 22, 22, 22, 22, 22, 22, 23, 23, 23, 23, 23, 25, 25, 25, 25, 25, 22, 22, 22, 22, 22, 22, 23, 23, 23, 23, 23, 25, 25, 25, 25, 25, 22, 22, 22, 22, 22, 22, 23, 23, 23, 23, 23, 4, 4, 4, 4, 4, 4, 4, 4, 3, 3, 3, 3, 3, 3, 3, 3, 4, 4, 4, 4, 4, 4, 4, 4, 3, 3, 3, 3, 3, 3, 3, 3, 4, 4, 4, 4, 4, 4, 4, 4, 3, 3, 3, 3, 3, 3, 3, 3, 4, 4, 4, 4, 4, 4, 4, 4, 3, 3, 3, 3, 3, 3, 3, 3, 4, 4, 4, 4, 4, 4, 4, 5, 5, 3, 3, 3, 3, 3, 3, 3, 4, 4, 4, 4, 4, 29, 5, 5, 5, 19, 19, 3, 3, 3, 3, 3, 4, 4, 4, 4, 29, 29, 5, 5, 5, 19, 19, 19, 3, 3, 3, 3, 4, 4, 29, 29, 29, 29, 5, 5, 5, 19, 19, 19, 19, 3, 3, 3, 31, 31, 9, 9, 9, 26, 26, 21, 21, 24, 24, 8, 8, 8, 33, 33, 9, 9, 9, 26, 26, 26, 21, 21, 21, 24, 24, 24, 24, 8, 8, 8, 9, 9, 26, 26, 26, 26, 21, 21, 21, 24, 24, 24, 24, 24, 8, 8, 26, 26, 26, 26, 26, 21, 21, 21, 21, 21, 24, 24, 24, 24, 24, 8, 26, 26, 26, 26, 26, 21, 21, 21, 21, 21, 24, 24, 24, 24, 24, 24, 26, 26, 26, 26, 26, 21, 21, 21, 21, 21, 24, 24, 24, 24, 24, 24, 26, 26, 26, 26, 21, 21, 21, 21, 21, 21, 24, 24, 24, 24, 24, 24, 26, 26, 26, 26, 21, 21, 21, 21, 21, 21, 21, 24, 24, 24, 24, 24, 73, 67, 69, 1, 86, 65, 76, 69, 2, 0, 0, 0, 34, 0, 0, 0, 170, 0, 0, 0, 7, 0, 0, 0, 6, 6, 6, 6, 6, 6, 6, 6, 6, 6, 6, 7, 5, 5, 4, 5, 5, 4, 5, 5, 4, 5, 4, 4, 4, 5, 5, 4, 4, 4, 4, 4, 4, 4, 2, 1, 28, 30, 12, 20, 2, 18, 22, 23, 28, 0, 27, 15, 32, 18, 1, 0, 17, 16, 33, 19, 5, 4, 3, 5, 29, 31, 13, 14, 3, 19, 21, 26, 29, 4, 7, 12, 30, 28, 23, 8, 8, 16, 17, 20, 12, 6, 6, 24, 19, 33, 16, 7, 10, 13, 31, 29, 26, 11, 11, 15, 27, 14, 13, 9, 9, 26, 25, 18, 32, 15, 10, 7, 20, 0, 30, 6, 10, 14, 4, 31, 9, 4, 13, 10, 27, 11, 32, 2, 27, 10, 7, 8, 33, 3, 17, 20, 7, 16, 3, 2, 32, 11, 25, 1, 3, 33, 8, 24, 5, 0, 12, 7, 17, 22, 25, 26, 5, 24, 23, 1, 25, 21, 24, 6, 1, 22, 21, 19, 8, 23, 11, 26, 21, 22, 18, 9, 5, 21, 25, 11, 14, 10, 15, 2, 6, 30, 0, 1, 9, 31, 4, 5, 0, 28, 6, 12, 4, 29, 9, 13, 11, 18, 2, 15, 8, 19, 3, 16, 0, 0, 128, 191, 116, 11, 124, 60, 35, 105, 128, 60, 162, 132, 17, 60, 162, 132, 17, 60]
            }
        }

        over "Link14_cover"
        {
            over "collisions" (
                prepend apiSchemas = ["PhysxCookedDataAPI:convexHull"]
            )
            {
                uchar[] physxCookedData:convexHull:buffer = [9, 243, 61, 141, 94, 71, 196, 62, 110, 119, 200, 202, 229, 137, 214, 101, 242, 78, 88, 83, 1, 67, 86, 88, 77, 14, 0, 0, 0, 0, 0, 0, 0, 73, 67, 69, 1, 67, 76, 72, 76, 9, 0, 0, 0, 34, 0, 0, 0, 85, 128, 0, 0, 53, 0, 0, 0, 170, 0, 0, 0, 3, 120, 11, 61, 43, 166, 121, 188, 90, 245, 57, 188, 202, 236, 184, 60, 182, 240, 13, 187, 41, 162, 154, 188, 3, 120, 11, 61, 43, 166, 121, 60, 90, 245, 57, 188, 3, 120, 11, 61, 43, 166, 121, 188, 90, 245, 57, 60, 3, 120, 11, 61, 43, 166, 121, 60, 90, 245, 57, 60, 166, 85, 185, 60, 182, 240, 13, 59, 41, 162, 154, 60, 254, 42, 58, 187, 152, 15, 245, 187, 93, 21, 143, 188, 15, 159, 148, 60, 163, 149, 155, 188, 235, 58, 14, 58, 16, 58, 15, 187, 44, 44, 252, 187, 29, 79, 142, 60, 16, 58, 15, 187, 44, 44, 252, 59, 29, 79, 142, 60, 15, 159, 148, 60, 163, 149, 155, 60, 235, 58, 14, 186, 148, 95, 58, 187, 154, 5, 245, 59, 110, 22, 143, 188, 112, 178, 130, 60, 4, 169, 137, 188, 140, 69, 17, 188, 112, 178, 130, 60, 4, 169, 137, 60, 140, 69, 17, 60, 3, 120, 11, 61, 80, 16, 154, 60, 74, 53, 49, 59, 209, 166, 124, 60, 253, 73, 133, 60, 161, 192, 32, 188, 209, 166, 124, 60, 253, 73, 133, 188, 161, 192, 32, 60, 3, 120, 11, 61, 211, 136, 150, 188, 57, 70, 158, 59, 247, 47, 196, 60, 65, 91, 242, 59, 253, 94, 143, 188, 209, 152, 196, 60, 65, 91, 242, 187, 253, 94, 143, 60, 3, 120, 11, 61, 67, 140, 152, 188, 28, 72, 119, 187, 163, 149, 2, 188, 12, 180, 52, 58, 168, 139, 155, 60, 111, 18, 3, 188, 27, 6, 117, 34, 227, 165, 155, 188, 217, 196, 215, 187, 141, 223, 148, 187, 250, 33, 151, 188, 181, 198, 215, 187, 219, 220, 148, 187, 36, 34, 151, 60, 181, 198, 215, 187, 219, 220, 148, 59, 36, 34, 151, 188, 54, 179, 205, 187, 144, 128, 162, 59, 175, 64, 150, 60, 3, 120, 11, 61, 67, 140, 152, 60, 28, 72, 119, 187, 77, 7, 204, 60, 18, 19, 25, 188, 167, 135, 135, 188, 41, 112, 204, 60, 18, 19, 25, 60, 167, 135, 135, 60, 89, 80, 81, 60, 130, 61, 95, 188, 49, 244, 88, 188, 89, 80, 81, 60, 130, 61, 95, 60, 49, 244, 88, 60, 53, 60, 61, 60, 95, 41, 75, 60, 128, 220, 107, 188, 107, 144, 68, 60, 148, 125, 82, 188, 54, 88, 101, 60, 0, 0, 128, 63, 0, 0, 0, 0, 0, 0, 0, 0, 3, 120, 11, 189, 0, 0, 8, 22, 209, 99, 12, 63, 0, 0, 0, 0, 88, 18, 86, 191, 62, 184, 230, 188, 8, 0, 3, 21, 147, 209, 12, 63, 0, 0, 0, 0, 53, 202, 85, 63, 160, 21, 231, 188, 11, 0, 3, 22, 91, 134, 247, 190, 253, 23, 96, 191, 131, 130, 110, 59, 215, 183, 0, 188, 14, 0, 3, 14, 252, 113, 247, 190, 158, 29, 96, 63, 234, 42, 111, 59, 234, 185, 0, 188, 17, 0, 3, 20, 53, 61, 203, 190, 30, 249, 104, 191, 16, 92, 244, 189, 213, 32, 36, 188, 20, 0, 3, 14, 24, 59, 205, 190, 21, 148, 104, 63, 210, 197, 241, 61, 226, 128, 34, 188, 23, 0, 3, 20, 141, 149, 226, 60, 9, 138, 108, 63, 161, 75, 195, 62, 50, 132, 158, 188, 26, 0, 3, 12, 20, 120, 8, 189, 154, 163, 121, 63, 70, 69, 96, 62, 35, 203, 145, 188, 29, 0, 3, 20, 24, 59, 191, 190, 10, 249, 105, 63, 89, 128, 34, 190, 63, 201, 46, 188, 32, 0, 3, 17, 120, 108, 19, 189, 148, 48, 118, 191, 40, 42, 139, 62, 51, 123, 145, 188, 35, 0, 3, 27, 43, 238, 103, 60, 218, 164, 102, 191, 17, 12, 222, 62, 194, 187, 156, 188, 38, 0, 3, 15, 82, 6, 193, 190, 93, 170, 105, 191, 71, 22, 33, 62, 223, 91, 45, 188, 41, 0, 3, 27, 168, 186, 249, 62, 98, 215, 97, 61, 136, 9, 95, 191, 40, 241, 223, 188, 44, 0, 3, 21, 111, 204, 250, 62, 70, 240, 95, 189, 154, 190, 94, 63, 64, 92, 224, 188, 47, 0, 3, 22, 187, 39, 254, 60, 188, 197, 127, 191, 221, 209, 233, 60, 27, 47, 160, 188, 50, 0, 3, 10, 14, 126, 21, 189, 215, 166, 121, 191, 117, 134, 95, 190, 247, 84, 145, 188, 53, 0, 3, 14, 252, 31, 189, 60, 112, 174, 105, 191, 214, 191, 208, 190, 106, 74, 158, 188, 56, 0, 3, 13, 174, 24, 118, 191, 128, 0, 141, 190, 35, 109, 188, 59, 49, 108, 248, 187, 59, 0, 4, 14, 50, 73, 25, 191, 3, 9, 77, 191, 189, 167, 98, 54, 19, 110, 248, 187, 63, 0, 4, 14, 255, 93, 126, 186, 80, 40, 166, 190, 240, 36, 114, 63, 80, 21, 155, 188, 67, 0, 3, 18, 154, 38, 31, 60, 55, 131, 1, 190, 153, 238, 125, 63, 202, 240, 152, 188, 70, 0, 4, 25, 241, 25, 151, 187, 92, 140, 249, 189, 245, 22, 126, 191, 234, 201, 154, 188, 74, 0, 3, 5, 205, 78, 136, 185, 203, 166, 162, 62, 33, 189, 114, 191, 29, 36, 155, 188, 77, 0, 3, 19, 108, 193, 91, 60, 120, 218, 7, 62, 189, 182, 125, 191, 5, 97, 153, 188, 80, 0, 4, 24, 189, 95, 116, 191, 83, 134, 152, 62, 172, 162, 152, 187, 152, 35, 253, 187, 84, 0, 3, 20, 44, 22, 14, 191, 236, 241, 84, 63, 238, 245, 172, 59, 97, 131, 252, 187, 87, 0, 3, 20, 86, 215, 29, 191, 16, 140, 73, 63, 35, 6, 118, 187, 50, 130, 252, 187, 90, 0, 3, 20, 86, 238, 109, 191, 12, 239, 188, 62, 247, 124, 107, 59, 89, 78, 253, 187, 93, 0, 3, 20, 252, 246, 113, 187, 65, 171, 26, 62, 168, 15, 125, 63, 153, 218, 154, 188, 96, 0, 3, 1, 151, 241, 138, 60, 199, 181, 105, 63, 101, 198, 208, 190, 196, 153, 156, 188, 99, 0, 3, 16, 64, 8, 7, 189, 238, 39, 118, 63, 130, 153, 139, 190, 3, 234, 145, 188, 102, 0, 3, 17, 33, 72, 143, 60, 64, 219, 127, 63, 169, 228, 233, 188, 63, 57, 158, 188, 105, 0, 3, 7, 200, 121, 51, 60, 243, 105, 156, 190, 209, 190, 115, 191, 93, 173, 154, 188, 108, 0, 4, 26, 251, 200, 208, 62, 98, 113, 35, 190, 42, 38, 102, 191, 128, 66, 217, 188, 112, 0, 3, 21, 14, 175, 72, 60, 90, 27, 158, 62, 215, 119, 115, 63, 18, 208, 154, 188, 115, 0, 4, 23, 175, 6, 210, 62, 76, 85, 34, 62, 111, 234, 101, 63, 67, 183, 217, 188, 119, 0, 3, 22, 170, 194, 30, 188, 203, 243, 79, 191, 173, 72, 21, 191, 233, 233, 152, 188, 122, 0, 3, 4, 105, 80, 87, 190, 118, 115, 91, 191, 223, 169, 240, 190, 178, 85, 121, 188, 125, 0, 3, 4, 158, 213, 78, 188, 156, 130, 22, 191, 94, 14, 79, 191, 141, 10, 152, 188, 128, 0, 3, 29, 192, 79, 157, 60, 84, 226, 36, 191, 150, 196, 67, 191, 46, 219, 156, 188, 131, 0, 3, 31, 170, 194, 30, 188, 203, 243, 79, 63, 173, 72, 21, 63, 233, 233, 152, 188, 134, 0, 3, 0, 5, 250, 86, 190, 25, 113, 91, 63, 211, 197, 240, 62, 36, 113, 121, 188, 137, 0, 3, 0, 133, 233, 55, 188, 3, 36, 23, 63, 5, 154, 78, 63, 28, 69, 152, 188, 140, 0, 3, 28, 171, 45, 157, 60, 105, 233, 36, 63, 164, 190, 67, 63, 80, 219, 156, 188, 143, 0, 3, 30, 3, 40, 37, 190, 128, 38, 81, 63, 212, 186, 13, 191, 72, 5, 133, 188, 146, 0, 3, 3, 123, 210, 39, 188, 9, 174, 68, 63, 25, 217, 35, 191, 127, 141, 152, 188, 149, 0, 3, 3, 233, 246, 15, 61, 211, 162, 22, 63, 77, 203, 78, 191, 115, 92, 158, 188, 152, 0, 3, 8, 142, 246, 4, 58, 2, 58, 7, 63, 189, 94, 89, 191, 79, 215, 153, 188, 155, 0, 3, 8, 21, 106, 49, 190, 234, 189, 83, 191, 107, 223, 8, 63, 45, 85, 131, 188, 158, 0, 3, 2, 39, 247, 15, 188, 38, 18, 71, 191, 170, 240, 32, 63, 142, 17, 153, 188, 161, 0, 3, 2, 103, 121, 6, 61, 24, 43, 23, 191, 43, 110, 78, 63, 158, 215, 157, 188, 164, 0, 3, 11, 89, 122, 7, 59, 46, 58, 11, 191, 55, 212, 86, 63, 244, 171, 153, 188, 167, 0, 3, 32, 27, 14, 4, 3, 17, 20, 0, 2, 0, 1, 2, 3, 4, 5, 6, 7, 8, 9, 10, 11, 12, 7, 6, 13, 10, 9, 13, 4, 14, 13, 14, 10, 15, 11, 10, 16, 7, 17, 16, 17, 3, 16, 8, 7, 18, 2, 1, 19, 3, 5, 20, 17, 7, 20, 7, 12, 20, 12, 0, 21, 22, 23, 24, 24, 23, 6, 8, 24, 8, 19, 19, 5, 21, 24, 23, 22, 1, 25, 11, 18, 18, 1, 22, 25, 25, 22, 21, 26, 9, 11, 26, 11, 25, 26, 25, 21, 26, 21, 5, 27, 2, 15, 27, 15, 10, 27, 10, 14, 28, 6, 23, 1, 28, 1, 0, 29, 9, 26, 5, 29, 5, 4, 30, 0, 12, 30, 12, 6, 30, 6, 28, 30, 28, 0, 31, 4, 13, 31, 13, 9, 31, 9, 29, 31, 29, 4, 32, 11, 15, 32, 15, 2, 32, 2, 18, 32, 18, 11, 33, 8, 16, 33, 16, 3, 33, 3, 19, 33, 19, 8, 0, 32, 0, 7, 0, 2, 0, 11, 0, 15, 0, 17, 0, 1, 0, 30, 1, 34, 1, 13, 2, 36, 2, 14, 3, 5, 3, 12, 3, 19, 4, 6, 4, 9, 4, 26, 5, 16, 5, 38, 6, 8, 6, 42, 7, 41, 7, 8, 8, 32, 9, 45, 9, 31, 10, 12, 10, 15, 10, 11, 11, 50, 12, 49, 13, 47, 13, 24, 14, 51, 14, 21, 15, 16, 16, 17, 17, 37, 18, 25, 18, 22, 18, 19, 18, 21, 19, 33, 19, 20, 20, 52, 20, 21, 21, 29, 22, 24, 22, 33, 23, 27, 23, 48, 23, 24, 24, 25, 25, 28, 26, 35, 26, 27, 27, 28, 28, 29, 29, 35, 30, 46, 30, 31, 31, 32, 33, 39, 33, 34, 34, 40, 35, 43, 35, 36, 36, 44, 37, 40, 37, 38, 38, 39, 39, 40, 41, 44, 41, 42, 42, 43, 43, 44, 45, 48, 45, 46, 46, 47, 47, 48, 49, 52, 49, 50, 50, 51, 51, 52, 0, 1, 17, 1, 13, 22, 0, 1, 13, 0, 2, 11, 0, 2, 7, 2, 14, 21, 3, 5, 19, 3, 5, 10, 3, 12, 19, 4, 6, 26, 4, 6, 8, 4, 9, 23, 5, 16, 17, 6, 7, 8, 0, 7, 8, 9, 30, 31, 10, 11, 12, 0, 10, 11, 13, 23, 24, 14, 20, 21, 0, 15, 16, 18, 21, 25, 18, 22, 24, 18, 19, 22, 18, 19, 20, 23, 24, 25, 26, 27, 28, 0, 30, 31, 33, 34, 39, 35, 36, 43, 37, 38, 39, 41, 42, 43, 45, 46, 47, 49, 50, 51, 27, 0, 14, 0, 14, 0, 4, 0, 4, 0, 3, 0, 3, 0, 17, 0, 17, 0, 20, 0, 20, 0, 0, 0, 0, 0, 2, 0, 2, 0, 27, 0, 0, 0, 1, 0, 1, 0, 2, 0, 4, 0, 5, 0, 5, 0, 3, 0, 6, 0, 7, 0, 7, 0, 8, 0, 8, 0, 6, 0, 9, 0, 10, 0, 10, 0, 11, 0, 11, 0, 9, 0, 12, 0, 7, 0, 6, 0, 12, 0, 13, 0, 10, 0, 9, 0, 13, 0, 13, 0, 4, 0, 14, 0, 13, 0, 14, 0, 10, 0, 15, 0, 11, 0, 10, 0, 15, 0, 16, 0, 7, 0, 7, 0, 17, 0, 17, 0, 16, 0, 3, 0, 16, 0, 16, 0, 8, 0, 18, 0, 2, 0, 1, 0, 18, 0, 19, 0, 3, 0, 5, 0, 19, 0, 7, 0, 20, 0, 12, 0, 20, 0, 12, 0, 0, 0, 21, 0, 22, 0, 22, 0, 23, 0, 23, 0, 24, 0, 24, 0, 21, 0, 23, 0, 6, 0, 8, 0, 24, 0, 8, 0, 19, 0, 19, 0, 24, 0, 5, 0, 21, 0, 22, 0, 1, 0, 1, 0, 23, 0, 25, 0, 11, 0, 11, 0, 18, 0, 18, 0, 25, 0, 22, 0, 25, 0, 21, 0, 25, 0, 26, 0, 9, 0, 11, 0, 26, 0, 25, 0, 26, 0, 21, 0, 26, 0, 5, 0, 26, 0, 2, 0, 15, 0, 15, 0, 27, 0, 10, 0, 27, 0, 28, 0, 6, 0, 1, 0, 28, 0, 0, 0, 28, 0, 29, 0, 9, 0, 5, 0, 29, 0, 4, 0, 29, 0, 30, 0, 0, 0, 12, 0, 30, 0, 6, 0, 30, 0, 28, 0, 30, 0, 31, 0, 4, 0, 13, 0, 31, 0, 9, 0, 31, 0, 29, 0, 31, 0, 32, 0, 11, 0, 15, 0, 32, 0, 2, 0, 32, 0, 18, 0, 32, 0, 33, 0, 8, 0, 16, 0, 33, 0, 3, 0, 33, 0, 19, 0, 33, 0, 0, 0, 0, 0, 112, 18, 3, 188, 163, 149, 155, 188, 228, 165, 155, 188, 3, 120, 11, 61, 163, 149, 155, 60, 168, 139, 155, 60, 200, 122, 24, 56, 233, 45, 198, 49, 249, 185, 71, 44, 42, 187, 14, 171, 249, 185, 71, 44, 150, 205, 139, 50, 207, 227, 210, 172, 42, 187, 14, 171, 207, 227, 210, 172, 93, 59, 134, 50, 3, 43, 127, 60, 0, 19, 68, 52, 251, 128, 40, 183, 0, 0, 128, 63, 73, 67, 69, 1, 83, 85, 80, 77, 0, 0, 0, 0, 73, 67, 69, 1, 71, 65, 85, 83, 0, 0, 0, 0, 16, 0, 0, 0, 0, 6, 0, 0, 0, 0, 0, 0, 0, 20, 20, 20, 17, 17, 17, 17, 3, 3, 3, 3, 0, 0, 0, 0, 0, 20, 20, 20, 17, 17, 17, 3, 3, 3, 3, 3, 0, 0, 0, 0, 0, 0, 20, 20, 17, 17, 17, 3, 3, 3, 3, 3, 0, 0, 0, 0, 0, 0, 20, 20, 17, 17, 3, 3, 3, 3, 3, 3, 0, 0, 0, 0, 0, 0, 20, 20, 17, 17, 3, 3, 3, 3, 3, 3, 0, 0, 0, 0, 0, 0, 0, 20, 17, 3, 3, 3, 3, 3, 3, 3, 0, 0, 0, 0, 0, 0, 0, 20, 17, 3, 3, 3, 3, 3, 3, 3, 0, 0, 0, 0, 0, 0, 0, 0, 3, 3, 3, 3, 3, 3, 3, 3, 2, 2, 2, 2, 2, 2, 2, 2, 4, 4, 4, 4, 4, 4, 4, 4, 2, 2, 2, 2, 2, 2, 2, 27, 14, 4, 4, 4, 4, 4, 4, 4, 2, 2, 2, 2, 2, 2, 2, 27, 14, 4, 4, 4, 4, 4, 4, 4, 2, 2, 2, 2, 2, 2, 27, 27, 14, 4, 4, 4, 4, 4, 4, 4, 2, 2, 2, 2, 2, 2, 27, 27, 14, 14, 4, 4, 4, 4, 4, 4, 2, 2, 2, 2, 2, 2, 27, 27, 14, 14, 4, 4, 4, 4, 4, 4, 2, 2, 2, 2, 2, 27, 27, 27, 14, 14, 14, 4, 4, 4, 4, 4, 2, 2, 2, 2, 2, 27, 27, 27, 14, 14, 14, 4, 4, 4, 4, 4, 23, 23, 23, 23, 23, 23, 23, 23, 24, 24, 24, 24, 24, 24, 24, 24, 23, 23, 23, 23, 23, 23, 23, 23, 24, 24, 24, 24, 24, 24, 24, 24, 23, 23, 23, 23, 23, 23, 23, 23, 24, 24, 24, 24, 24, 24, 24, 24, 23, 23, 23, 23, 23, 23, 23, 23, 24, 24, 24, 24, 24, 24, 24, 24, 23, 23, 23, 23, 23, 23, 23, 23, 24, 24, 24, 24, 24, 24, 24, 24, 22, 22, 22, 22, 22, 22, 22, 23, 24, 24, 24, 24, 24, 21, 21, 21, 22, 22, 22, 22, 22, 22, 22, 22, 21, 21, 21, 21, 21, 21, 21, 21, 22, 22, 22, 22, 22, 22, 22, 22, 21, 21, 21, 21, 21, 21, 21, 21, 22, 22, 22, 22, 22, 22, 22, 22, 21, 21, 21, 21, 21, 21, 21, 21, 22, 22, 22, 22, 22, 22, 22, 22, 21, 21, 21, 21, 21, 21, 21, 21, 22, 22, 22, 22, 22, 22, 22, 25, 21, 21, 21, 21, 21, 21, 21, 21, 25, 25, 25, 25, 25, 25, 25, 25, 26, 26, 26, 21, 21, 21, 21, 21, 25, 25, 25, 25, 25, 25, 25, 25, 26, 26, 26, 26, 26, 26, 26, 26, 25, 25, 25, 25, 25, 25, 25, 25, 26, 26, 26, 26, 26, 26, 26, 26, 25, 25, 25, 25, 25, 25, 25, 25, 26, 26, 26, 26, 26, 26, 26, 26, 25, 25, 25, 25, 25, 25, 25, 25, 26, 26, 26, 26, 26, 26, 26, 26, 25, 25, 25, 25, 11, 11, 11, 32, 2, 2, 2, 2, 2, 2, 2, 2, 25, 25, 25, 25, 11, 11, 11, 32, 2, 2, 2, 2, 2, 2, 2, 2, 25, 25, 25, 25, 11, 11, 11, 15, 2, 2, 2, 2, 2, 2, 2, 2, 25, 25, 25, 11, 11, 11, 15, 15, 2, 2, 2, 2, 2, 2, 2, 2, 25, 25, 25, 11, 11, 11, 15, 15, 2, 2, 2, 2, 2, 2, 2, 2, 25, 25, 25, 11, 11, 15, 15, 15, 27, 27, 27, 27, 27, 27, 27, 27, 25, 25, 25, 11, 11, 15, 10, 10, 27, 27, 27, 27, 27, 27, 27, 27, 25, 25, 11, 11, 10, 10, 10, 10, 27, 27, 27, 27, 27, 27, 27, 27, 26, 26, 26, 9, 10, 10, 10, 10, 14, 14, 14, 14, 14, 14, 14, 14, 26, 26, 26, 9, 9, 13, 13, 10, 14, 14, 14, 14, 14, 14, 14, 14, 26, 26, 26, 26, 9, 13, 13, 13, 14, 14, 14, 14, 14, 14, 14, 14, 26, 26, 26, 26, 9, 9, 13, 13, 4, 4, 4, 4, 4, 4, 4, 4, 26, 26, 26, 26, 9, 9, 31, 13, 4, 4, 4, 4, 4, 4, 4, 4, 26, 26, 26, 26, 9, 9, 9, 31, 4, 4, 4, 4, 4, 4, 4, 4, 26, 26, 26, 26, 26, 9, 9, 31, 4, 4, 4, 4, 4, 4, 4, 4, 26, 26, 26, 26, 26, 9, 9, 31, 4, 4, 4, 4, 4, 4, 4, 4, 23, 23, 23, 23, 6, 6, 6, 30, 0, 0, 0, 0, 0, 0, 0, 0, 23, 23, 23, 23, 6, 6, 6, 30, 0, 0, 0, 0, 0, 0, 0, 0, 23, 23, 23, 23, 6, 6, 6, 30, 0, 0, 0, 0, 0, 0, 0, 0, 23, 23, 23, 6, 6, 6, 30, 12, 0, 0, 0, 0, 0, 0, 0, 0, 23, 23, 23, 6, 6, 6, 12, 12, 0, 0, 0, 0, 0, 0, 0, 0, 23, 23, 23, 6, 6, 12, 12, 12, 20, 20, 20, 20, 20, 20, 20, 20, 23, 23, 23, 6, 6, 12, 12, 7, 20, 20, 20, 20, 20, 20, 20, 20, 23, 23, 6, 6, 7, 7, 7, 7, 20, 20, 20, 20, 20, 20, 20, 20, 24, 24, 24, 8, 7, 7, 7, 7, 17, 17, 17, 17, 17, 17, 17, 17, 24, 24, 24, 8, 8, 16, 7, 7, 17, 17, 17, 17, 17, 17, 17, 17, 24, 24, 24, 8, 8, 16, 16, 16, 17, 17, 17, 17, 17, 17, 17, 17, 24, 24, 24, 8, 8, 8, 16, 16, 17, 17, 17, 17, 17, 17, 17, 17, 24, 24, 24, 24, 8, 8, 16, 16, 3, 3, 3, 3, 3, 3, 3, 3, 24, 24, 24, 24, 8, 8, 8, 16, 3, 3, 3, 3, 3, 3, 3, 3, 24, 24, 24, 24, 8, 8, 8, 33, 3, 3, 3, 3, 3, 3, 3, 3, 24, 24, 24, 24, 8, 8, 8, 33, 3, 3, 3, 3, 3, 3, 3, 3, 24, 24, 24, 24, 24, 21, 21, 21, 21, 21, 21, 21, 26, 26, 26, 26, 24, 24, 24, 24, 24, 24, 21, 21, 21, 21, 21, 21, 26, 26, 26, 26, 24, 24, 24, 24, 24, 24, 21, 21, 21, 21, 21, 26, 26, 26, 26, 26, 24, 24, 24, 24, 24, 24, 21, 21, 21, 21, 21, 26, 26, 26, 26, 26, 8, 24, 24, 24, 24, 24, 21, 21, 21, 21, 21, 26, 26, 26, 26, 26, 8, 8, 24, 24, 24, 24, 24, 21, 21, 21, 26, 26, 26, 26, 9, 9, 8, 8, 8, 24, 24, 24, 24, 21, 21, 21, 26, 26, 26, 9, 9, 9, 33, 33, 8, 8, 8, 24, 24, 21, 21, 26, 26, 9, 9, 9, 31, 31, 3, 3, 3, 19, 19, 19, 19, 5, 5, 5, 29, 29, 29, 29, 4, 4, 3, 3, 3, 3, 19, 19, 19, 5, 5, 5, 29, 29, 4, 4, 4, 4, 3, 3, 3, 3, 3, 19, 19, 5, 5, 5, 29, 4, 4, 4, 4, 4, 3, 3, 3, 3, 3, 3, 3, 5, 5, 4, 4, 4, 4, 4, 4, 4, 3, 3, 3, 3, 3, 3, 3, 3, 4, 4, 4, 4, 4, 4, 4, 4, 3, 3, 3, 3, 3, 3, 3, 3, 4, 4, 4, 4, 4, 4, 4, 4, 3, 3, 3, 3, 3, 3, 3, 3, 4, 4, 4, 4, 4, 4, 4, 4, 3, 3, 3, 3, 3, 3, 3, 3, 4, 4, 4, 4, 4, 4, 4, 4, 23, 23, 23, 23, 23, 22, 22, 22, 22, 22, 22, 25, 25, 25, 25, 25, 23, 23, 23, 23, 23, 22, 22, 22, 22, 22, 22, 25, 25, 25, 25, 25, 23, 23, 23, 23, 23, 22, 22, 22, 22, 22, 22, 25, 25, 25, 25, 25, 23, 23, 23, 23, 23, 23, 22, 22, 22, 22, 25, 25, 25, 25, 25, 25, 6, 23, 23, 23, 23, 23, 22, 22, 22, 22, 25, 25, 25, 25, 25, 11, 6, 6, 23, 23, 23, 23, 22, 22, 22, 22, 25, 25, 25, 25, 11, 11, 6, 6, 6, 6, 23, 23, 23, 22, 22, 25, 25, 25, 11, 11, 11, 11, 30, 30, 6, 6, 6, 23, 23, 22, 22, 25, 25, 11, 11, 11, 32, 32, 0, 0, 28, 28, 28, 28, 1, 1, 1, 18, 18, 18, 18, 2, 2, 2, 0, 0, 0, 0, 28, 28, 1, 1, 1, 18, 18, 18, 2, 2, 2, 2, 0, 0, 0, 0, 0, 28, 1, 1, 1, 18, 18, 2, 2, 2, 2, 2, 0, 0, 0, 0, 0, 0, 0, 1, 1, 2, 2, 2, 2, 2, 2, 2, 0, 0, 0, 0, 0, 0, 0, 0, 2, 2, 2, 2, 2, 2, 2, 2, 0, 0, 0, 0, 0, 0, 0, 0, 2, 2, 2, 2, 2, 2, 2, 2, 0, 0, 0, 0, 0, 0, 0, 0, 2, 2, 2, 2, 2, 2, 2, 2, 0, 0, 0, 0, 0, 0, 0, 0, 2, 2, 2, 2, 2, 2, 2, 2, 26, 26, 26, 26, 26, 26, 26, 26, 25, 25, 25, 25, 25, 25, 25, 25, 26, 26, 26, 26, 26, 26, 26, 26, 25, 25, 25, 25, 25, 25, 25, 25, 26, 26, 26, 26, 26, 26, 26, 26, 25, 25, 25, 25, 25, 25, 25, 25, 26, 26, 26, 26, 26, 26, 26, 26, 25, 25, 25, 25, 25, 25, 25, 25, 21, 21, 21, 21, 21, 26, 26, 26, 25, 25, 25, 25, 25, 25, 25, 25, 21, 21, 21, 21, 21, 21, 21, 21, 25, 22, 22, 22, 22, 22, 22, 22, 21, 21, 21, 21, 21, 21, 21, 21, 22, 22, 22, 22, 22, 22, 22, 22, 21, 21, 21, 21, 21, 21, 21, 21, 22, 22, 22, 22, 22, 22, 22, 22, 21, 21, 21, 21, 21, 21, 21, 21, 22, 22, 22, 22, 22, 22, 22, 22, 21, 21, 21, 21, 21, 21, 21, 21, 22, 22, 22, 22, 22, 22, 22, 22, 21, 21, 21, 24, 24, 24, 24, 24, 23, 22, 22, 22, 22, 22, 22, 22, 24, 24, 24, 24, 24, 24, 24, 24, 23, 23, 23, 23, 23, 23, 23, 23, 24, 24, 24, 24, 24, 24, 24, 24, 23, 23, 23, 23, 23, 23, 23, 23, 24, 24, 24, 24, 24, 24, 24, 24, 23, 23, 23, 23, 23, 23, 23, 23, 24, 24, 24, 24, 24, 24, 24, 24, 23, 23, 23, 23, 23, 23, 23, 23, 24, 24, 24, 24, 24, 24, 24, 24, 23, 23, 23, 23, 23, 23, 23, 23, 4, 4, 4, 4, 4, 14, 14, 14, 27, 27, 27, 2, 2, 2, 2, 2, 4, 4, 4, 4, 4, 14, 14, 14, 27, 27, 27, 2, 2, 2, 2, 2, 4, 4, 4, 4, 4, 4, 14, 14, 27, 27, 2, 2, 2, 2, 2, 2, 4, 4, 4, 4, 4, 4, 14, 14, 27, 27, 2, 2, 2, 2, 2, 2, 4, 4, 4, 4, 4, 4, 4, 14, 27, 27, 2, 2, 2, 2, 2, 2, 4, 4, 4, 4, 4, 4, 4, 14, 27, 2, 2, 2, 2, 2, 2, 2, 4, 4, 4, 4, 4, 4, 4, 14, 27, 2, 2, 2, 2, 2, 2, 2, 4, 4, 4, 4, 4, 4, 4, 4, 2, 2, 2, 2, 2, 2, 2, 2, 3, 3, 3, 3, 3, 3, 3, 3, 0, 0, 0, 0, 0, 0, 0, 0, 3, 3, 3, 3, 3, 3, 3, 17, 20, 0, 0, 0, 0, 0, 0, 0, 3, 3, 3, 3, 3, 3, 3, 17, 20, 0, 0, 0, 0, 0, 0, 0, 3, 3, 3, 3, 3, 3, 17, 17, 20, 20, 0, 0, 0, 0, 0, 0, 3, 3, 3, 3, 3, 3, 17, 17, 20, 20, 0, 0, 0, 0, 0, 0, 3, 3, 3, 3, 3, 17, 17, 17, 20, 20, 0, 0, 0, 0, 0, 0, 3, 3, 3, 3, 3, 17, 17, 17, 20, 20, 20, 0, 0, 0, 0, 0, 3, 3, 3, 3, 17, 17, 17, 17, 20, 20, 20, 0, 0, 0, 0, 0, 3, 3, 3, 3, 3, 3, 3, 3, 33, 8, 8, 8, 24, 24, 24, 24, 3, 3, 3, 3, 3, 3, 3, 3, 33, 8, 8, 8, 24, 24, 24, 24, 3, 3, 3, 3, 3, 3, 3, 3, 16, 8, 8, 8, 24, 24, 24, 24, 3, 3, 3, 3, 3, 3, 3, 3, 16, 16, 8, 8, 24, 24, 24, 24, 17, 17, 17, 17, 17, 17, 17, 17, 16, 16, 8, 8, 8, 24, 24, 24, 17, 17, 17, 17, 17, 17, 17, 17, 16, 16, 16, 8, 8, 24, 24, 24, 17, 17, 17, 17, 17, 17, 17, 17, 7, 7, 16, 8, 8, 24, 24, 24, 17, 17, 17, 17, 17, 17, 17, 17, 7, 7, 7, 7, 8, 24, 24, 24, 20, 20, 20, 20, 20, 20, 20, 20, 7, 7, 7, 7, 6, 6, 23, 23, 20, 20, 20, 20, 20, 20, 20, 20, 7, 12, 12, 6, 6, 23, 23, 23, 20, 20, 20, 20, 20, 20, 20, 20, 12, 12, 12, 6, 6, 23, 23, 23, 0, 0, 0, 0, 0, 0, 0, 0, 12, 12, 6, 6, 6, 23, 23, 23, 0, 0, 0, 0, 0, 0, 0, 0, 12, 30, 6, 6, 6, 23, 23, 23, 0, 0, 0, 0, 0, 0, 0, 0, 30, 6, 6, 6, 23, 23, 23, 23, 0, 0, 0, 0, 0, 0, 0, 0, 30, 6, 6, 6, 23, 23, 23, 23, 0, 0, 0, 0, 0, 0, 0, 0, 30, 6, 6, 6, 23, 23, 23, 23, 4, 4, 4, 4, 4, 4, 4, 4, 31, 9, 9, 26, 26, 26, 26, 26, 4, 4, 4, 4, 4, 4, 4, 4, 31, 9, 9, 26, 26, 26, 26, 26, 4, 4, 4, 4, 4, 4, 4, 4, 31, 9, 9, 9, 26, 26, 26, 26, 4, 4, 4, 4, 4, 4, 4, 4, 13, 31, 9, 9, 26, 26, 26, 26, 4, 4, 4, 4, 4, 4, 4, 4, 13, 13, 9, 9, 26, 26, 26, 26, 14, 14, 14, 14, 14, 14, 14, 14, 13, 13, 13, 9, 26, 26, 26, 26, 14, 14, 14, 14, 14, 14, 14, 14, 10, 13, 13, 9, 9, 26, 26, 26, 14, 14, 14, 14, 14, 14, 14, 14, 10, 10, 10, 10, 9, 26, 26, 26, 27, 27, 27, 27, 27, 27, 27, 27, 10, 10, 10, 10, 11, 11, 25, 25, 27, 27, 27, 27, 27, 27, 27, 27, 10, 10, 15, 11, 11, 25, 25, 25, 27, 27, 27, 27, 27, 27, 27, 27, 15, 15, 15, 11, 11, 25, 25, 25, 2, 2, 2, 2, 2, 2, 2, 2, 15, 15, 11, 11, 11, 25, 25, 25, 2, 2, 2, 2, 2, 2, 2, 2, 15, 15, 11, 11, 11, 25, 25, 25, 2, 2, 2, 2, 2, 2, 2, 2, 15, 11, 11, 11, 25, 25, 25, 25, 2, 2, 2, 2, 2, 2, 2, 2, 32, 11, 11, 11, 25, 25, 25, 25, 2, 2, 2, 2, 2, 2, 2, 2, 32, 11, 11, 11, 25, 25, 25, 25, 2, 2, 2, 2, 2, 2, 2, 2, 0, 0, 0, 0, 0, 0, 0, 0, 2, 2, 2, 2, 2, 2, 2, 2, 0, 0, 0, 0, 0, 0, 0, 0, 2, 2, 2, 2, 2, 2, 2, 2, 0, 0, 0, 0, 0, 0, 0, 0, 2, 2, 2, 2, 2, 2, 2, 2, 0, 0, 0, 0, 0, 0, 0, 0, 2, 2, 2, 2, 2, 2, 2, 1, 1, 0, 0, 0, 0, 0, 0, 0, 2, 2, 2, 2, 2, 18, 18, 1, 1, 1, 28, 0, 0, 0, 0, 0, 2, 2, 2, 2, 18, 18, 18, 1, 1, 1, 28, 28, 0, 0, 0, 0, 2, 2, 2, 18, 18, 18, 18, 1, 1, 1, 28, 28, 28, 28, 0, 0, 32, 32, 11, 11, 11, 25, 25, 22, 22, 23, 23, 6, 6, 6, 30, 30, 11, 11, 11, 11, 25, 25, 25, 22, 22, 23, 23, 23, 6, 6, 6, 6, 11, 11, 25, 25, 25, 25, 22, 22, 22, 22, 23, 23, 23, 23, 6, 6, 11, 25, 25, 25, 25, 25, 22, 22, 22, 22, 23, 23, 23, 23, 23, 6, 25, 25, 25, 25, 25, 25, 22, 22, 22, 22, 23, 23, 23, 23, 23, 23, 25, 25, 25, 25, 25, 22, 22, 22, 22, 22, 22, 23, 23, 23, 23, 23, 25, 25, 25, 25, 25, 22, 22, 22, 22, 22, 22, 23, 23, 23, 23, 23, 25, 25, 25, 25, 25, 22, 22, 22, 22, 22, 22, 23, 23, 23, 23, 23, 4, 4, 4, 4, 4, 4, 4, 4, 3, 3, 3, 3, 3, 3, 3, 3, 4, 4, 4, 4, 4, 4, 4, 4, 3, 3, 3, 3, 3, 3, 3, 3, 4, 4, 4, 4, 4, 4, 4, 4, 3, 3, 3, 3, 3, 3, 3, 3, 4, 4, 4, 4, 4, 4, 4, 4, 3, 3, 3, 3, 3, 3, 3, 3, 4, 4, 4, 4, 4, 4, 4, 5, 5, 3, 3, 3, 3, 3, 3, 3, 4, 4, 4, 4, 4, 29, 5, 5, 5, 19, 19, 3, 3, 3, 3, 3, 4, 4, 4, 4, 29, 29, 5, 5, 5, 19, 19, 19, 3, 3, 3, 3, 4, 4, 29, 29, 29, 29, 5, 5, 5, 19, 19, 19, 19, 3, 3, 3, 31, 31, 9, 9, 9, 26, 26, 21, 21, 24, 24, 8, 8, 8, 33, 33, 9, 9, 9, 26, 26, 26, 21, 21, 21, 24, 24, 24, 24, 8, 8, 8, 9, 9, 26, 26, 26, 26, 21, 21, 21, 24, 24, 24, 24, 24, 8, 8, 26, 26, 26, 26, 26, 21, 21, 21, 21, 21, 24, 24, 24, 24, 24, 8, 26, 26, 26, 26, 26, 21, 21, 21, 21, 21, 24, 24, 24, 24, 24, 24, 26, 26, 26, 26, 26, 21, 21, 21, 21, 21, 24, 24, 24, 24, 24, 24, 26, 26, 26, 26, 21, 21, 21, 21, 21, 21, 24, 24, 24, 24, 24, 24, 26, 26, 26, 26, 21, 21, 21, 21, 21, 21, 21, 24, 24, 24, 24, 24, 73, 67, 69, 1, 86, 65, 76, 69, 2, 0, 0, 0, 34, 0, 0, 0, 170, 0, 0, 0, 7, 0, 0, 0, 6, 6, 6, 6, 6, 6, 6, 6, 6, 6, 6, 7, 5, 5, 4, 5, 5, 4, 5, 5, 4, 5, 4, 4, 4, 5, 5, 4, 4, 4, 4, 4, 4, 4, 2, 1, 28, 30, 12, 20, 2, 18, 22, 23, 28, 0, 27, 15, 32, 18, 1, 0, 17, 16, 33, 19, 5, 4, 3, 5, 29, 31, 13, 14, 3, 19, 21, 26, 29, 4, 7, 12, 30, 28, 23, 8, 8, 16, 17, 20, 12, 6, 6, 24, 19, 33, 16, 7, 10, 13, 31, 29, 26, 11, 11, 15, 27, 14, 13, 9, 9, 26, 25, 18, 32, 15, 10, 7, 20, 0, 30, 6, 10, 14, 4, 31, 9, 4, 13, 10, 27, 11, 32, 2, 27, 10, 7, 8, 33, 3, 17, 20, 7, 16, 3, 2, 32, 11, 25, 1, 3, 33, 8, 24, 5, 0, 12, 7, 17, 22, 25, 26, 5, 24, 23, 1, 25, 21, 24, 6, 1, 22, 21, 19, 8, 23, 11, 26, 21, 22, 18, 9, 5, 21, 25, 11, 14, 10, 15, 2, 6, 30, 0, 1, 9, 31, 4, 5, 0, 28, 6, 12, 4, 29, 9, 13, 11, 18, 2, 15, 8, 19, 3, 16, 0, 0, 128, 191, 116, 11, 124, 60, 35, 105, 128, 60, 162, 132, 17, 60, 162, 132, 17, 60]
            }
        }

        over "Link15"
        {
            over "collisions" (
                prepend apiSchemas = ["PhysxCookedDataAPI:convexHull"]
            )
            {
                uchar[] physxCookedData:convexHull:buffer = [9, 183, 35, 172, 138, 79, 187, 49, 238, 193, 154, 198, 204, 57, 178, 207, 177, 78, 88, 83, 1, 67, 86, 88, 77, 14, 0, 0, 0, 0, 0, 0, 0, 73, 67, 69, 1, 67, 76, 72, 76, 9, 0, 0, 0, 34, 0, 0, 0, 93, 128, 0, 0, 61, 0, 0, 0, 186, 0, 0, 0, 19, 131, 192, 60, 209, 169, 168, 34, 188, 116, 147, 60, 156, 249, 62, 61, 205, 204, 76, 188, 199, 223, 45, 60, 229, 123, 57, 61, 244, 253, 84, 60, 109, 108, 50, 60, 19, 131, 192, 60, 95, 172, 46, 34, 188, 116, 147, 188, 229, 123, 57, 61, 244, 253, 84, 60, 109, 108, 50, 188, 156, 249, 62, 61, 205, 204, 76, 188, 199, 223, 45, 188, 30, 208, 113, 187, 190, 153, 232, 187, 127, 129, 135, 188, 53, 60, 61, 60, 95, 41, 75, 188, 159, 197, 85, 188, 181, 77, 140, 60, 73, 68, 147, 188, 38, 254, 110, 186, 94, 53, 2, 188, 126, 93, 112, 186, 186, 67, 147, 60, 111, 18, 3, 188, 204, 255, 41, 34, 188, 116, 147, 188, 2, 200, 113, 187, 190, 153, 232, 59, 127, 129, 135, 188, 181, 77, 140, 60, 73, 68, 147, 60, 38, 254, 110, 58, 221, 210, 71, 60, 6, 192, 85, 60, 67, 47, 75, 188, 37, 61, 221, 186, 137, 30, 0, 60, 117, 208, 132, 60, 55, 5, 129, 187, 31, 51, 228, 187, 4, 249, 135, 60, 105, 72, 91, 60, 146, 53, 105, 188, 116, 132, 52, 60, 3, 120, 11, 61, 110, 193, 145, 60, 168, 161, 50, 187, 158, 73, 81, 61, 205, 204, 76, 60, 95, 160, 246, 59, 158, 73, 81, 61, 205, 204, 76, 60, 95, 160, 246, 187, 172, 250, 92, 61, 205, 204, 76, 60, 26, 166, 77, 163, 87, 89, 108, 60, 127, 70, 122, 60, 114, 255, 27, 60, 45, 199, 215, 187, 32, 219, 148, 59, 206, 174, 142, 60, 242, 191, 84, 61, 205, 204, 76, 188, 216, 69, 211, 59, 49, 110, 92, 61, 244, 253, 84, 188, 154, 30, 23, 163, 3, 120, 11, 61, 73, 68, 147, 188, 38, 254, 110, 58, 242, 191, 84, 61, 205, 204, 76, 188, 216, 69, 211, 187, 3, 120, 11, 61, 245, 70, 138, 188, 86, 217, 204, 187, 85, 10, 211, 60, 18, 31, 15, 188, 123, 237, 128, 60, 85, 10, 211, 60, 18, 31, 15, 188, 123, 237, 128, 188, 3, 120, 11, 61, 176, 191, 142, 60, 68, 215, 147, 59, 81, 118, 204, 60, 190, 153, 232, 59, 127, 129, 135, 188, 81, 118, 204, 60, 190, 153, 232, 59, 127, 129, 135, 60, 3, 120, 11, 61, 253, 98, 132, 188, 165, 224, 1, 60, 10, 108, 202, 59, 86, 78, 114, 190, 135, 185, 120, 63, 100, 116, 144, 188, 0, 0, 4, 11, 19, 66, 157, 62, 96, 141, 189, 59, 5, 159, 115, 63, 113, 116, 199, 188, 4, 0, 3, 10, 19, 66, 157, 62, 115, 141, 189, 59, 5, 159, 115, 191, 113, 116, 199, 188, 7, 0, 3, 9, 107, 239, 126, 190, 225, 25, 107, 191, 188, 127, 157, 190, 69, 57, 77, 188, 10, 0, 3, 2, 170, 133, 90, 191, 74, 82, 5, 191, 32, 250, 68, 188, 155, 219, 230, 187, 13, 0, 3, 20, 225, 50, 146, 190, 219, 166, 109, 63, 41, 198, 115, 190, 228, 189, 61, 188, 16, 0, 3, 23, 221, 59, 240, 190, 236, 14, 98, 63, 138, 23, 23, 60, 86, 143, 0, 188, 19, 0, 3, 24, 187, 4, 168, 190, 182, 2, 109, 191, 145, 4, 64, 62, 236, 204, 49, 188, 22, 0, 3, 19, 241, 117, 85, 191, 62, 80, 13, 191, 169, 217, 130, 187, 119, 96, 231, 187, 25, 0, 3, 20, 205, 44, 237, 190, 107, 224, 98, 191, 154, 184, 8, 57, 197, 9, 3, 188, 28, 0, 3, 20, 42, 108, 190, 60, 200, 52, 96, 63, 101, 214, 246, 190, 253, 230, 144, 188, 31, 0, 3, 16, 172, 211, 117, 189, 204, 110, 113, 63, 7, 116, 167, 190, 15, 6, 128, 188, 34, 0, 3, 33, 174, 128, 0, 63, 140, 11, 139, 60, 113, 94, 93, 63, 233, 148, 4, 189, 37, 0, 3, 10, 174, 128, 0, 63, 137, 11, 139, 60, 112, 94, 93, 191, 233, 148, 4, 189, 40, 0, 3, 9, 19, 232, 100, 62, 75, 113, 113, 63, 142, 236, 123, 190, 143, 80, 205, 188, 43, 0, 3, 16, 225, 145, 137, 62, 195, 51, 117, 63, 122, 177, 208, 189, 199, 212, 216, 188, 46, 0, 3, 8, 84, 223, 179, 190, 116, 77, 107, 63, 154, 111, 54, 62, 3, 205, 46, 188, 49, 0, 3, 26, 193, 174, 13, 191, 115, 46, 85, 63, 213, 147, 125, 60, 168, 54, 252, 187, 52, 0, 3, 24, 2, 234, 89, 191, 97, 20, 6, 63, 208, 220, 7, 189, 79, 181, 242, 187, 55, 0, 3, 24, 159, 84, 120, 191, 6, 166, 120, 62, 146, 91, 249, 59, 82, 205, 249, 187, 58, 0, 3, 24, 117, 239, 116, 187, 141, 152, 210, 61, 35, 164, 126, 63, 45, 244, 145, 188, 61, 0, 3, 3, 245, 200, 117, 63, 183, 73, 165, 187, 77, 42, 143, 62, 66, 231, 83, 189, 64, 0, 3, 10, 22, 85, 111, 63, 97, 152, 133, 60, 139, 136, 181, 62, 58, 109, 79, 189, 67, 0, 3, 10, 208, 221, 29, 63, 82, 241, 86, 188, 105, 128, 73, 63, 124, 167, 24, 189, 70, 0, 3, 10, 11, 213, 125, 62, 232, 41, 117, 191, 40, 223, 21, 62, 33, 69, 211, 188, 73, 0, 3, 12, 208, 221, 29, 63, 78, 241, 86, 188, 105, 128, 73, 191, 124, 167, 24, 189, 76, 0, 3, 9, 22, 85, 111, 63, 97, 152, 133, 60, 139, 136, 181, 190, 58, 109, 79, 189, 79, 0, 3, 9, 245, 200, 117, 63, 175, 73, 165, 187, 77, 42, 143, 190, 65, 231, 83, 189, 82, 0, 3, 9, 239, 25, 113, 62, 17, 24, 118, 191, 44, 117, 18, 190, 16, 45, 206, 188, 85, 0, 3, 12, 136, 163, 133, 60, 163, 3, 125, 191, 153, 10, 27, 190, 0, 248, 148, 188, 88, 0, 3, 12, 13, 144, 131, 189, 223, 234, 106, 191, 176, 202, 200, 190, 255, 13, 129, 188, 91, 0, 3, 30, 150, 72, 46, 61, 237, 126, 67, 191, 158, 235, 36, 191, 241, 116, 150, 188, 94, 0, 3, 21, 77, 51, 102, 62, 227, 98, 110, 191, 30, 234, 146, 190, 46, 42, 206, 188, 97, 0, 3, 21, 241, 67, 111, 62, 18, 11, 118, 191, 12, 197, 22, 190, 130, 157, 205, 188, 100, 0, 3, 12, 83, 32, 121, 188, 139, 161, 33, 191, 34, 124, 70, 63, 33, 239, 141, 188, 103, 0, 3, 13, 224, 34, 77, 62, 173, 91, 73, 190, 248, 180, 117, 63, 194, 23, 180, 188, 106, 0, 3, 10, 215, 51, 22, 188, 243, 134, 17, 191, 150, 153, 82, 191, 227, 206, 144, 188, 109, 0, 3, 32, 135, 196, 7, 33, 137, 59, 106, 190, 112, 54, 121, 191, 231, 139, 143, 188, 112, 0, 4, 22, 220, 34, 77, 62, 173, 91, 73, 190, 248, 180, 117, 191, 193, 23, 180, 188, 116, 0, 3, 22, 171, 101, 65, 61, 234, 34, 52, 191, 248, 126, 53, 191, 115, 185, 151, 188, 119, 0, 3, 14, 174, 142, 104, 62, 225, 199, 112, 63, 1, 80, 129, 62, 30, 242, 206, 188, 122, 0, 3, 8, 30, 44, 133, 62, 60, 229, 117, 63, 173, 5, 202, 61, 3, 80, 213, 188, 125, 0, 3, 8, 86, 56, 128, 62, 62, 134, 119, 63, 39, 217, 72, 61, 119, 176, 209, 188, 128, 0, 3, 8, 191, 81, 178, 60, 96, 156, 127, 63, 235, 104, 79, 61, 162, 121, 150, 188, 131, 0, 3, 8, 181, 219, 250, 188, 94, 214, 116, 63, 156, 183, 148, 62, 221, 183, 138, 188, 134, 0, 3, 27, 182, 186, 34, 61, 102, 53, 90, 63, 130, 123, 5, 63, 130, 7, 152, 188, 137, 0, 3, 7, 241, 244, 238, 160, 42, 33, 78, 62, 121, 194, 122, 191, 4, 112, 144, 188, 140, 0, 4, 9, 0, 0, 0, 0, 162, 62, 18, 63, 141, 29, 82, 191, 5, 112, 144, 188, 144, 0, 3, 28, 19, 208, 21, 61, 151, 96, 31, 63, 51, 30, 72, 191, 105, 155, 149, 188, 147, 0, 3, 15, 2, 241, 100, 62, 33, 142, 27, 62, 123, 120, 118, 191, 16, 2, 185, 188, 150, 0, 3, 9, 63, 118, 12, 187, 52, 25, 178, 62, 42, 3, 112, 63, 29, 213, 146, 188, 153, 0, 3, 6, 75, 158, 53, 60, 209, 224, 75, 62, 206, 219, 122, 63, 234, 160, 146, 188, 156, 0, 3, 10, 3, 241, 100, 62, 33, 142, 27, 62, 123, 120, 118, 63, 16, 2, 185, 188, 159, 0, 3, 10, 12, 105, 128, 60, 232, 175, 41, 63, 6, 164, 63, 63, 62, 48, 143, 188, 162, 0, 3, 7, 54, 132, 11, 60, 45, 91, 40, 63, 41, 215, 64, 63, 170, 14, 142, 188, 165, 0, 3, 7, 150, 2, 77, 61, 55, 99, 50, 191, 112, 42, 55, 63, 194, 172, 152, 188, 168, 0, 3, 13, 117, 84, 39, 61, 82, 194, 51, 191, 123, 248, 53, 63, 209, 131, 150, 188, 171, 0, 3, 13, 213, 114, 62, 189, 220, 9, 117, 191, 30, 75, 146, 62, 177, 77, 132, 188, 174, 0, 3, 17, 221, 39, 221, 188, 200, 188, 119, 191, 137, 73, 128, 62, 198, 218, 136, 188, 177, 0, 3, 17, 19, 223, 90, 62, 188, 25, 114, 191, 143, 188, 122, 62, 97, 184, 200, 188, 180, 0, 3, 12, 206, 157, 91, 62, 133, 5, 112, 191, 231, 40, 140, 62, 96, 185, 201, 188, 183, 0, 3, 13, 28, 0, 9, 15, 0, 1, 2, 3, 4, 5, 6, 7, 8, 6, 9, 10, 11, 12, 13, 11, 14, 12, 15, 8, 16, 15, 9, 6, 15, 6, 8, 17, 4, 13, 17, 13, 12, 18, 2, 1, 19, 5, 4, 19, 4, 17, 19, 17, 20, 21, 12, 14, 22, 14, 11, 22, 11, 10, 22, 10, 9, 22, 9, 0, 23, 24, 20, 23, 20, 18, 23, 18, 1, 23, 25, 24, 26, 5, 19, 26, 19, 20, 26, 20, 24, 26, 24, 25, 27, 25, 8, 27, 8, 7, 27, 7, 5, 27, 5, 26, 27, 26, 25, 28, 15, 16, 28, 1, 0, 29, 7, 6, 29, 6, 10, 3, 29, 3, 5, 29, 5, 7, 30, 2, 18, 30, 18, 20, 30, 20, 17, 30, 17, 12, 30, 12, 21, 30, 21, 2, 31, 3, 10, 11, 31, 11, 13, 31, 13, 4, 31, 4, 3, 32, 14, 22, 32, 22, 0, 32, 0, 2, 32, 2, 21, 32, 21, 14, 33, 1, 28, 33, 28, 16, 33, 16, 8, 33, 8, 25, 33, 25, 23, 33, 23, 1, 0, 35, 0, 20, 0, 8, 0, 34, 1, 35, 1, 12, 1, 52, 2, 49, 2, 13, 2, 38, 3, 36, 3, 30, 3, 9, 4, 8, 4, 19, 4, 37, 5, 6, 5, 11, 5, 47, 6, 17, 6, 16, 7, 9, 7, 57, 7, 34, 8, 9, 10, 14, 10, 48, 10, 11, 11, 43, 12, 40, 12, 23, 13, 25, 13, 14, 14, 15, 15, 42, 15, 26, 16, 44, 16, 54, 17, 50, 17, 18, 18, 46, 18, 19, 19, 20, 20, 51, 21, 24, 21, 27, 21, 22, 22, 41, 22, 23, 23, 60, 24, 59, 24, 28, 25, 32, 25, 26, 26, 27, 27, 28, 28, 33, 29, 33, 29, 58, 29, 30, 30, 31, 31, 39, 31, 32, 32, 33, 34, 56, 35, 55, 36, 39, 36, 37, 37, 46, 37, 38, 38, 39, 40, 45, 40, 41, 41, 42, 42, 43, 43, 44, 44, 45, 45, 53, 46, 49, 46, 47, 47, 48, 48, 49, 50, 54, 50, 51, 51, 52, 52, 53, 53, 54, 55, 60, 55, 56, 56, 57, 57, 58, 58, 59, 59, 60, 0, 1, 20, 1, 12, 23, 1, 12, 40, 2, 37, 38, 2, 10, 13, 2, 13, 25, 3, 4, 8, 3, 30, 31, 3, 7, 9, 0, 4, 8, 4, 18, 19, 5, 6, 17, 5, 6, 11, 5, 10, 11, 6, 16, 17, 0, 7, 8, 7, 34, 56, 10, 11, 14, 12, 22, 23, 13, 14, 15, 15, 21, 22, 16, 44, 45, 17, 18, 19, 21, 22, 23, 21, 24, 27, 24, 28, 29, 25, 26, 27, 29, 30, 31, 0, 34, 35, 36, 37, 38, 40, 41, 42, 46, 47, 48, 50, 51, 52, 55, 56, 57, 28, 0, 0, 0, 0, 0, 9, 0, 9, 0, 15, 0, 15, 0, 28, 0, 0, 0, 1, 0, 1, 0, 2, 0, 2, 0, 0, 0, 3, 0, 4, 0, 4, 0, 5, 0, 5, 0, 3, 0, 6, 0, 7, 0, 7, 0, 8, 0, 8, 0, 6, 0, 6, 0, 9, 0, 9, 0, 10, 0, 10, 0, 6, 0, 11, 0, 12, 0, 12, 0, 13, 0, 13, 0, 11, 0, 11, 0, 14, 0, 14, 0, 12, 0, 15, 0, 8, 0, 8, 0, 16, 0, 16, 0, 15, 0, 6, 0, 15, 0, 17, 0, 4, 0, 4, 0, 13, 0, 13, 0, 17, 0, 12, 0, 17, 0, 18, 0, 2, 0, 1, 0, 18, 0, 19, 0, 5, 0, 4, 0, 19, 0, 17, 0, 19, 0, 17, 0, 20, 0, 20, 0, 19, 0, 21, 0, 12, 0, 14, 0, 21, 0, 22, 0, 14, 0, 11, 0, 22, 0, 11, 0, 10, 0, 10, 0, 22, 0, 9, 0, 22, 0, 0, 0, 22, 0, 23, 0, 24, 0, 24, 0, 20, 0, 20, 0, 23, 0, 20, 0, 18, 0, 18, 0, 23, 0, 1, 0, 23, 0, 23, 0, 25, 0, 25, 0, 24, 0, 26, 0, 5, 0, 19, 0, 26, 0, 20, 0, 26, 0, 24, 0, 26, 0, 25, 0, 26, 0, 27, 0, 25, 0, 25, 0, 8, 0, 8, 0, 27, 0, 7, 0, 27, 0, 7, 0, 5, 0, 5, 0, 27, 0, 26, 0, 27, 0, 16, 0, 28, 0, 28, 0, 1, 0, 29, 0, 7, 0, 6, 0, 29, 0, 10, 0, 3, 0, 3, 0, 29, 0, 5, 0, 29, 0, 30, 0, 2, 0, 18, 0, 30, 0, 20, 0, 30, 0, 17, 0, 30, 0, 12, 0, 30, 0, 21, 0, 30, 0, 21, 0, 2, 0, 31, 0, 3, 0, 11, 0, 31, 0, 13, 0, 31, 0, 4, 0, 31, 0, 32, 0, 14, 0, 22, 0, 32, 0, 0, 0, 32, 0, 2, 0, 32, 0, 21, 0, 32, 0, 33, 0, 1, 0, 28, 0, 33, 0, 16, 0, 33, 0, 8, 0, 33, 0, 25, 0, 33, 0, 23, 0, 33, 0, 0, 0, 0, 0, 112, 18, 3, 188, 73, 68, 147, 188, 188, 116, 147, 188, 172, 250, 92, 61, 73, 68, 147, 60, 188, 116, 147, 60, 40, 234, 61, 56, 44, 45, 210, 49, 49, 130, 9, 46, 30, 210, 83, 173, 49, 130, 9, 46, 77, 105, 31, 51, 7, 178, 63, 172, 30, 210, 83, 173, 7, 178, 63, 172, 67, 27, 30, 51, 150, 171, 186, 60, 112, 82, 166, 183, 48, 133, 255, 55, 0, 0, 128, 63, 73, 67, 69, 1, 83, 85, 80, 77, 0, 0, 0, 0, 73, 67, 69, 1, 71, 65, 85, 83, 0, 0, 0, 0, 16, 0, 0, 0, 0, 6, 0, 0, 26, 26, 26, 26, 26, 24, 24, 24, 24, 24, 24, 23, 23, 23, 23, 23, 26, 26, 26, 26, 26, 24, 24, 24, 24, 24, 24, 23, 23, 23, 23, 23, 26, 26, 26, 26, 26, 24, 24, 24, 24, 24, 24, 23, 23, 23, 23, 23, 26, 26, 26, 26, 26, 24, 24, 24, 24, 24, 24, 23, 23, 23, 23, 23, 26, 26, 26, 26, 26, 26, 24, 24, 24, 24, 23, 23, 23, 23, 23, 23, 26, 26, 26, 26, 26, 26, 24, 24, 24, 24, 23, 23, 23, 23, 23, 23, 26, 26, 26, 26, 26, 26, 24, 24, 24, 24, 23, 23, 23, 23, 23, 23, 26, 26, 26, 26, 26, 26, 24, 24, 24, 24, 23, 23, 23, 23, 23, 23, 19, 19, 19, 19, 19, 20, 20, 20, 20, 20, 20, 18, 18, 18, 18, 18, 19, 19, 19, 19, 19, 20, 20, 20, 20, 20, 20, 18, 18, 18, 18, 18, 19, 19, 19, 19, 19, 20, 20, 20, 20, 20, 20, 18, 18, 18, 18, 18, 19, 19, 19, 19, 19, 20, 20, 20, 20, 20, 20, 18, 18, 18, 18, 18, 19, 19, 19, 19, 19, 20, 20, 20, 20, 20, 20, 18, 18, 18, 18, 18, 19, 19, 19, 19, 19, 20, 20, 20, 20, 20, 20, 18, 18, 18, 18, 18, 19, 19, 19, 19, 19, 20, 20, 20, 20, 20, 20, 18, 18, 18, 18, 18, 19, 19, 19, 19, 19, 20, 20, 20, 20, 20, 20, 18, 18, 18, 18, 18, 6, 6, 6, 6, 6, 6, 6, 6, 15, 15, 15, 15, 15, 15, 15, 15, 6, 6, 6, 6, 6, 6, 6, 6, 15, 15, 15, 15, 15, 15, 15, 9, 10, 10, 10, 6, 6, 6, 6, 6, 15, 15, 9, 9, 9, 9, 9, 9, 10, 10, 10, 10, 10, 10, 10, 10, 9, 9, 9, 9, 9, 9, 9, 9, 10, 10, 10, 10, 10, 10, 10, 10, 9, 9, 9, 9, 9, 9, 9, 9, 10, 10, 10, 10, 10, 10, 10, 10, 9, 9, 9, 9, 9, 9, 9, 9, 10, 10, 10, 10, 10, 10, 10, 10, 9, 9, 9, 9, 9, 9, 9, 9, 10, 10, 10, 10, 10, 10, 10, 10, 9, 9, 9, 9, 9, 9, 9, 9, 10, 10, 10, 10, 10, 10, 10, 10, 9, 9, 9, 9, 9, 9, 9, 9, 10, 10, 10, 10, 10, 10, 10, 10, 9, 9, 9, 9, 9, 9, 9, 9, 10, 10, 10, 10, 10, 10, 10, 10, 22, 22, 22, 22, 22, 22, 9, 9, 10, 10, 10, 10, 10, 10, 10, 10, 22, 22, 22, 22, 22, 22, 22, 22, 10, 10, 10, 10, 10, 10, 10, 10, 22, 22, 22, 22, 22, 22, 22, 22, 10, 10, 10, 11, 11, 11, 11, 11, 22, 22, 22, 22, 22, 22, 22, 22, 11, 11, 11, 11, 11, 11, 11, 11, 22, 22, 22, 22, 22, 22, 22, 22, 11, 11, 11, 11, 11, 11, 11, 11, 22, 22, 22, 22, 22, 22, 22, 22, 11, 11, 11, 11, 11, 11, 11, 13, 4, 4, 4, 4, 4, 19, 19, 19, 11, 11, 11, 11, 11, 11, 11, 13, 4, 4, 4, 4, 19, 19, 19, 19, 11, 11, 11, 11, 11, 11, 11, 13, 4, 4, 4, 4, 19, 19, 19, 19, 11, 11, 11, 11, 11, 11, 13, 13, 4, 4, 4, 19, 19, 19, 19, 19, 11, 11, 11, 11, 11, 11, 13, 13, 17, 4, 4, 19, 19, 19, 19, 19, 11, 11, 11, 11, 11, 11, 13, 12, 17, 4, 19, 19, 19, 19, 19, 20, 11, 11, 11, 11, 11, 12, 12, 12, 17, 17, 19, 19, 20, 20, 20, 20, 11, 11, 11, 11, 12, 12, 12, 12, 17, 17, 20, 20, 20, 20, 20, 20, 22, 22, 22, 14, 12, 12, 12, 12, 30, 30, 20, 20, 20, 20, 20, 20, 22, 22, 22, 14, 14, 12, 12, 12, 30, 30, 18, 18, 20, 20, 20, 20, 22, 22, 22, 22, 14, 14, 21, 21, 30, 30, 18, 18, 18, 18, 18, 20, 22, 22, 22, 22, 14, 14, 21, 21, 30, 2, 2, 18, 18, 18, 18, 18, 22, 22, 22, 22, 14, 14, 21, 21, 2, 2, 2, 18, 18, 18, 18, 18, 22, 22, 22, 22, 14, 14, 14, 21, 2, 2, 2, 2, 18, 18, 18, 18, 22, 22, 22, 22, 22, 14, 14, 21, 2, 2, 2, 2, 18, 18, 18, 18, 22, 22, 22, 22, 22, 14, 14, 14, 2, 2, 2, 2, 2, 18, 18, 18, 6, 6, 6, 6, 6, 6, 6, 7, 5, 5, 5, 5, 5, 5, 26, 26, 6, 6, 6, 6, 6, 6, 6, 7, 5, 5, 5, 5, 5, 26, 26, 26, 6, 6, 6, 6, 6, 6, 6, 7, 27, 5, 5, 5, 26, 26, 26, 26, 6, 6, 6, 6, 6, 6, 7, 7, 27, 5, 5, 5, 26, 26, 26, 26, 6, 6, 6, 6, 6, 6, 7, 7, 27, 5, 5, 26, 26, 26, 26, 26, 6, 6, 6, 6, 6, 6, 8, 8, 27, 27, 26, 26, 26, 26, 26, 24, 6, 6, 6, 6, 6, 8, 8, 8, 27, 27, 26, 24, 24, 24, 24, 24, 6, 6, 6, 6, 8, 8, 8, 8, 25, 25, 24, 24, 24, 24, 24, 24, 15, 15, 15, 15, 8, 8, 8, 8, 25, 25, 24, 24, 24, 24, 24, 24, 15, 15, 15, 15, 15, 8, 8, 8, 25, 25, 23, 24, 24, 24, 24, 24, 15, 15, 15, 15, 15, 15, 16, 16, 33, 33, 23, 23, 23, 23, 23, 24, 15, 15, 15, 15, 15, 15, 16, 16, 33, 1, 1, 23, 23, 23, 23, 23, 15, 15, 15, 15, 15, 15, 16, 16, 33, 1, 1, 1, 23, 23, 23, 23, 15, 15, 15, 15, 15, 15, 15, 16, 33, 1, 1, 1, 23, 23, 23, 23, 15, 15, 15, 15, 15, 15, 15, 16, 33, 1, 1, 1, 1, 23, 23, 23, 15, 15, 15, 15, 15, 15, 15, 16, 33, 1, 1, 1, 1, 1, 23, 23, 15, 9, 9, 9, 9, 9, 9, 9, 9, 9, 9, 22, 22, 22, 22, 22, 15, 15, 9, 9, 9, 9, 9, 9, 9, 9, 22, 22, 22, 22, 22, 22, 15, 15, 15, 9, 9, 9, 9, 9, 9, 9, 22, 22, 22, 22, 22, 22, 15, 15, 15, 9, 9, 9, 9, 9, 9, 9, 22, 22, 22, 22, 22, 22, 15, 15, 15, 15, 9, 9, 9, 9, 9, 9, 22, 22, 22, 22, 22, 22, 15, 15, 15, 15, 15, 9, 9, 9, 9, 22, 22, 22, 22, 22, 14, 14, 15, 15, 15, 15, 15, 9, 9, 9, 9, 22, 22, 22, 22, 14, 14, 14, 16, 15, 15, 15, 15, 15, 9, 9, 9, 22, 22, 22, 14, 14, 14, 14, 33, 28, 28, 28, 28, 28, 0, 0, 0, 32, 32, 32, 32, 2, 2, 2, 1, 1, 1, 1, 1, 1, 0, 0, 0, 32, 2, 2, 2, 2, 2, 2, 1, 1, 1, 1, 1, 1, 1, 1, 2, 2, 2, 2, 2, 2, 2, 2, 1, 1, 1, 1, 1, 1, 1, 1, 2, 2, 2, 2, 2, 2, 2, 2, 1, 1, 1, 1, 1, 1, 1, 1, 18, 18, 2, 2, 2, 2, 2, 2, 1, 1, 1, 1, 1, 1, 1, 1, 18, 18, 18, 18, 18, 18, 18, 18, 23, 23, 23, 23, 23, 23, 23, 23, 18, 18, 18, 18, 18, 18, 18, 18, 23, 23, 23, 23, 23, 23, 23, 23, 18, 18, 18, 18, 18, 18, 18, 18, 6, 6, 10, 10, 10, 10, 10, 10, 10, 10, 10, 10, 10, 10, 11, 11, 6, 6, 6, 10, 10, 10, 10, 10, 10, 10, 10, 10, 10, 11, 11, 11, 6, 6, 6, 10, 10, 10, 10, 10, 10, 10, 10, 10, 10, 11, 11, 11, 6, 6, 6, 6, 10, 10, 10, 10, 10, 10, 10, 10, 11, 11, 11, 11, 6, 6, 6, 6, 10, 10, 10, 10, 10, 10, 10, 10, 11, 11, 11, 11, 6, 6, 6, 6, 6, 10, 10, 10, 10, 10, 10, 11, 11, 11, 11, 11, 6, 6, 6, 6, 6, 6, 10, 10, 10, 10, 11, 11, 11, 11, 11, 11, 7, 7, 6, 6, 6, 6, 10, 10, 10, 10, 11, 11, 11, 11, 11, 13, 5, 29, 29, 29, 29, 29, 3, 3, 3, 31, 31, 31, 31, 4, 4, 4, 5, 5, 5, 5, 5, 5, 3, 3, 3, 31, 4, 4, 4, 4, 4, 4, 5, 5, 5, 5, 5, 5, 5, 5, 4, 4, 4, 4, 4, 4, 4, 4, 5, 5, 5, 5, 5, 5, 5, 5, 4, 4, 4, 4, 4, 4, 4, 4, 5, 5, 5, 5, 5, 5, 5, 5, 19, 19, 4, 4, 4, 4, 4, 4, 5, 5, 5, 5, 5, 5, 5, 5, 19, 19, 19, 19, 19, 19, 19, 19, 26, 26, 26, 26, 26, 26, 26, 26, 19, 19, 19, 19, 19, 19, 19, 19, 26, 26, 26, 26, 26, 26, 26, 26, 19, 19, 19, 19, 19, 19, 19, 19, 22, 22, 22, 22, 22, 22, 22, 22, 11, 11, 11, 11, 11, 11, 11, 11, 22, 22, 22, 22, 22, 22, 22, 22, 11, 11, 11, 11, 11, 11, 11, 11, 22, 22, 22, 22, 22, 22, 22, 22, 11, 11, 11, 11, 11, 10, 10, 10, 22, 22, 22, 22, 22, 22, 22, 22, 10, 10, 10, 10, 10, 10, 10, 10, 22, 22, 22, 22, 22, 22, 22, 22, 10, 10, 10, 10, 10, 10, 10, 10, 9, 9, 22, 22, 22, 22, 22, 22, 10, 10, 10, 10, 10, 10, 10, 10, 9, 9, 9, 9, 9, 9, 9, 9, 10, 10, 10, 10, 10, 10, 10, 10, 9, 9, 9, 9, 9, 9, 9, 9, 10, 10, 10, 10, 10, 10, 10, 10, 9, 9, 9, 9, 9, 9, 9, 9, 10, 10, 10, 10, 10, 10, 10, 10, 9, 9, 9, 9, 9, 9, 9, 9, 10, 10, 10, 10, 10, 10, 10, 10, 9, 9, 9, 9, 9, 9, 9, 9, 10, 10, 10, 10, 10, 10, 10, 10, 9, 9, 9, 9, 9, 9, 9, 9, 10, 10, 10, 10, 10, 10, 10, 10, 9, 9, 9, 9, 9, 9, 9, 9, 10, 10, 10, 10, 10, 10, 10, 10, 9, 9, 9, 9, 9, 9, 15, 15, 6, 6, 6, 6, 6, 10, 10, 10, 9, 15, 15, 15, 15, 15, 15, 15, 6, 6, 6, 6, 6, 6, 6, 6, 15, 15, 15, 15, 15, 15, 15, 15, 6, 6, 6, 6, 6, 6, 6, 6, 18, 18, 18, 18, 18, 20, 20, 20, 20, 20, 20, 19, 19, 19, 19, 19, 18, 18, 18, 18, 18, 20, 20, 20, 20, 20, 20, 19, 19, 19, 19, 19, 18, 18, 18, 18, 18, 20, 20, 20, 20, 20, 20, 19, 19, 19, 19, 19, 18, 18, 18, 18, 18, 20, 20, 20, 20, 20, 20, 19, 19, 19, 19, 19, 18, 18, 18, 18, 18, 20, 20, 20, 20, 20, 20, 19, 19, 19, 19, 19, 18, 18, 18, 18, 18, 20, 20, 20, 20, 20, 20, 19, 19, 19, 19, 19, 18, 18, 18, 18, 18, 20, 20, 20, 20, 20, 20, 19, 19, 19, 19, 19, 18, 18, 18, 18, 18, 20, 20, 20, 20, 20, 20, 19, 19, 19, 19, 19, 23, 23, 23, 23, 23, 23, 24, 24, 24, 24, 26, 26, 26, 26, 26, 26, 23, 23, 23, 23, 23, 23, 24, 24, 24, 24, 26, 26, 26, 26, 26, 26, 23, 23, 23, 23, 23, 23, 24, 24, 24, 24, 26, 26, 26, 26, 26, 26, 23, 23, 23, 23, 23, 23, 24, 24, 24, 24, 26, 26, 26, 26, 26, 26, 23, 23, 23, 23, 23, 24, 24, 24, 24, 24, 24, 26, 26, 26, 26, 26, 23, 23, 23, 23, 23, 24, 24, 24, 24, 24, 24, 26, 26, 26, 26, 26, 23, 23, 23, 23, 23, 24, 24, 24, 24, 24, 24, 26, 26, 26, 26, 26, 23, 23, 23, 23, 23, 24, 24, 24, 24, 24, 24, 26, 26, 26, 26, 26, 23, 23, 1, 1, 1, 1, 1, 33, 16, 15, 15, 15, 15, 15, 15, 15, 23, 23, 23, 1, 1, 1, 1, 33, 16, 15, 15, 15, 15, 15, 15, 15, 23, 23, 23, 23, 1, 1, 1, 33, 16, 15, 15, 15, 15, 15, 15, 15, 23, 23, 23, 23, 1, 1, 1, 33, 16, 16, 15, 15, 15, 15, 15, 15, 23, 23, 23, 23, 23, 1, 1, 33, 16, 16, 15, 15, 15, 15, 15, 15, 24, 23, 23, 23, 23, 23, 33, 33, 16, 16, 15, 15, 15, 15, 15, 15, 24, 24, 24, 24, 24, 23, 25, 25, 8, 8, 8, 15, 15, 15, 15, 15, 24, 24, 24, 24, 24, 24, 25, 25, 8, 8, 8, 8, 15, 15, 15, 15, 24, 24, 24, 24, 24, 24, 25, 25, 8, 8, 8, 8, 6, 6, 6, 6, 24, 24, 24, 24, 24, 26, 27, 27, 8, 8, 8, 6, 6, 6, 6, 6, 24, 26, 26, 26, 26, 26, 27, 27, 8, 8, 6, 6, 6, 6, 6, 6, 26, 26, 26, 26, 26, 5, 5, 27, 7, 7, 6, 6, 6, 6, 6, 6, 26, 26, 26, 26, 5, 5, 5, 27, 7, 7, 6, 6, 6, 6, 6, 6, 26, 26, 26, 26, 5, 5, 5, 27, 7, 6, 6, 6, 6, 6, 6, 6, 26, 26, 26, 5, 5, 5, 5, 5, 7, 6, 6, 6, 6, 6, 6, 6, 26, 26, 5, 5, 5, 5, 5, 5, 7, 6, 6, 6, 6, 6, 6, 6, 18, 18, 18, 2, 2, 2, 2, 2, 14, 14, 14, 22, 22, 22, 22, 22, 18, 18, 18, 18, 2, 2, 2, 2, 21, 14, 14, 22, 22, 22, 22, 22, 18, 18, 18, 18, 2, 2, 2, 2, 21, 14, 14, 14, 22, 22, 22, 22, 18, 18, 18, 18, 18, 2, 2, 2, 21, 21, 14, 14, 22, 22, 22, 22, 18, 18, 18, 18, 18, 2, 2, 30, 21, 21, 14, 14, 22, 22, 22, 22, 20, 18, 18, 18, 18, 18, 30, 30, 21, 21, 14, 14, 22, 22, 22, 22, 20, 20, 20, 20, 18, 18, 30, 30, 12, 12, 12, 14, 14, 22, 22, 22, 20, 20, 20, 20, 20, 20, 30, 30, 12, 12, 12, 12, 14, 22, 22, 22, 20, 20, 20, 20, 20, 20, 17, 17, 12, 12, 12, 12, 11, 11, 11, 11, 20, 20, 20, 20, 19, 19, 17, 17, 12, 12, 12, 11, 11, 11, 11, 11, 20, 19, 19, 19, 19, 19, 4, 17, 12, 13, 11, 11, 11, 11, 11, 11, 19, 19, 19, 19, 19, 4, 4, 17, 13, 13, 11, 11, 11, 11, 11, 11, 19, 19, 19, 19, 19, 4, 4, 4, 13, 13, 11, 11, 11, 11, 11, 11, 19, 19, 19, 19, 4, 4, 4, 4, 13, 11, 11, 11, 11, 11, 11, 11, 19, 19, 19, 19, 4, 4, 4, 4, 13, 11, 11, 11, 11, 11, 11, 11, 19, 19, 19, 4, 4, 4, 4, 4, 13, 11, 11, 11, 11, 11, 11, 11, 19, 19, 19, 19, 19, 19, 19, 19, 26, 26, 26, 26, 26, 26, 26, 26, 19, 19, 19, 19, 19, 19, 19, 19, 26, 26, 26, 26, 26, 26, 26, 26, 19, 19, 19, 19, 19, 19, 19, 19, 5, 5, 5, 5, 5, 5, 5, 5, 4, 4, 4, 4, 4, 4, 19, 19, 5, 5, 5, 5, 5, 5, 5, 5, 4, 4, 4, 4, 4, 4, 4, 4, 5, 5, 5, 5, 5, 5, 5, 5, 4, 4, 4, 4, 4, 4, 4, 4, 5, 5, 5, 5, 5, 5, 5, 5, 4, 4, 4, 4, 4, 4, 31, 3, 3, 3, 5, 5, 5, 5, 5, 5, 4, 4, 4, 31, 31, 31, 31, 3, 3, 3, 29, 29, 29, 29, 29, 5, 13, 11, 11, 11, 11, 11, 10, 10, 10, 10, 6, 6, 6, 6, 7, 7, 11, 11, 11, 11, 11, 11, 10, 10, 10, 10, 6, 6, 6, 6, 6, 6, 11, 11, 11, 11, 11, 10, 10, 10, 10, 10, 10, 6, 6, 6, 6, 6, 11, 11, 11, 11, 10, 10, 10, 10, 10, 10, 10, 10, 6, 6, 6, 6, 11, 11, 11, 11, 10, 10, 10, 10, 10, 10, 10, 10, 6, 6, 6, 6, 11, 11, 11, 10, 10, 10, 10, 10, 10, 10, 10, 10, 10, 6, 6, 6, 11, 11, 11, 10, 10, 10, 10, 10, 10, 10, 10, 10, 10, 6, 6, 6, 11, 11, 10, 10, 10, 10, 10, 10, 10, 10, 10, 10, 10, 10, 6, 6, 18, 18, 18, 18, 18, 18, 18, 18, 23, 23, 23, 23, 23, 23, 23, 23, 18, 18, 18, 18, 18, 18, 18, 18, 23, 23, 23, 23, 23, 23, 23, 23, 18, 18, 18, 18, 18, 18, 18, 18, 1, 1, 1, 1, 1, 1, 1, 1, 2, 2, 2, 2, 2, 2, 18, 18, 1, 1, 1, 1, 1, 1, 1, 1, 2, 2, 2, 2, 2, 2, 2, 2, 1, 1, 1, 1, 1, 1, 1, 1, 2, 2, 2, 2, 2, 2, 2, 2, 1, 1, 1, 1, 1, 1, 1, 1, 2, 2, 2, 2, 2, 2, 32, 0, 0, 0, 1, 1, 1, 1, 1, 1, 2, 2, 2, 32, 32, 32, 32, 0, 0, 0, 28, 28, 28, 28, 28, 33, 14, 14, 14, 14, 22, 22, 22, 9, 9, 9, 15, 15, 15, 15, 15, 16, 14, 14, 14, 22, 22, 22, 22, 9, 9, 9, 9, 15, 15, 15, 15, 15, 14, 14, 22, 22, 22, 22, 22, 9, 9, 9, 9, 15, 15, 15, 15, 15, 22, 22, 22, 22, 22, 22, 9, 9, 9, 9, 9, 9, 15, 15, 15, 15, 22, 22, 22, 22, 22, 22, 9, 9, 9, 9, 9, 9, 9, 15, 15, 15, 22, 22, 22, 22, 22, 22, 9, 9, 9, 9, 9, 9, 9, 15, 15, 15, 22, 22, 22, 22, 22, 22, 9, 9, 9, 9, 9, 9, 9, 9, 15, 15, 22, 22, 22, 22, 22, 9, 9, 9, 9, 9, 9, 9, 9, 9, 9, 15, 73, 67, 69, 1, 86, 65, 76, 69, 2, 0, 0, 0, 34, 0, 0, 0, 186, 0, 0, 0, 7, 0, 0, 0, 6, 6, 6, 5, 6, 7, 6, 5, 7, 5, 5, 6, 6, 5, 5, 5, 4, 6, 5, 5, 7, 5, 6, 6, 4, 6, 6, 5, 5, 4, 6, 4, 5, 6, 9, 22, 32, 2, 1, 28, 2, 18, 23, 33, 28, 0, 0, 32, 21, 30, 18, 1, 4, 31, 10, 29, 5, 5, 19, 17, 13, 31, 3, 3, 29, 7, 27, 26, 19, 4, 7, 29, 10, 9, 15, 8, 8, 27, 5, 29, 6, 6, 15, 16, 33, 25, 27, 7, 15, 6, 10, 22, 0, 6, 3, 11, 22, 9, 12, 14, 22, 10, 31, 13, 13, 17, 30, 21, 14, 11, 11, 31, 4, 17, 12, 12, 21, 32, 22, 11, 28, 16, 8, 6, 9, 15, 28, 33, 8, 4, 19, 20, 30, 12, 13, 2, 30, 20, 23, 1, 5, 26, 20, 17, 4, 19, 26, 24, 23, 18, 30, 17, 12, 30, 2, 32, 14, 14, 32, 0, 9, 10, 11, 24, 25, 33, 1, 18, 20, 20, 26, 25, 23, 24, 26, 27, 8, 33, 23, 5, 27, 25, 24, 20, 19, 25, 26, 5, 7, 8, 0, 1, 33, 16, 15, 7, 5, 3, 6, 2, 21, 12, 17, 20, 18, 3, 4, 13, 11, 14, 21, 2, 0, 22, 1, 23, 25, 8, 16, 28, 0, 0, 128, 191, 51, 118, 139, 60, 244, 217, 170, 60, 90, 9, 33, 60, 90, 9, 33, 60]
            }
        }

        over "Link11"
        {
            over "collisions" (
                prepend apiSchemas = ["PhysxCookedDataAPI:convexHull"]
            )
            {
                uchar[] physxCookedData:convexHull:buffer = [9, 87, 98, 148, 77, 81, 163, 106, 213, 199, 120, 23, 142, 181, 51, 198, 249, 78, 88, 83, 1, 67, 86, 88, 77, 14, 0, 0, 0, 0, 0, 0, 0, 73, 67, 69, 1, 67, 76, 72, 76, 9, 0, 0, 0, 34, 0, 0, 0, 93, 128, 0, 0, 61, 0, 0, 0, 186, 0, 0, 0, 19, 131, 192, 60, 13, 122, 251, 35, 188, 116, 147, 60, 156, 249, 62, 61, 205, 204, 76, 188, 199, 223, 45, 60, 229, 123, 57, 61, 244, 253, 84, 60, 109, 108, 50, 60, 19, 131, 192, 60, 216, 12, 207, 35, 188, 116, 147, 188, 229, 123, 57, 61, 244, 253, 84, 60, 109, 108, 50, 188, 156, 249, 62, 61, 205, 204, 76, 188, 199, 223, 45, 188, 30, 208, 113, 187, 190, 153, 232, 187, 127, 129, 135, 188, 53, 60, 61, 60, 95, 41, 75, 188, 159, 197, 85, 188, 181, 77, 140, 60, 73, 68, 147, 188, 38, 254, 110, 186, 94, 53, 2, 188, 126, 93, 112, 186, 186, 67, 147, 60, 111, 18, 3, 188, 221, 130, 50, 36, 188, 116, 147, 188, 2, 200, 113, 187, 190, 153, 232, 59, 127, 129, 135, 188, 181, 77, 140, 60, 73, 68, 147, 60, 38, 254, 110, 58, 221, 210, 71, 60, 6, 192, 85, 60, 67, 47, 75, 188, 37, 61, 221, 186, 137, 30, 0, 60, 117, 208, 132, 60, 55, 5, 129, 187, 31, 51, 228, 187, 4, 249, 135, 60, 105, 72, 91, 60, 146, 53, 105, 188, 116, 132, 52, 60, 3, 120, 11, 61, 110, 193, 145, 60, 168, 161, 50, 187, 158, 73, 81, 61, 205, 204, 76, 60, 95, 160, 246, 59, 158, 73, 81, 61, 205, 204, 76, 60, 95, 160, 246, 187, 172, 250, 92, 61, 205, 204, 76, 60, 106, 34, 219, 35, 87, 89, 108, 60, 127, 70, 122, 60, 114, 255, 27, 60, 45, 199, 215, 187, 32, 219, 148, 59, 206, 174, 142, 60, 242, 191, 84, 61, 205, 204, 76, 188, 216, 69, 211, 59, 49, 110, 92, 61, 244, 253, 84, 188, 220, 105, 7, 36, 3, 120, 11, 61, 73, 68, 147, 188, 38, 254, 110, 58, 242, 191, 84, 61, 205, 204, 76, 188, 216, 69, 211, 187, 3, 120, 11, 61, 245, 70, 138, 188, 86, 217, 204, 187, 85, 10, 211, 60, 18, 31, 15, 188, 123, 237, 128, 60, 85, 10, 211, 60, 18, 31, 15, 188, 123, 237, 128, 188, 3, 120, 11, 61, 176, 191, 142, 60, 68, 215, 147, 59, 81, 118, 204, 60, 190, 153, 232, 59, 127, 129, 135, 188, 81, 118, 204, 60, 190, 153, 232, 59, 127, 129, 135, 60, 3, 120, 11, 61, 253, 98, 132, 188, 165, 224, 1, 60, 10, 108, 202, 59, 86, 78, 114, 190, 135, 185, 120, 63, 100, 116, 144, 188, 0, 0, 4, 11, 19, 66, 157, 62, 96, 141, 189, 59, 5, 159, 115, 63, 113, 116, 199, 188, 4, 0, 3, 10, 19, 66, 157, 62, 115, 141, 189, 59, 5, 159, 115, 191, 113, 116, 199, 188, 7, 0, 3, 9, 107, 239, 126, 190, 225, 25, 107, 191, 188, 127, 157, 190, 69, 57, 77, 188, 10, 0, 3, 2, 170, 133, 90, 191, 74, 82, 5, 191, 32, 250, 68, 188, 155, 219, 230, 187, 13, 0, 3, 20, 225, 50, 146, 190, 219, 166, 109, 63, 41, 198, 115, 190, 228, 189, 61, 188, 16, 0, 3, 23, 221, 59, 240, 190, 236, 14, 98, 63, 138, 23, 23, 60, 86, 143, 0, 188, 19, 0, 3, 24, 187, 4, 168, 190, 182, 2, 109, 191, 145, 4, 64, 62, 236, 204, 49, 188, 22, 0, 3, 19, 241, 117, 85, 191, 62, 80, 13, 191, 169, 217, 130, 187, 119, 96, 231, 187, 25, 0, 3, 20, 205, 44, 237, 190, 107, 224, 98, 191, 154, 184, 8, 57, 197, 9, 3, 188, 28, 0, 3, 20, 42, 108, 190, 60, 200, 52, 96, 63, 101, 214, 246, 190, 253, 230, 144, 188, 31, 0, 3, 16, 172, 211, 117, 189, 204, 110, 113, 63, 7, 116, 167, 190, 15, 6, 128, 188, 34, 0, 3, 33, 174, 128, 0, 63, 140, 11, 139, 60, 113, 94, 93, 63, 233, 148, 4, 189, 37, 0, 3, 10, 174, 128, 0, 63, 137, 11, 139, 60, 112, 94, 93, 191, 233, 148, 4, 189, 40, 0, 3, 9, 19, 232, 100, 62, 75, 113, 113, 63, 142, 236, 123, 190, 143, 80, 205, 188, 43, 0, 3, 16, 225, 145, 137, 62, 195, 51, 117, 63, 122, 177, 208, 189, 199, 212, 216, 188, 46, 0, 3, 8, 84, 223, 179, 190, 116, 77, 107, 63, 154, 111, 54, 62, 3, 205, 46, 188, 49, 0, 3, 26, 193, 174, 13, 191, 115, 46, 85, 63, 213, 147, 125, 60, 168, 54, 252, 187, 52, 0, 3, 24, 2, 234, 89, 191, 97, 20, 6, 63, 208, 220, 7, 189, 79, 181, 242, 187, 55, 0, 3, 24, 159, 84, 120, 191, 6, 166, 120, 62, 146, 91, 249, 59, 82, 205, 249, 187, 58, 0, 3, 24, 117, 239, 116, 187, 141, 152, 210, 61, 35, 164, 126, 63, 45, 244, 145, 188, 61, 0, 3, 3, 245, 200, 117, 63, 183, 73, 165, 187, 77, 42, 143, 62, 66, 231, 83, 189, 64, 0, 3, 10, 22, 85, 111, 63, 97, 152, 133, 60, 139, 136, 181, 62, 58, 109, 79, 189, 67, 0, 3, 10, 208, 221, 29, 63, 82, 241, 86, 188, 105, 128, 73, 63, 124, 167, 24, 189, 70, 0, 3, 10, 11, 213, 125, 62, 232, 41, 117, 191, 40, 223, 21, 62, 33, 69, 211, 188, 73, 0, 3, 12, 208, 221, 29, 63, 78, 241, 86, 188, 105, 128, 73, 191, 124, 167, 24, 189, 76, 0, 3, 9, 22, 85, 111, 63, 97, 152, 133, 60, 139, 136, 181, 190, 58, 109, 79, 189, 79, 0, 3, 9, 245, 200, 117, 63, 175, 73, 165, 187, 77, 42, 143, 190, 65, 231, 83, 189, 82, 0, 3, 9, 239, 25, 113, 62, 17, 24, 118, 191, 44, 117, 18, 190, 16, 45, 206, 188, 85, 0, 3, 12, 136, 163, 133, 60, 163, 3, 125, 191, 153, 10, 27, 190, 0, 248, 148, 188, 88, 0, 3, 12, 13, 144, 131, 189, 223, 234, 106, 191, 176, 202, 200, 190, 255, 13, 129, 188, 91, 0, 3, 30, 150, 72, 46, 61, 237, 126, 67, 191, 158, 235, 36, 191, 241, 116, 150, 188, 94, 0, 3, 21, 77, 51, 102, 62, 227, 98, 110, 191, 30, 234, 146, 190, 46, 42, 206, 188, 97, 0, 3, 21, 241, 67, 111, 62, 18, 11, 118, 191, 12, 197, 22, 190, 130, 157, 205, 188, 100, 0, 3, 12, 83, 32, 121, 188, 139, 161, 33, 191, 34, 124, 70, 63, 33, 239, 141, 188, 103, 0, 3, 13, 224, 34, 77, 62, 173, 91, 73, 190, 248, 180, 117, 63, 194, 23, 180, 188, 106, 0, 3, 10, 215, 51, 22, 188, 243, 134, 17, 191, 150, 153, 82, 191, 227, 206, 144, 188, 109, 0, 3, 32, 147, 33, 8, 165, 137, 59, 106, 190, 112, 54, 121, 191, 231, 139, 143, 188, 112, 0, 4, 22, 220, 34, 77, 62, 173, 91, 73, 190, 248, 180, 117, 191, 193, 23, 180, 188, 116, 0, 3, 22, 171, 101, 65, 61, 234, 34, 52, 191, 248, 126, 53, 191, 115, 185, 151, 188, 119, 0, 3, 14, 174, 142, 104, 62, 225, 199, 112, 63, 1, 80, 129, 62, 30, 242, 206, 188, 122, 0, 3, 8, 30, 44, 133, 62, 60, 229, 117, 63, 173, 5, 202, 61, 3, 80, 213, 188, 125, 0, 3, 8, 86, 56, 128, 62, 62, 134, 119, 63, 39, 217, 72, 61, 119, 176, 209, 188, 128, 0, 3, 8, 191, 81, 178, 60, 96, 156, 127, 63, 235, 104, 79, 61, 162, 121, 150, 188, 131, 0, 3, 8, 181, 219, 250, 188, 94, 214, 116, 63, 156, 183, 148, 62, 221, 183, 138, 188, 134, 0, 3, 27, 182, 186, 34, 61, 102, 53, 90, 63, 130, 123, 5, 63, 130, 7, 152, 188, 137, 0, 3, 7, 181, 152, 239, 36, 42, 33, 78, 62, 121, 194, 122, 191, 4, 112, 144, 188, 140, 0, 4, 9, 0, 0, 0, 0, 162, 62, 18, 63, 141, 29, 82, 191, 5, 112, 144, 188, 144, 0, 3, 28, 19, 208, 21, 61, 151, 96, 31, 63, 51, 30, 72, 191, 105, 155, 149, 188, 147, 0, 3, 15, 2, 241, 100, 62, 33, 142, 27, 62, 123, 120, 118, 191, 16, 2, 185, 188, 150, 0, 3, 9, 63, 118, 12, 187, 52, 25, 178, 62, 42, 3, 112, 63, 29, 213, 146, 188, 153, 0, 3, 6, 75, 158, 53, 60, 209, 224, 75, 62, 206, 219, 122, 63, 234, 160, 146, 188, 156, 0, 3, 10, 3, 241, 100, 62, 33, 142, 27, 62, 123, 120, 118, 63, 16, 2, 185, 188, 159, 0, 3, 10, 12, 105, 128, 60, 232, 175, 41, 63, 6, 164, 63, 63, 62, 48, 143, 188, 162, 0, 3, 7, 54, 132, 11, 60, 45, 91, 40, 63, 41, 215, 64, 63, 170, 14, 142, 188, 165, 0, 3, 7, 150, 2, 77, 61, 55, 99, 50, 191, 112, 42, 55, 63, 194, 172, 152, 188, 168, 0, 3, 13, 117, 84, 39, 61, 82, 194, 51, 191, 123, 248, 53, 63, 209, 131, 150, 188, 171, 0, 3, 13, 213, 114, 62, 189, 220, 9, 117, 191, 30, 75, 146, 62, 177, 77, 132, 188, 174, 0, 3, 17, 221, 39, 221, 188, 200, 188, 119, 191, 137, 73, 128, 62, 198, 218, 136, 188, 177, 0, 3, 17, 19, 223, 90, 62, 188, 25, 114, 191, 143, 188, 122, 62, 97, 184, 200, 188, 180, 0, 3, 12, 206, 157, 91, 62, 133, 5, 112, 191, 231, 40, 140, 62, 96, 185, 201, 188, 183, 0, 3, 13, 28, 0, 9, 15, 0, 1, 2, 3, 4, 5, 6, 7, 8, 6, 9, 10, 11, 12, 13, 11, 14, 12, 15, 8, 16, 15, 9, 6, 15, 6, 8, 17, 4, 13, 17, 13, 12, 18, 2, 1, 19, 5, 4, 19, 4, 17, 19, 17, 20, 21, 12, 14, 22, 14, 11, 22, 11, 10, 22, 10, 9, 22, 9, 0, 23, 24, 20, 23, 20, 18, 23, 18, 1, 23, 25, 24, 26, 5, 19, 26, 19, 20, 26, 20, 24, 26, 24, 25, 27, 25, 8, 27, 8, 7, 27, 7, 5, 27, 5, 26, 27, 26, 25, 28, 15, 16, 28, 1, 0, 29, 7, 6, 29, 6, 10, 3, 29, 3, 5, 29, 5, 7, 30, 2, 18, 30, 18, 20, 30, 20, 17, 30, 17, 12, 30, 12, 21, 30, 21, 2, 31, 3, 10, 11, 31, 11, 13, 31, 13, 4, 31, 4, 3, 32, 14, 22, 32, 22, 0, 32, 0, 2, 32, 2, 21, 32, 21, 14, 33, 1, 28, 33, 28, 16, 33, 16, 8, 33, 8, 25, 33, 25, 23, 33, 23, 1, 0, 35, 0, 20, 0, 8, 0, 34, 1, 35, 1, 12, 1, 52, 2, 49, 2, 13, 2, 38, 3, 36, 3, 30, 3, 9, 4, 8, 4, 19, 4, 37, 5, 6, 5, 11, 5, 47, 6, 17, 6, 16, 7, 9, 7, 57, 7, 34, 8, 9, 10, 14, 10, 48, 10, 11, 11, 43, 12, 40, 12, 23, 13, 25, 13, 14, 14, 15, 15, 42, 15, 26, 16, 44, 16, 54, 17, 50, 17, 18, 18, 46, 18, 19, 19, 20, 20, 51, 21, 24, 21, 27, 21, 22, 22, 41, 22, 23, 23, 60, 24, 59, 24, 28, 25, 32, 25, 26, 26, 27, 27, 28, 28, 33, 29, 33, 29, 58, 29, 30, 30, 31, 31, 39, 31, 32, 32, 33, 34, 56, 35, 55, 36, 39, 36, 37, 37, 46, 37, 38, 38, 39, 40, 45, 40, 41, 41, 42, 42, 43, 43, 44, 44, 45, 45, 53, 46, 49, 46, 47, 47, 48, 48, 49, 50, 54, 50, 51, 51, 52, 52, 53, 53, 54, 55, 60, 55, 56, 56, 57, 57, 58, 58, 59, 59, 60, 0, 1, 20, 1, 12, 23, 1, 12, 40, 2, 37, 38, 2, 10, 13, 2, 13, 25, 3, 4, 8, 3, 30, 31, 3, 7, 9, 0, 4, 8, 4, 18, 19, 5, 6, 17, 5, 6, 11, 5, 10, 11, 6, 16, 17, 0, 7, 8, 7, 34, 56, 10, 11, 14, 12, 22, 23, 13, 14, 15, 15, 21, 22, 16, 44, 45, 17, 18, 19, 21, 22, 23, 21, 24, 27, 24, 28, 29, 25, 26, 27, 29, 30, 31, 0, 34, 35, 36, 37, 38, 40, 41, 42, 46, 47, 48, 50, 51, 52, 55, 56, 57, 28, 0, 0, 0, 0, 0, 9, 0, 9, 0, 15, 0, 15, 0, 28, 0, 0, 0, 1, 0, 1, 0, 2, 0, 2, 0, 0, 0, 3, 0, 4, 0, 4, 0, 5, 0, 5, 0, 3, 0, 6, 0, 7, 0, 7, 0, 8, 0, 8, 0, 6, 0, 6, 0, 9, 0, 9, 0, 10, 0, 10, 0, 6, 0, 11, 0, 12, 0, 12, 0, 13, 0, 13, 0, 11, 0, 11, 0, 14, 0, 14, 0, 12, 0, 15, 0, 8, 0, 8, 0, 16, 0, 16, 0, 15, 0, 6, 0, 15, 0, 17, 0, 4, 0, 4, 0, 13, 0, 13, 0, 17, 0, 12, 0, 17, 0, 18, 0, 2, 0, 1, 0, 18, 0, 19, 0, 5, 0, 4, 0, 19, 0, 17, 0, 19, 0, 17, 0, 20, 0, 20, 0, 19, 0, 21, 0, 12, 0, 14, 0, 21, 0, 22, 0, 14, 0, 11, 0, 22, 0, 11, 0, 10, 0, 10, 0, 22, 0, 9, 0, 22, 0, 0, 0, 22, 0, 23, 0, 24, 0, 24, 0, 20, 0, 20, 0, 23, 0, 20, 0, 18, 0, 18, 0, 23, 0, 1, 0, 23, 0, 23, 0, 25, 0, 25, 0, 24, 0, 26, 0, 5, 0, 19, 0, 26, 0, 20, 0, 26, 0, 24, 0, 26, 0, 25, 0, 26, 0, 27, 0, 25, 0, 25, 0, 8, 0, 8, 0, 27, 0, 7, 0, 27, 0, 7, 0, 5, 0, 5, 0, 27, 0, 26, 0, 27, 0, 16, 0, 28, 0, 28, 0, 1, 0, 29, 0, 7, 0, 6, 0, 29, 0, 10, 0, 3, 0, 3, 0, 29, 0, 5, 0, 29, 0, 30, 0, 2, 0, 18, 0, 30, 0, 20, 0, 30, 0, 17, 0, 30, 0, 12, 0, 30, 0, 21, 0, 30, 0, 21, 0, 2, 0, 31, 0, 3, 0, 11, 0, 31, 0, 13, 0, 31, 0, 4, 0, 31, 0, 32, 0, 14, 0, 22, 0, 32, 0, 0, 0, 32, 0, 2, 0, 32, 0, 21, 0, 32, 0, 33, 0, 1, 0, 28, 0, 33, 0, 16, 0, 33, 0, 8, 0, 33, 0, 25, 0, 33, 0, 23, 0, 33, 0, 0, 0, 0, 0, 112, 18, 3, 188, 73, 68, 147, 188, 188, 116, 147, 188, 172, 250, 92, 61, 73, 68, 147, 60, 188, 116, 147, 60, 40, 234, 61, 56, 44, 45, 210, 49, 49, 130, 9, 46, 30, 210, 83, 173, 49, 130, 9, 46, 77, 105, 31, 51, 7, 178, 63, 172, 30, 210, 83, 173, 7, 178, 63, 172, 67, 27, 30, 51, 150, 171, 186, 60, 112, 82, 166, 183, 48, 133, 255, 55, 0, 0, 128, 63, 73, 67, 69, 1, 83, 85, 80, 77, 0, 0, 0, 0, 73, 67, 69, 1, 71, 65, 85, 83, 0, 0, 0, 0, 16, 0, 0, 0, 0, 6, 0, 0, 26, 26, 26, 26, 26, 24, 24, 24, 24, 24, 24, 23, 23, 23, 23, 23, 26, 26, 26, 26, 26, 24, 24, 24, 24, 24, 24, 23, 23, 23, 23, 23, 26, 26, 26, 26, 26, 24, 24, 24, 24, 24, 24, 23, 23, 23, 23, 23, 26, 26, 26, 26, 26, 24, 24, 24, 24, 24, 24, 23, 23, 23, 23, 23, 26, 26, 26, 26, 26, 26, 24, 24, 24, 24, 23, 23, 23, 23, 23, 23, 26, 26, 26, 26, 26, 26, 24, 24, 24, 24, 23, 23, 23, 23, 23, 23, 26, 26, 26, 26, 26, 26, 24, 24, 24, 24, 23, 23, 23, 23, 23, 23, 26, 26, 26, 26, 26, 26, 24, 24, 24, 24, 23, 23, 23, 23, 23, 23, 19, 19, 19, 19, 19, 20, 20, 20, 20, 20, 20, 18, 18, 18, 18, 18, 19, 19, 19, 19, 19, 20, 20, 20, 20, 20, 20, 18, 18, 18, 18, 18, 19, 19, 19, 19, 19, 20, 20, 20, 20, 20, 20, 18, 18, 18, 18, 18, 19, 19, 19, 19, 19, 20, 20, 20, 20, 20, 20, 18, 18, 18, 18, 18, 19, 19, 19, 19, 19, 20, 20, 20, 20, 20, 20, 18, 18, 18, 18, 18, 19, 19, 19, 19, 19, 20, 20, 20, 20, 20, 20, 18, 18, 18, 18, 18, 19, 19, 19, 19, 19, 20, 20, 20, 20, 20, 20, 18, 18, 18, 18, 18, 19, 19, 19, 19, 19, 20, 20, 20, 20, 20, 20, 18, 18, 18, 18, 18, 6, 6, 6, 6, 6, 6, 6, 6, 15, 15, 15, 15, 15, 15, 15, 15, 6, 6, 6, 6, 6, 6, 6, 6, 15, 15, 15, 15, 15, 15, 15, 9, 10, 10, 10, 6, 6, 6, 6, 6, 15, 15, 9, 9, 9, 9, 9, 9, 10, 10, 10, 10, 10, 10, 10, 10, 9, 9, 9, 9, 9, 9, 9, 9, 10, 10, 10, 10, 10, 10, 10, 10, 9, 9, 9, 9, 9, 9, 9, 9, 10, 10, 10, 10, 10, 10, 10, 10, 9, 9, 9, 9, 9, 9, 9, 9, 10, 10, 10, 10, 10, 10, 10, 10, 9, 9, 9, 9, 9, 9, 9, 9, 10, 10, 10, 10, 10, 10, 10, 10, 9, 9, 9, 9, 9, 9, 9, 9, 10, 10, 10, 10, 10, 10, 10, 10, 9, 9, 9, 9, 9, 9, 9, 9, 10, 10, 10, 10, 10, 10, 10, 10, 9, 9, 9, 9, 9, 9, 9, 9, 10, 10, 10, 10, 10, 10, 10, 10, 22, 22, 22, 22, 22, 22, 9, 9, 10, 10, 10, 10, 10, 10, 10, 10, 22, 22, 22, 22, 22, 22, 22, 22, 10, 10, 10, 10, 10, 10, 10, 10, 22, 22, 22, 22, 22, 22, 22, 22, 10, 10, 10, 11, 11, 11, 11, 11, 22, 22, 22, 22, 22, 22, 22, 22, 11, 11, 11, 11, 11, 11, 11, 11, 22, 22, 22, 22, 22, 22, 22, 22, 11, 11, 11, 11, 11, 11, 11, 11, 22, 22, 22, 22, 22, 22, 22, 22, 11, 11, 11, 11, 11, 11, 11, 13, 4, 4, 4, 4, 4, 19, 19, 19, 11, 11, 11, 11, 11, 11, 11, 13, 4, 4, 4, 4, 19, 19, 19, 19, 11, 11, 11, 11, 11, 11, 11, 13, 4, 4, 4, 4, 19, 19, 19, 19, 11, 11, 11, 11, 11, 11, 13, 13, 4, 4, 4, 19, 19, 19, 19, 19, 11, 11, 11, 11, 11, 11, 13, 13, 17, 4, 4, 19, 19, 19, 19, 19, 11, 11, 11, 11, 11, 11, 13, 12, 17, 4, 19, 19, 19, 19, 19, 20, 11, 11, 11, 11, 11, 12, 12, 12, 17, 17, 19, 19, 20, 20, 20, 20, 11, 11, 11, 11, 12, 12, 12, 12, 17, 17, 20, 20, 20, 20, 20, 20, 22, 22, 22, 14, 12, 12, 12, 12, 30, 30, 20, 20, 20, 20, 20, 20, 22, 22, 22, 14, 14, 12, 12, 12, 30, 30, 18, 18, 20, 20, 20, 20, 22, 22, 22, 22, 14, 14, 21, 21, 30, 30, 18, 18, 18, 18, 18, 20, 22, 22, 22, 22, 14, 14, 21, 21, 30, 2, 2, 18, 18, 18, 18, 18, 22, 22, 22, 22, 14, 14, 21, 21, 2, 2, 2, 18, 18, 18, 18, 18, 22, 22, 22, 22, 14, 14, 14, 21, 2, 2, 2, 2, 18, 18, 18, 18, 22, 22, 22, 22, 22, 14, 14, 21, 2, 2, 2, 2, 18, 18, 18, 18, 22, 22, 22, 22, 22, 14, 14, 14, 2, 2, 2, 2, 2, 18, 18, 18, 6, 6, 6, 6, 6, 6, 6, 7, 5, 5, 5, 5, 5, 5, 26, 26, 6, 6, 6, 6, 6, 6, 6, 7, 5, 5, 5, 5, 5, 26, 26, 26, 6, 6, 6, 6, 6, 6, 6, 7, 27, 5, 5, 5, 26, 26, 26, 26, 6, 6, 6, 6, 6, 6, 7, 7, 27, 5, 5, 5, 26, 26, 26, 26, 6, 6, 6, 6, 6, 6, 7, 7, 27, 5, 5, 26, 26, 26, 26, 26, 6, 6, 6, 6, 6, 6, 8, 8, 27, 27, 26, 26, 26, 26, 26, 24, 6, 6, 6, 6, 6, 8, 8, 8, 27, 27, 26, 24, 24, 24, 24, 24, 6, 6, 6, 6, 8, 8, 8, 8, 25, 25, 24, 24, 24, 24, 24, 24, 15, 15, 15, 15, 8, 8, 8, 8, 25, 25, 24, 24, 24, 24, 24, 24, 15, 15, 15, 15, 15, 8, 8, 8, 25, 25, 23, 24, 24, 24, 24, 24, 15, 15, 15, 15, 15, 15, 16, 16, 33, 33, 23, 23, 23, 23, 23, 24, 15, 15, 15, 15, 15, 15, 16, 16, 33, 1, 1, 23, 23, 23, 23, 23, 15, 15, 15, 15, 15, 15, 16, 16, 33, 1, 1, 1, 23, 23, 23, 23, 15, 15, 15, 15, 15, 15, 15, 16, 33, 1, 1, 1, 23, 23, 23, 23, 15, 15, 15, 15, 15, 15, 15, 16, 33, 1, 1, 1, 1, 23, 23, 23, 15, 15, 15, 15, 15, 15, 15, 16, 33, 1, 1, 1, 1, 1, 23, 23, 15, 9, 9, 9, 9, 9, 9, 9, 9, 9, 9, 22, 22, 22, 22, 22, 15, 15, 9, 9, 9, 9, 9, 9, 9, 9, 22, 22, 22, 22, 22, 22, 15, 15, 15, 9, 9, 9, 9, 9, 9, 9, 22, 22, 22, 22, 22, 22, 15, 15, 15, 9, 9, 9, 9, 9, 9, 9, 22, 22, 22, 22, 22, 22, 15, 15, 15, 15, 9, 9, 9, 9, 9, 9, 22, 22, 22, 22, 22, 22, 15, 15, 15, 15, 15, 9, 9, 9, 9, 22, 22, 22, 22, 22, 14, 14, 15, 15, 15, 15, 15, 9, 9, 9, 9, 22, 22, 22, 22, 14, 14, 14, 16, 15, 15, 15, 15, 15, 9, 9, 9, 22, 22, 22, 14, 14, 14, 14, 33, 28, 28, 28, 28, 28, 0, 0, 0, 32, 32, 32, 32, 2, 2, 2, 1, 1, 1, 1, 1, 1, 0, 0, 0, 32, 2, 2, 2, 2, 2, 2, 1, 1, 1, 1, 1, 1, 1, 1, 2, 2, 2, 2, 2, 2, 2, 2, 1, 1, 1, 1, 1, 1, 1, 1, 2, 2, 2, 2, 2, 2, 2, 2, 1, 1, 1, 1, 1, 1, 1, 1, 18, 18, 2, 2, 2, 2, 2, 2, 1, 1, 1, 1, 1, 1, 1, 1, 18, 18, 18, 18, 18, 18, 18, 18, 23, 23, 23, 23, 23, 23, 23, 23, 18, 18, 18, 18, 18, 18, 18, 18, 23, 23, 23, 23, 23, 23, 23, 23, 18, 18, 18, 18, 18, 18, 18, 18, 6, 6, 10, 10, 10, 10, 10, 10, 10, 10, 10, 10, 10, 10, 11, 11, 6, 6, 6, 10, 10, 10, 10, 10, 10, 10, 10, 10, 10, 11, 11, 11, 6, 6, 6, 10, 10, 10, 10, 10, 10, 10, 10, 10, 10, 11, 11, 11, 6, 6, 6, 6, 10, 10, 10, 10, 10, 10, 10, 10, 11, 11, 11, 11, 6, 6, 6, 6, 10, 10, 10, 10, 10, 10, 10, 10, 11, 11, 11, 11, 6, 6, 6, 6, 6, 10, 10, 10, 10, 10, 10, 11, 11, 11, 11, 11, 6, 6, 6, 6, 6, 6, 10, 10, 10, 10, 11, 11, 11, 11, 11, 11, 7, 7, 6, 6, 6, 6, 10, 10, 10, 10, 11, 11, 11, 11, 11, 13, 5, 29, 29, 29, 29, 29, 3, 3, 3, 31, 31, 31, 31, 4, 4, 4, 5, 5, 5, 5, 5, 5, 3, 3, 3, 31, 4, 4, 4, 4, 4, 4, 5, 5, 5, 5, 5, 5, 5, 5, 4, 4, 4, 4, 4, 4, 4, 4, 5, 5, 5, 5, 5, 5, 5, 5, 4, 4, 4, 4, 4, 4, 4, 4, 5, 5, 5, 5, 5, 5, 5, 5, 19, 19, 4, 4, 4, 4, 4, 4, 5, 5, 5, 5, 5, 5, 5, 5, 19, 19, 19, 19, 19, 19, 19, 19, 26, 26, 26, 26, 26, 26, 26, 26, 19, 19, 19, 19, 19, 19, 19, 19, 26, 26, 26, 26, 26, 26, 26, 26, 19, 19, 19, 19, 19, 19, 19, 19, 22, 22, 22, 22, 22, 22, 22, 22, 11, 11, 11, 11, 11, 11, 11, 11, 22, 22, 22, 22, 22, 22, 22, 22, 11, 11, 11, 11, 11, 11, 11, 11, 22, 22, 22, 22, 22, 22, 22, 22, 11, 11, 11, 11, 11, 10, 10, 10, 22, 22, 22, 22, 22, 22, 22, 22, 10, 10, 10, 10, 10, 10, 10, 10, 22, 22, 22, 22, 22, 22, 22, 22, 10, 10, 10, 10, 10, 10, 10, 10, 9, 9, 22, 22, 22, 22, 22, 22, 10, 10, 10, 10, 10, 10, 10, 10, 9, 9, 9, 9, 9, 9, 9, 9, 10, 10, 10, 10, 10, 10, 10, 10, 9, 9, 9, 9, 9, 9, 9, 9, 10, 10, 10, 10, 10, 10, 10, 10, 9, 9, 9, 9, 9, 9, 9, 9, 10, 10, 10, 10, 10, 10, 10, 10, 9, 9, 9, 9, 9, 9, 9, 9, 10, 10, 10, 10, 10, 10, 10, 10, 9, 9, 9, 9, 9, 9, 9, 9, 10, 10, 10, 10, 10, 10, 10, 10, 9, 9, 9, 9, 9, 9, 9, 9, 10, 10, 10, 10, 10, 10, 10, 10, 9, 9, 9, 9, 9, 9, 9, 9, 10, 10, 10, 10, 10, 10, 10, 10, 9, 9, 9, 9, 9, 9, 15, 15, 6, 6, 6, 6, 6, 10, 10, 10, 9, 15, 15, 15, 15, 15, 15, 15, 6, 6, 6, 6, 6, 6, 6, 6, 15, 15, 15, 15, 15, 15, 15, 15, 6, 6, 6, 6, 6, 6, 6, 6, 18, 18, 18, 18, 18, 20, 20, 20, 20, 20, 20, 19, 19, 19, 19, 19, 18, 18, 18, 18, 18, 20, 20, 20, 20, 20, 20, 19, 19, 19, 19, 19, 18, 18, 18, 18, 18, 20, 20, 20, 20, 20, 20, 19, 19, 19, 19, 19, 18, 18, 18, 18, 18, 20, 20, 20, 20, 20, 20, 19, 19, 19, 19, 19, 18, 18, 18, 18, 18, 20, 20, 20, 20, 20, 20, 19, 19, 19, 19, 19, 18, 18, 18, 18, 18, 20, 20, 20, 20, 20, 20, 19, 19, 19, 19, 19, 18, 18, 18, 18, 18, 20, 20, 20, 20, 20, 20, 19, 19, 19, 19, 19, 18, 18, 18, 18, 18, 20, 20, 20, 20, 20, 20, 19, 19, 19, 19, 19, 23, 23, 23, 23, 23, 23, 24, 24, 24, 24, 26, 26, 26, 26, 26, 26, 23, 23, 23, 23, 23, 23, 24, 24, 24, 24, 26, 26, 26, 26, 26, 26, 23, 23, 23, 23, 23, 23, 24, 24, 24, 24, 26, 26, 26, 26, 26, 26, 23, 23, 23, 23, 23, 23, 24, 24, 24, 24, 26, 26, 26, 26, 26, 26, 23, 23, 23, 23, 23, 24, 24, 24, 24, 24, 24, 26, 26, 26, 26, 26, 23, 23, 23, 23, 23, 24, 24, 24, 24, 24, 24, 26, 26, 26, 26, 26, 23, 23, 23, 23, 23, 24, 24, 24, 24, 24, 24, 26, 26, 26, 26, 26, 23, 23, 23, 23, 23, 24, 24, 24, 24, 24, 24, 26, 26, 26, 26, 26, 23, 23, 1, 1, 1, 1, 1, 33, 16, 15, 15, 15, 15, 15, 15, 15, 23, 23, 23, 1, 1, 1, 1, 33, 16, 15, 15, 15, 15, 15, 15, 15, 23, 23, 23, 23, 1, 1, 1, 33, 16, 15, 15, 15, 15, 15, 15, 15, 23, 23, 23, 23, 1, 1, 1, 33, 16, 16, 15, 15, 15, 15, 15, 15, 23, 23, 23, 23, 23, 1, 1, 33, 16, 16, 15, 15, 15, 15, 15, 15, 24, 23, 23, 23, 23, 23, 33, 33, 16, 16, 15, 15, 15, 15, 15, 15, 24, 24, 24, 24, 24, 23, 25, 25, 8, 8, 8, 15, 15, 15, 15, 15, 24, 24, 24, 24, 24, 24, 25, 25, 8, 8, 8, 8, 15, 15, 15, 15, 24, 24, 24, 24, 24, 24, 25, 25, 8, 8, 8, 8, 6, 6, 6, 6, 24, 24, 24, 24, 24, 26, 27, 27, 8, 8, 8, 6, 6, 6, 6, 6, 24, 26, 26, 26, 26, 26, 27, 27, 8, 8, 6, 6, 6, 6, 6, 6, 26, 26, 26, 26, 26, 5, 5, 27, 7, 7, 6, 6, 6, 6, 6, 6, 26, 26, 26, 26, 5, 5, 5, 27, 7, 7, 6, 6, 6, 6, 6, 6, 26, 26, 26, 26, 5, 5, 5, 27, 7, 6, 6, 6, 6, 6, 6, 6, 26, 26, 26, 5, 5, 5, 5, 5, 7, 6, 6, 6, 6, 6, 6, 6, 26, 26, 5, 5, 5, 5, 5, 5, 7, 6, 6, 6, 6, 6, 6, 6, 18, 18, 18, 2, 2, 2, 2, 2, 14, 14, 14, 22, 22, 22, 22, 22, 18, 18, 18, 18, 2, 2, 2, 2, 21, 14, 14, 22, 22, 22, 22, 22, 18, 18, 18, 18, 2, 2, 2, 2, 21, 14, 14, 14, 22, 22, 22, 22, 18, 18, 18, 18, 18, 2, 2, 2, 21, 21, 14, 14, 22, 22, 22, 22, 18, 18, 18, 18, 18, 2, 2, 30, 21, 21, 14, 14, 22, 22, 22, 22, 20, 18, 18, 18, 18, 18, 30, 30, 21, 21, 14, 14, 22, 22, 22, 22, 20, 20, 20, 20, 18, 18, 30, 30, 12, 12, 12, 14, 14, 22, 22, 22, 20, 20, 20, 20, 20, 20, 30, 30, 12, 12, 12, 12, 14, 22, 22, 22, 20, 20, 20, 20, 20, 20, 17, 17, 12, 12, 12, 12, 11, 11, 11, 11, 20, 20, 20, 20, 19, 19, 17, 17, 12, 12, 12, 11, 11, 11, 11, 11, 20, 19, 19, 19, 19, 19, 4, 17, 12, 13, 11, 11, 11, 11, 11, 11, 19, 19, 19, 19, 19, 4, 4, 17, 13, 13, 11, 11, 11, 11, 11, 11, 19, 19, 19, 19, 19, 4, 4, 4, 13, 13, 11, 11, 11, 11, 11, 11, 19, 19, 19, 19, 4, 4, 4, 4, 13, 11, 11, 11, 11, 11, 11, 11, 19, 19, 19, 19, 4, 4, 4, 4, 13, 11, 11, 11, 11, 11, 11, 11, 19, 19, 19, 4, 4, 4, 4, 4, 13, 11, 11, 11, 11, 11, 11, 11, 19, 19, 19, 19, 19, 19, 19, 19, 26, 26, 26, 26, 26, 26, 26, 26, 19, 19, 19, 19, 19, 19, 19, 19, 26, 26, 26, 26, 26, 26, 26, 26, 19, 19, 19, 19, 19, 19, 19, 19, 5, 5, 5, 5, 5, 5, 5, 5, 4, 4, 4, 4, 4, 4, 19, 19, 5, 5, 5, 5, 5, 5, 5, 5, 4, 4, 4, 4, 4, 4, 4, 4, 5, 5, 5, 5, 5, 5, 5, 5, 4, 4, 4, 4, 4, 4, 4, 4, 5, 5, 5, 5, 5, 5, 5, 5, 4, 4, 4, 4, 4, 4, 31, 3, 3, 3, 5, 5, 5, 5, 5, 5, 4, 4, 4, 31, 31, 31, 31, 3, 3, 3, 29, 29, 29, 29, 29, 5, 13, 11, 11, 11, 11, 11, 10, 10, 10, 10, 6, 6, 6, 6, 7, 7, 11, 11, 11, 11, 11, 11, 10, 10, 10, 10, 6, 6, 6, 6, 6, 6, 11, 11, 11, 11, 11, 10, 10, 10, 10, 10, 10, 6, 6, 6, 6, 6, 11, 11, 11, 11, 10, 10, 10, 10, 10, 10, 10, 10, 6, 6, 6, 6, 11, 11, 11, 11, 10, 10, 10, 10, 10, 10, 10, 10, 6, 6, 6, 6, 11, 11, 11, 10, 10, 10, 10, 10, 10, 10, 10, 10, 10, 6, 6, 6, 11, 11, 11, 10, 10, 10, 10, 10, 10, 10, 10, 10, 10, 6, 6, 6, 11, 11, 10, 10, 10, 10, 10, 10, 10, 10, 10, 10, 10, 10, 6, 6, 18, 18, 18, 18, 18, 18, 18, 18, 23, 23, 23, 23, 23, 23, 23, 23, 18, 18, 18, 18, 18, 18, 18, 18, 23, 23, 23, 23, 23, 23, 23, 23, 18, 18, 18, 18, 18, 18, 18, 18, 1, 1, 1, 1, 1, 1, 1, 1, 2, 2, 2, 2, 2, 2, 18, 18, 1, 1, 1, 1, 1, 1, 1, 1, 2, 2, 2, 2, 2, 2, 2, 2, 1, 1, 1, 1, 1, 1, 1, 1, 2, 2, 2, 2, 2, 2, 2, 2, 1, 1, 1, 1, 1, 1, 1, 1, 2, 2, 2, 2, 2, 2, 32, 0, 0, 0, 1, 1, 1, 1, 1, 1, 2, 2, 2, 32, 32, 32, 32, 0, 0, 0, 28, 28, 28, 28, 28, 33, 14, 14, 14, 14, 22, 22, 22, 9, 9, 9, 15, 15, 15, 15, 15, 16, 14, 14, 14, 22, 22, 22, 22, 9, 9, 9, 9, 15, 15, 15, 15, 15, 14, 14, 22, 22, 22, 22, 22, 9, 9, 9, 9, 15, 15, 15, 15, 15, 22, 22, 22, 22, 22, 22, 9, 9, 9, 9, 9, 9, 15, 15, 15, 15, 22, 22, 22, 22, 22, 22, 9, 9, 9, 9, 9, 9, 9, 15, 15, 15, 22, 22, 22, 22, 22, 22, 9, 9, 9, 9, 9, 9, 9, 15, 15, 15, 22, 22, 22, 22, 22, 22, 9, 9, 9, 9, 9, 9, 9, 9, 15, 15, 22, 22, 22, 22, 22, 9, 9, 9, 9, 9, 9, 9, 9, 9, 9, 15, 73, 67, 69, 1, 86, 65, 76, 69, 2, 0, 0, 0, 34, 0, 0, 0, 186, 0, 0, 0, 7, 0, 0, 0, 6, 6, 6, 5, 6, 7, 6, 5, 7, 5, 5, 6, 6, 5, 5, 5, 4, 6, 5, 5, 7, 5, 6, 6, 4, 6, 6, 5, 5, 4, 6, 4, 5, 6, 9, 22, 32, 2, 1, 28, 2, 18, 23, 33, 28, 0, 0, 32, 21, 30, 18, 1, 4, 31, 10, 29, 5, 5, 19, 17, 13, 31, 3, 3, 29, 7, 27, 26, 19, 4, 7, 29, 10, 9, 15, 8, 8, 27, 5, 29, 6, 6, 15, 16, 33, 25, 27, 7, 15, 6, 10, 22, 0, 6, 3, 11, 22, 9, 12, 14, 22, 10, 31, 13, 13, 17, 30, 21, 14, 11, 11, 31, 4, 17, 12, 12, 21, 32, 22, 11, 28, 16, 8, 6, 9, 15, 28, 33, 8, 4, 19, 20, 30, 12, 13, 2, 30, 20, 23, 1, 5, 26, 20, 17, 4, 19, 26, 24, 23, 18, 30, 17, 12, 30, 2, 32, 14, 14, 32, 0, 9, 10, 11, 24, 25, 33, 1, 18, 20, 20, 26, 25, 23, 24, 26, 27, 8, 33, 23, 5, 27, 25, 24, 20, 19, 25, 26, 5, 7, 8, 0, 1, 33, 16, 15, 7, 5, 3, 6, 2, 21, 12, 17, 20, 18, 3, 4, 13, 11, 14, 21, 2, 0, 22, 1, 23, 25, 8, 16, 28, 0, 0, 128, 191, 51, 118, 139, 60, 244, 217, 170, 60, 90, 9, 33, 60, 90, 9, 33, 60]
            }
        }

        over "tail"
        {
            over "collisions" (
                prepend apiSchemas = ["PhysxCookedDataAPI:convexHull"]
            )
            {
                uchar[] physxCookedData:convexHull:buffer = [9, 227, 220, 120, 84, 195, 140, 234, 216, 193, 59, 247, 90, 180, 8, 12, 250, 78, 88, 83, 1, 67, 86, 88, 77, 14, 0, 0, 0, 0, 0, 0, 0, 73, 67, 69, 1, 67, 76, 72, 76, 9, 0, 0, 0, 34, 0, 0, 0, 95, 128, 0, 0, 63, 0, 0, 0, 190, 0, 0, 0, 174, 205, 149, 61, 150, 228, 53, 60, 244, 253, 84, 188, 8, 175, 88, 61, 76, 194, 143, 60, 137, 63, 131, 59, 240, 228, 163, 61, 199, 173, 240, 59, 244, 253, 84, 60, 174, 205, 149, 61, 150, 228, 53, 188, 244, 253, 84, 188, 171, 147, 161, 61, 11, 225, 10, 188, 244, 253, 84, 60, 125, 76, 87, 61, 97, 135, 146, 188, 36, 20, 4, 59, 188, 116, 147, 60, 76, 194, 143, 188, 137, 63, 131, 187, 10, 215, 163, 59, 59, 48, 205, 58, 187, 99, 50, 60, 0, 0, 0, 0, 166, 155, 196, 59, 0, 0, 0, 0, 0, 0, 0, 0, 173, 101, 165, 187, 176, 150, 84, 59, 188, 116, 147, 60, 64, 234, 255, 187, 112, 218, 132, 60, 188, 116, 147, 60, 231, 223, 55, 188, 77, 146, 102, 188, 10, 215, 163, 59, 18, 11, 236, 187, 71, 52, 8, 188, 188, 116, 147, 60, 229, 250, 115, 34, 188, 116, 147, 188, 188, 116, 147, 60, 112, 218, 132, 188, 64, 234, 255, 59, 37, 6, 129, 61, 0, 0, 128, 34, 188, 116, 147, 188, 10, 215, 163, 59, 59, 48, 205, 58, 187, 99, 50, 188, 122, 199, 169, 61, 34, 112, 25, 162, 205, 204, 76, 60, 37, 6, 129, 61, 137, 63, 131, 187, 76, 194, 143, 60, 0, 0, 0, 0, 134, 215, 95, 186, 88, 155, 194, 187, 6, 26, 164, 61, 192, 141, 243, 187, 205, 204, 76, 188, 122, 199, 169, 61, 0, 0, 128, 162, 205, 204, 76, 188, 6, 26, 164, 61, 192, 141, 243, 59, 205, 204, 76, 188, 188, 116, 147, 60, 64, 234, 255, 59, 112, 218, 132, 188, 188, 116, 147, 60, 112, 218, 132, 60, 64, 234, 255, 187, 188, 116, 147, 60, 67, 167, 162, 161, 188, 116, 147, 60, 188, 116, 147, 60, 231, 223, 55, 60, 77, 146, 102, 60, 37, 6, 129, 61, 90, 245, 57, 60, 235, 228, 100, 60, 188, 116, 147, 60, 76, 194, 143, 60, 137, 63, 131, 59, 250, 248, 90, 61, 103, 46, 139, 60, 120, 206, 194, 187, 155, 235, 102, 61, 77, 146, 102, 188, 231, 223, 55, 60, 10, 215, 163, 59, 52, 157, 23, 60, 118, 223, 194, 187, 10, 215, 163, 59, 52, 157, 23, 60, 118, 223, 194, 59, 10, 215, 163, 59, 88, 57, 52, 188, 0, 0, 0, 0, 84, 215, 77, 191, 159, 114, 10, 191, 103, 232, 124, 190, 205, 200, 252, 186, 0, 0, 4, 2, 207, 42, 173, 62, 26, 159, 112, 63, 103, 181, 61, 61, 136, 155, 13, 189, 4, 0, 3, 6, 202, 236, 167, 62, 201, 196, 113, 191, 253, 35, 187, 60, 86, 254, 11, 189, 7, 0, 3, 28, 6, 19, 85, 61, 67, 84, 111, 191, 174, 199, 179, 190, 226, 150, 153, 188, 10, 0, 3, 28, 43, 234, 96, 191, 127, 201, 9, 62, 60, 161, 234, 62, 18, 164, 83, 186, 13, 0, 3, 21, 127, 162, 19, 191, 147, 220, 200, 190, 3, 115, 55, 63, 151, 14, 141, 187, 16, 0, 3, 22, 115, 3, 72, 60, 201, 190, 88, 191, 169, 48, 8, 191, 149, 248, 140, 188, 19, 0, 3, 26, 88, 15, 228, 190, 245, 17, 66, 191, 126, 226, 243, 190, 106, 184, 235, 187, 22, 0, 3, 2, 172, 82, 236, 190, 14, 3, 150, 190, 211, 90, 86, 191, 32, 161, 221, 187, 25, 0, 3, 2, 133, 78, 239, 188, 34, 72, 126, 191, 143, 52, 229, 61, 121, 208, 134, 188, 28, 0, 3, 29, 182, 155, 6, 191, 156, 249, 25, 191, 156, 249, 25, 63, 180, 105, 163, 187, 31, 0, 3, 22, 242, 109, 153, 60, 90, 231, 202, 190, 145, 253, 106, 191, 68, 5, 145, 188, 34, 0, 3, 26, 9, 113, 176, 33, 85, 26, 169, 190, 87, 162, 113, 191, 103, 46, 139, 188, 37, 0, 3, 25, 43, 197, 249, 190, 84, 214, 123, 190, 118, 107, 86, 191, 181, 73, 206, 187, 40, 0, 3, 2, 15, 72, 118, 62, 135, 188, 229, 60, 194, 97, 120, 63, 228, 87, 3, 189, 43, 0, 3, 13, 157, 233, 131, 62, 197, 216, 132, 189, 174, 204, 118, 63, 37, 216, 8, 189, 46, 0, 3, 13, 54, 138, 33, 191, 33, 206, 95, 190, 122, 141, 62, 191, 97, 248, 150, 187, 49, 0, 3, 2, 0, 0, 128, 191, 0, 0, 0, 0, 0, 0, 0, 0, 0, 0, 0, 128, 52, 0, 3, 17, 46, 144, 238, 62, 64, 124, 98, 191, 229, 70, 96, 188, 53, 143, 52, 189, 55, 0, 3, 28, 67, 87, 74, 62, 6, 158, 124, 190, 55, 224, 114, 191, 84, 224, 241, 188, 58, 0, 3, 25, 197, 185, 135, 62, 2, 126, 202, 189, 71, 138, 117, 191, 14, 31, 11, 189, 61, 0, 3, 25, 241, 219, 111, 63, 247, 236, 178, 190, 107, 53, 179, 35, 24, 19, 159, 189, 64, 0, 3, 8, 108, 137, 103, 63, 236, 0, 218, 190, 1, 108, 215, 60, 121, 58, 154, 189, 67, 0, 3, 8, 197, 185, 135, 62, 1, 126, 202, 61, 71, 138, 117, 191, 14, 31, 11, 189, 70, 0, 3, 25, 69, 87, 74, 62, 8, 158, 124, 62, 55, 224, 114, 191, 84, 224, 241, 188, 73, 0, 3, 10, 132, 12, 238, 62, 237, 164, 98, 63, 160, 78, 160, 59, 25, 76, 51, 189, 76, 0, 3, 33, 100, 110, 110, 63, 222, 98, 186, 62, 155, 57, 162, 59, 27, 65, 158, 189, 79, 0, 3, 9, 241, 219, 111, 63, 247, 236, 178, 62, 0, 0, 0, 0, 24, 19, 159, 189, 82, 0, 3, 9, 16, 120, 122, 186, 238, 4, 53, 63, 238, 4, 53, 191, 82, 10, 139, 188, 85, 0, 3, 30, 3, 51, 251, 60, 225, 39, 198, 62, 92, 235, 107, 191, 17, 183, 151, 188, 88, 0, 3, 10, 0, 0, 0, 0, 123, 220, 99, 62, 224, 148, 121, 191, 75, 194, 143, 188, 91, 0, 3, 18, 47, 94, 231, 190, 224, 68, 75, 62, 36, 165, 94, 191, 63, 112, 246, 187, 94, 0, 3, 4, 240, 71, 220, 190, 227, 166, 152, 62, 137, 32, 90, 63, 22, 205, 248, 187, 97, 0, 3, 20, 158, 55, 250, 190, 31, 204, 70, 190, 68, 191, 89, 63, 107, 112, 213, 187, 100, 0, 3, 22, 229, 77, 36, 188, 142, 217, 99, 190, 172, 145, 121, 63, 229, 69, 142, 188, 103, 0, 3, 15, 0, 0, 0, 0, 122, 96, 89, 63, 60, 55, 7, 63, 149, 102, 139, 188, 106, 0, 3, 6, 227, 6, 155, 186, 225, 194, 88, 63, 61, 51, 8, 63, 188, 1, 139, 188, 109, 0, 3, 11, 239, 24, 159, 58, 77, 26, 169, 62, 75, 162, 113, 63, 50, 92, 139, 188, 112, 0, 3, 11, 142, 96, 245, 60, 78, 72, 104, 62, 114, 53, 121, 63, 7, 246, 147, 188, 115, 0, 3, 13, 48, 183, 221, 61, 89, 5, 103, 62, 244, 218, 119, 63, 172, 167, 187, 188, 118, 0, 3, 13, 196, 129, 111, 62, 212, 251, 105, 63, 229, 187, 169, 62, 138, 162, 243, 188, 121, 0, 3, 6, 67, 23, 140, 62, 77, 8, 118, 63, 191, 33, 30, 189, 126, 120, 255, 188, 124, 0, 3, 6, 7, 240, 120, 60, 88, 193, 73, 63, 172, 135, 29, 191, 248, 79, 146, 188, 127, 0, 3, 14, 22, 20, 129, 188, 215, 91, 126, 63, 84, 70, 229, 189, 49, 215, 136, 188, 130, 0, 3, 5, 0, 0, 0, 0, 230, 152, 127, 63, 42, 170, 101, 189, 107, 177, 141, 188, 133, 0, 3, 5, 12, 69, 155, 61, 30, 215, 16, 191, 25, 49, 82, 63, 58, 186, 175, 188, 136, 0, 3, 23, 17, 148, 171, 60, 159, 176, 10, 191, 47, 28, 87, 63, 236, 97, 149, 188, 139, 0, 3, 23, 174, 103, 191, 188, 76, 248, 52, 191, 77, 248, 52, 63, 176, 178, 135, 188, 142, 0, 3, 0, 92, 10, 150, 60, 131, 39, 109, 191, 173, 148, 192, 62, 169, 214, 149, 188, 145, 0, 3, 24, 24, 195, 84, 62, 40, 96, 110, 191, 142, 105, 153, 62, 4, 219, 230, 188, 148, 0, 3, 24, 108, 152, 221, 190, 212, 47, 35, 63, 212, 47, 35, 191, 114, 154, 246, 187, 151, 0, 3, 4, 44, 114, 4, 191, 221, 225, 236, 62, 75, 76, 56, 191, 110, 209, 195, 187, 154, 0, 3, 4, 87, 250, 60, 191, 52, 187, 186, 62, 159, 71, 17, 191, 22, 120, 72, 187, 157, 0, 3, 4, 220, 86, 76, 191, 167, 249, 201, 62, 129, 23, 233, 190, 241, 29, 27, 187, 160, 0, 3, 4, 171, 43, 246, 190, 144, 14, 95, 63, 75, 15, 201, 189, 122, 144, 204, 187, 163, 0, 3, 4, 85, 215, 77, 191, 186, 146, 164, 62, 88, 10, 0, 63, 203, 200, 252, 186, 166, 0, 3, 20, 202, 243, 4, 191, 234, 140, 236, 62, 50, 10, 56, 63, 216, 25, 195, 187, 169, 0, 3, 20, 221, 70, 214, 190, 139, 221, 68, 63, 193, 101, 247, 62, 142, 99, 1, 188, 172, 0, 3, 3, 193, 179, 9, 191, 115, 207, 87, 63, 0, 0, 0, 0, 168, 126, 167, 187, 175, 0, 3, 4, 156, 161, 11, 191, 54, 145, 86, 63, 0, 0, 0, 0, 163, 201, 164, 187, 178, 0, 3, 4, 52, 119, 1, 191, 94, 228, 72, 191, 25, 125, 183, 190, 125, 255, 199, 187, 181, 0, 3, 2, 103, 75, 216, 190, 107, 147, 102, 191, 83, 214, 207, 61, 193, 111, 255, 187, 184, 0, 3, 0, 230, 8, 13, 191, 84, 163, 52, 191, 232, 42, 228, 62, 123, 19, 164, 187, 187, 0, 3, 22, 33, 9, 19, 12, 0, 1, 2, 3, 4, 5, 3, 5, 6, 7, 8, 9, 7, 9, 10, 11, 3, 6, 11, 6, 12, 11, 12, 13, 14, 6, 5, 14, 10, 9, 15, 3, 11, 15, 11, 13, 16, 13, 12, 17, 2, 18, 17, 18, 4, 19, 16, 12, 19, 9, 8, 20, 4, 3, 20, 3, 15, 20, 15, 21, 20, 21, 17, 20, 17, 4, 22, 21, 15, 22, 15, 0, 22, 0, 2, 22, 2, 17, 22, 17, 21, 23, 24, 0, 23, 0, 15, 23, 15, 13, 23, 13, 16, 25, 26, 7, 25, 7, 10, 25, 10, 18, 27, 1, 28, 27, 28, 26, 27, 26, 25, 27, 25, 18, 27, 18, 2, 27, 2, 1, 29, 1, 0, 29, 0, 24, 29, 24, 28, 29, 28, 1, 30, 4, 18, 30, 18, 10, 30, 10, 14, 30, 14, 5, 30, 5, 4, 31, 24, 23, 31, 23, 16, 31, 16, 19, 31, 19, 8, 31, 28, 24, 32, 8, 7, 32, 7, 26, 32, 26, 28, 32, 28, 31, 32, 31, 8, 33, 12, 6, 33, 6, 14, 33, 14, 9, 0, 62, 0, 17, 0, 16, 0, 60, 1, 41, 1, 40, 1, 25, 2, 18, 2, 49, 2, 3, 3, 9, 3, 6, 4, 55, 4, 17, 4, 5, 5, 10, 5, 33, 6, 11, 6, 7, 7, 60, 7, 8, 8, 13, 8, 12, 9, 61, 9, 48, 10, 47, 10, 62, 11, 19, 11, 12, 12, 30, 13, 31, 13, 16, 14, 26, 14, 39, 14, 15, 15, 45, 15, 22, 16, 52, 17, 53, 18, 22, 18, 19, 19, 20, 20, 23, 20, 21, 21, 27, 21, 22, 23, 27, 23, 24, 24, 29, 24, 25, 25, 26, 26, 27, 28, 50, 28, 42, 28, 29, 29, 30, 30, 31, 31, 51, 32, 37, 32, 56, 32, 33, 33, 34, 34, 46, 34, 38, 35, 40, 35, 44, 35, 36, 36, 57, 36, 37, 37, 38, 38, 39, 39, 40, 41, 44, 41, 42, 42, 43, 43, 54, 43, 44, 45, 49, 45, 46, 46, 47, 47, 48, 48, 49, 50, 54, 50, 51, 51, 52, 52, 53, 53, 59, 54, 58, 55, 59, 55, 56, 56, 57, 57, 58, 58, 59, 60, 61, 61, 62, 1, 24, 25, 1, 35, 40, 1, 14, 25, 2, 3, 6, 2, 15, 18, 2, 3, 9, 3, 6, 7, 4, 5, 32, 4, 17, 53, 0, 4, 5, 5, 10, 33, 6, 7, 8, 0, 7, 8, 8, 12, 13, 9, 10, 47, 11, 12, 19, 13, 16, 31, 14, 15, 21, 14, 15, 34, 0, 16, 17, 18, 19, 20, 20, 21, 23, 23, 24, 25, 28, 29, 30, 28, 42, 43, 32, 33, 34, 32, 36, 37, 35, 36, 37, 35, 36, 43, 41, 42, 43, 45, 46, 47, 50, 51, 52, 55, 56, 57, 0, 60, 61, 33, 0, 9, 0, 9, 0, 19, 0, 19, 0, 12, 0, 12, 0, 33, 0, 0, 0, 1, 0, 1, 0, 2, 0, 2, 0, 0, 0, 3, 0, 4, 0, 4, 0, 5, 0, 5, 0, 3, 0, 5, 0, 6, 0, 6, 0, 3, 0, 7, 0, 8, 0, 8, 0, 9, 0, 9, 0, 7, 0, 9, 0, 10, 0, 10, 0, 7, 0, 11, 0, 3, 0, 6, 0, 11, 0, 6, 0, 12, 0, 12, 0, 11, 0, 12, 0, 13, 0, 13, 0, 11, 0, 14, 0, 6, 0, 5, 0, 14, 0, 14, 0, 10, 0, 9, 0, 14, 0, 15, 0, 3, 0, 11, 0, 15, 0, 13, 0, 15, 0, 16, 0, 13, 0, 12, 0, 16, 0, 17, 0, 2, 0, 2, 0, 18, 0, 18, 0, 17, 0, 18, 0, 4, 0, 4, 0, 17, 0, 19, 0, 16, 0, 8, 0, 19, 0, 20, 0, 4, 0, 3, 0, 20, 0, 15, 0, 20, 0, 15, 0, 21, 0, 21, 0, 20, 0, 21, 0, 17, 0, 17, 0, 20, 0, 22, 0, 21, 0, 15, 0, 22, 0, 15, 0, 0, 0, 0, 0, 22, 0, 2, 0, 22, 0, 17, 0, 22, 0, 23, 0, 24, 0, 24, 0, 0, 0, 0, 0, 23, 0, 15, 0, 23, 0, 13, 0, 23, 0, 16, 0, 23, 0, 25, 0, 26, 0, 26, 0, 7, 0, 7, 0, 25, 0, 10, 0, 25, 0, 10, 0, 18, 0, 18, 0, 25, 0, 27, 0, 1, 0, 1, 0, 28, 0, 28, 0, 27, 0, 28, 0, 26, 0, 26, 0, 27, 0, 25, 0, 27, 0, 18, 0, 27, 0, 2, 0, 27, 0, 29, 0, 1, 0, 0, 0, 29, 0, 24, 0, 29, 0, 24, 0, 28, 0, 28, 0, 29, 0, 30, 0, 4, 0, 18, 0, 30, 0, 10, 0, 30, 0, 14, 0, 30, 0, 5, 0, 30, 0, 31, 0, 24, 0, 23, 0, 31, 0, 16, 0, 31, 0, 19, 0, 31, 0, 8, 0, 31, 0, 31, 0, 28, 0, 32, 0, 8, 0, 7, 0, 32, 0, 26, 0, 32, 0, 28, 0, 32, 0, 31, 0, 32, 0, 6, 0, 33, 0, 14, 0, 33, 0, 0, 0, 0, 0, 0, 0, 0, 0, 96, 135, 146, 188, 188, 116, 147, 188, 122, 199, 169, 61, 76, 194, 143, 60, 188, 116, 147, 60, 52, 78, 130, 56, 56, 163, 15, 50, 255, 103, 202, 173, 125, 244, 247, 45, 255, 103, 202, 173, 240, 38, 20, 52, 201, 40, 140, 46, 125, 244, 247, 45, 201, 40, 140, 46, 216, 176, 19, 52, 133, 2, 43, 61, 48, 179, 167, 55, 64, 61, 143, 182, 0, 0, 128, 63, 73, 67, 69, 1, 83, 85, 80, 77, 0, 0, 0, 0, 73, 67, 69, 1, 71, 65, 85, 83, 0, 0, 0, 0, 16, 0, 0, 0, 0, 6, 0, 0, 20, 20, 20, 20, 20, 20, 20, 20, 4, 4, 4, 4, 4, 4, 4, 4, 20, 20, 20, 20, 20, 20, 20, 20, 4, 4, 4, 4, 4, 4, 4, 4, 20, 20, 20, 20, 20, 20, 20, 20, 4, 4, 4, 4, 4, 4, 4, 4, 20, 20, 20, 20, 20, 20, 20, 20, 4, 4, 4, 4, 4, 4, 4, 4, 20, 20, 20, 20, 20, 20, 20, 20, 17, 4, 4, 4, 4, 4, 4, 4, 21, 21, 21, 21, 21, 21, 21, 21, 17, 17, 17, 17, 17, 17, 17, 17, 21, 21, 21, 21, 21, 21, 21, 21, 17, 17, 17, 17, 17, 17, 17, 17, 21, 21, 21, 21, 21, 21, 21, 21, 17, 17, 17, 17, 17, 17, 17, 17, 21, 21, 21, 21, 21, 21, 21, 21, 17, 17, 17, 17, 17, 17, 17, 17, 21, 21, 21, 21, 21, 21, 21, 21, 17, 17, 17, 17, 17, 17, 17, 17, 21, 21, 21, 21, 21, 21, 21, 21, 17, 17, 17, 17, 17, 17, 2, 2, 22, 22, 22, 22, 22, 22, 22, 22, 2, 2, 2, 2, 2, 2, 2, 2, 22, 22, 22, 22, 22, 22, 22, 22, 2, 2, 2, 2, 2, 2, 2, 2, 22, 22, 22, 22, 22, 22, 22, 22, 2, 2, 2, 2, 2, 2, 2, 2, 22, 22, 22, 22, 22, 22, 22, 22, 2, 2, 2, 2, 2, 2, 2, 2, 22, 22, 22, 22, 22, 22, 22, 22, 2, 2, 2, 2, 2, 2, 2, 2, 12, 12, 12, 12, 12, 33, 33, 33, 33, 33, 9, 9, 9, 9, 9, 9, 12, 12, 12, 12, 12, 33, 33, 33, 9, 9, 9, 9, 9, 9, 9, 9, 12, 12, 12, 12, 12, 33, 33, 9, 9, 9, 9, 9, 9, 9, 9, 9, 12, 12, 12, 12, 19, 19, 9, 9, 9, 9, 9, 9, 9, 9, 9, 9, 12, 12, 19, 19, 19, 19, 9, 9, 9, 9, 9, 9, 9, 9, 9, 9, 19, 19, 19, 19, 19, 19, 19, 9, 9, 9, 9, 9, 9, 9, 9, 7, 19, 19, 19, 19, 19, 19, 19, 9, 9, 9, 9, 9, 9, 9, 7, 7, 19, 19, 19, 19, 19, 19, 19, 19, 9, 9, 9, 9, 9, 7, 7, 7, 16, 19, 19, 19, 19, 19, 19, 8, 8, 8, 9, 9, 7, 7, 7, 7, 16, 19, 19, 19, 19, 19, 8, 8, 8, 8, 8, 8, 7, 7, 7, 7, 16, 16, 19, 19, 19, 8, 8, 8, 8, 8, 8, 8, 7, 7, 7, 7, 16, 16, 19, 19, 8, 8, 8, 8, 8, 8, 8, 8, 32, 7, 7, 7, 16, 31, 31, 31, 8, 8, 8, 8, 8, 8, 8, 8, 32, 32, 32, 7, 31, 31, 31, 31, 31, 8, 8, 8, 8, 8, 8, 32, 32, 32, 32, 32, 31, 31, 31, 31, 31, 8, 8, 8, 8, 8, 8, 32, 32, 32, 32, 32, 31, 31, 31, 31, 31, 31, 8, 8, 8, 8, 32, 32, 32, 32, 32, 32, 31, 31, 31, 24, 24, 24, 24, 24, 0, 0, 0, 0, 22, 22, 22, 22, 31, 31, 31, 24, 24, 24, 24, 24, 0, 0, 0, 0, 22, 22, 22, 22, 31, 31, 31, 24, 24, 24, 24, 24, 0, 0, 0, 0, 22, 22, 22, 22, 31, 31, 31, 24, 24, 24, 24, 24, 29, 0, 0, 0, 22, 22, 22, 22, 31, 31, 31, 24, 24, 24, 24, 24, 29, 0, 0, 0, 22, 22, 22, 22, 31, 31, 31, 31, 24, 24, 24, 24, 29, 0, 0, 0, 22, 22, 22, 22, 8, 31, 31, 31, 24, 24, 24, 24, 29, 29, 0, 0, 22, 22, 22, 22, 8, 8, 8, 31, 28, 28, 28, 28, 29, 29, 0, 0, 22, 22, 22, 22, 8, 8, 8, 28, 28, 28, 28, 28, 1, 1, 1, 2, 2, 2, 2, 2, 8, 32, 32, 28, 28, 28, 28, 28, 1, 1, 2, 2, 2, 2, 2, 2, 32, 32, 32, 32, 28, 28, 28, 28, 1, 1, 2, 2, 2, 2, 2, 2, 32, 32, 32, 32, 28, 28, 28, 28, 1, 27, 2, 2, 2, 2, 2, 2, 32, 32, 32, 32, 28, 28, 28, 28, 27, 27, 2, 2, 2, 2, 2, 2, 32, 32, 32, 26, 26, 26, 26, 26, 27, 27, 2, 2, 2, 2, 2, 2, 32, 32, 32, 26, 26, 26, 26, 26, 27, 27, 2, 2, 2, 2, 2, 2, 32, 32, 26, 26, 26, 26, 26, 26, 27, 27, 2, 2, 2, 2, 2, 2, 12, 12, 11, 11, 11, 11, 11, 11, 3, 3, 3, 3, 20, 20, 20, 20, 12, 12, 12, 11, 11, 11, 11, 11, 3, 3, 3, 3, 20, 20, 20, 20, 12, 12, 12, 11, 11, 11, 11, 11, 3, 3, 3, 3, 20, 20, 20, 20, 12, 12, 12, 12, 6, 6, 6, 6, 3, 3, 3, 3, 20, 20, 20, 20, 12, 12, 12, 6, 6, 6, 6, 6, 3, 3, 3, 3, 20, 20, 20, 20, 33, 33, 33, 6, 6, 6, 6, 6, 5, 3, 3, 3, 20, 20, 20, 20, 33, 33, 33, 33, 6, 6, 6, 6, 5, 3, 3, 3, 20, 20, 20, 20, 33, 33, 33, 33, 6, 6, 6, 6, 5, 5, 3, 3, 20, 20, 20, 20, 33, 33, 33, 33, 6, 6, 6, 6, 5, 5, 4, 4, 4, 4, 4, 4, 33, 33, 33, 33, 14, 14, 14, 14, 5, 5, 4, 4, 4, 4, 4, 4, 9, 33, 33, 14, 14, 14, 14, 14, 5, 30, 4, 4, 4, 4, 4, 4, 9, 33, 33, 14, 14, 14, 14, 14, 30, 30, 4, 4, 4, 4, 4, 4, 9, 9, 14, 14, 14, 14, 14, 14, 30, 30, 4, 4, 4, 4, 4, 4, 9, 9, 14, 14, 14, 14, 14, 14, 30, 4, 4, 4, 4, 4, 4, 4, 9, 9, 14, 14, 14, 14, 14, 14, 30, 4, 4, 4, 4, 4, 4, 4, 9, 10, 14, 14, 14, 14, 14, 14, 30, 4, 4, 4, 4, 4, 4, 4, 9, 9, 9, 9, 9, 7, 7, 7, 7, 7, 7, 7, 7, 32, 32, 32, 10, 9, 9, 9, 7, 7, 7, 7, 7, 7, 7, 7, 7, 32, 32, 32, 10, 10, 10, 10, 10, 7, 7, 7, 7, 7, 7, 7, 7, 26, 26, 26, 10, 10, 10, 10, 10, 10, 7, 7, 7, 7, 7, 7, 26, 26, 26, 26, 10, 10, 10, 10, 10, 10, 25, 25, 25, 25, 25, 26, 26, 26, 26, 26, 10, 10, 10, 10, 10, 10, 25, 25, 25, 25, 25, 26, 26, 26, 26, 26, 10, 10, 10, 10, 10, 10, 25, 25, 25, 25, 25, 26, 26, 26, 26, 26, 10, 10, 10, 10, 10, 10, 25, 25, 25, 25, 25, 26, 26, 26, 26, 26, 30, 30, 30, 18, 18, 18, 18, 18, 18, 18, 27, 27, 27, 27, 27, 27, 4, 4, 4, 4, 4, 4, 18, 18, 18, 2, 2, 2, 2, 27, 27, 27, 4, 4, 4, 4, 4, 4, 4, 17, 2, 2, 2, 2, 2, 2, 2, 2, 4, 4, 4, 4, 4, 4, 4, 17, 17, 2, 2, 2, 2, 2, 2, 2, 4, 4, 4, 4, 4, 4, 17, 17, 17, 2, 2, 2, 2, 2, 2, 2, 4, 4, 4, 4, 4, 4, 17, 17, 17, 17, 2, 2, 2, 2, 2, 2, 4, 4, 4, 4, 4, 17, 17, 17, 17, 17, 2, 2, 2, 2, 2, 2, 4, 4, 4, 4, 4, 17, 17, 17, 17, 17, 2, 2, 2, 2, 2, 2, 12, 12, 12, 12, 12, 19, 19, 19, 16, 16, 16, 16, 16, 31, 31, 31, 12, 12, 12, 12, 12, 12, 16, 16, 16, 16, 16, 16, 16, 31, 31, 31, 11, 12, 12, 12, 12, 12, 16, 16, 16, 16, 16, 16, 16, 31, 31, 31, 11, 11, 11, 11, 12, 12, 16, 16, 16, 16, 16, 23, 23, 23, 23, 23, 11, 11, 11, 11, 11, 13, 13, 13, 13, 13, 23, 23, 23, 23, 23, 23, 11, 11, 11, 11, 11, 13, 13, 13, 13, 13, 23, 23, 23, 23, 23, 23, 11, 11, 11, 11, 11, 13, 13, 13, 13, 13, 23, 23, 23, 23, 23, 23, 11, 11, 11, 11, 11, 13, 13, 13, 13, 13, 23, 23, 23, 23, 23, 24, 3, 3, 3, 3, 3, 15, 15, 15, 15, 15, 15, 0, 0, 0, 0, 0, 3, 3, 3, 3, 3, 3, 15, 15, 15, 15, 0, 0, 0, 0, 0, 0, 3, 3, 3, 3, 20, 20, 20, 21, 21, 22, 22, 22, 0, 0, 0, 0, 3, 3, 20, 20, 20, 20, 20, 21, 21, 22, 22, 22, 22, 22, 0, 0, 20, 20, 20, 20, 20, 20, 21, 21, 21, 21, 22, 22, 22, 22, 22, 22, 20, 20, 20, 20, 20, 20, 21, 21, 21, 21, 22, 22, 22, 22, 22, 22, 20, 20, 20, 20, 20, 20, 21, 21, 21, 21, 22, 22, 22, 22, 22, 22, 20, 20, 20, 20, 20, 21, 21, 21, 21, 21, 21, 22, 22, 22, 22, 22, 32, 32, 32, 32, 32, 32, 8, 8, 8, 8, 31, 31, 31, 31, 31, 31, 32, 32, 32, 32, 32, 8, 8, 8, 8, 8, 8, 31, 31, 31, 31, 31, 32, 32, 32, 32, 32, 8, 8, 8, 8, 8, 8, 31, 31, 31, 31, 31, 7, 32, 32, 32, 8, 8, 8, 8, 8, 8, 8, 8, 31, 31, 31, 16, 7, 7, 7, 32, 8, 8, 8, 8, 8, 8, 8, 8, 19, 19, 16, 16, 7, 7, 7, 7, 8, 8, 8, 8, 8, 8, 8, 19, 19, 19, 16, 16, 7, 7, 7, 7, 8, 8, 8, 8, 8, 8, 19, 19, 19, 19, 19, 16, 7, 7, 7, 7, 9, 9, 8, 8, 8, 19, 19, 19, 19, 19, 19, 16, 7, 7, 7, 9, 9, 9, 9, 9, 19, 19, 19, 19, 19, 19, 19, 19, 7, 7, 9, 9, 9, 9, 9, 9, 9, 19, 19, 19, 19, 19, 19, 19, 7, 9, 9, 9, 9, 9, 9, 9, 9, 19, 19, 19, 19, 19, 19, 19, 9, 9, 9, 9, 9, 9, 9, 9, 9, 9, 19, 19, 19, 19, 12, 12, 9, 9, 9, 9, 9, 9, 9, 9, 9, 9, 19, 19, 12, 12, 12, 12, 9, 9, 9, 9, 9, 9, 9, 9, 9, 33, 33, 12, 12, 12, 12, 12, 9, 9, 9, 9, 9, 9, 9, 9, 33, 33, 33, 12, 12, 12, 12, 12, 9, 9, 9, 9, 9, 9, 33, 33, 33, 33, 33, 12, 12, 12, 12, 12, 2, 2, 2, 2, 2, 2, 2, 2, 22, 22, 22, 22, 22, 22, 22, 22, 2, 2, 2, 2, 2, 2, 2, 2, 22, 22, 22, 22, 22, 22, 22, 22, 2, 2, 2, 2, 2, 2, 2, 2, 22, 22, 22, 22, 22, 22, 22, 22, 2, 2, 2, 2, 2, 2, 2, 2, 22, 22, 22, 22, 22, 22, 22, 22, 2, 2, 2, 2, 2, 2, 2, 2, 22, 22, 22, 22, 22, 22, 22, 22, 2, 2, 17, 17, 17, 17, 17, 17, 21, 21, 21, 21, 21, 21, 21, 21, 17, 17, 17, 17, 17, 17, 17, 17, 21, 21, 21, 21, 21, 21, 21, 21, 17, 17, 17, 17, 17, 17, 17, 17, 21, 21, 21, 21, 21, 21, 21, 21, 17, 17, 17, 17, 17, 17, 17, 17, 21, 21, 21, 21, 21, 21, 21, 21, 17, 17, 17, 17, 17, 17, 17, 17, 21, 21, 21, 21, 21, 21, 21, 21, 17, 17, 17, 17, 17, 17, 17, 17, 21, 21, 21, 21, 21, 21, 21, 21, 4, 4, 4, 4, 4, 4, 4, 17, 20, 20, 20, 20, 20, 20, 20, 20, 4, 4, 4, 4, 4, 4, 4, 4, 20, 20, 20, 20, 20, 20, 20, 20, 4, 4, 4, 4, 4, 4, 4, 4, 20, 20, 20, 20, 20, 20, 20, 20, 4, 4, 4, 4, 4, 4, 4, 4, 20, 20, 20, 20, 20, 20, 20, 20, 4, 4, 4, 4, 4, 4, 4, 4, 20, 20, 20, 20, 20, 20, 20, 20, 4, 4, 4, 4, 4, 4, 4, 30, 14, 14, 14, 14, 14, 14, 14, 9, 4, 4, 4, 4, 4, 4, 4, 30, 14, 14, 14, 14, 14, 14, 9, 9, 4, 4, 4, 4, 4, 4, 4, 30, 14, 14, 14, 14, 14, 14, 9, 9, 4, 4, 4, 4, 4, 4, 30, 30, 14, 14, 14, 14, 14, 14, 9, 9, 4, 4, 4, 4, 4, 4, 30, 30, 14, 14, 14, 14, 14, 33, 33, 9, 4, 4, 4, 4, 4, 4, 30, 5, 14, 14, 14, 14, 14, 33, 33, 9, 4, 4, 4, 4, 4, 4, 5, 5, 14, 14, 14, 14, 33, 33, 33, 33, 4, 4, 4, 4, 4, 4, 5, 5, 6, 6, 6, 6, 33, 33, 33, 33, 20, 20, 20, 20, 3, 3, 5, 5, 6, 6, 6, 6, 33, 33, 33, 33, 20, 20, 20, 20, 3, 3, 3, 5, 6, 6, 6, 6, 33, 33, 33, 33, 20, 20, 20, 20, 3, 3, 3, 5, 6, 6, 6, 6, 6, 33, 33, 33, 20, 20, 20, 20, 3, 3, 3, 3, 6, 6, 6, 6, 6, 12, 12, 12, 20, 20, 20, 20, 3, 3, 3, 3, 6, 6, 6, 6, 12, 12, 12, 12, 20, 20, 20, 20, 3, 3, 3, 3, 11, 11, 11, 11, 11, 12, 12, 12, 20, 20, 20, 20, 3, 3, 3, 3, 11, 11, 11, 11, 11, 12, 12, 12, 20, 20, 20, 20, 3, 3, 3, 3, 11, 11, 11, 11, 11, 11, 12, 12, 2, 2, 2, 2, 2, 2, 27, 27, 26, 26, 26, 26, 26, 26, 32, 32, 2, 2, 2, 2, 2, 2, 27, 27, 26, 26, 26, 26, 26, 32, 32, 32, 2, 2, 2, 2, 2, 2, 27, 27, 26, 26, 26, 26, 26, 32, 32, 32, 2, 2, 2, 2, 2, 2, 27, 27, 28, 28, 28, 28, 32, 32, 32, 32, 2, 2, 2, 2, 2, 2, 27, 1, 28, 28, 28, 28, 32, 32, 32, 32, 2, 2, 2, 2, 2, 2, 1, 1, 28, 28, 28, 28, 32, 32, 32, 32, 2, 2, 2, 2, 2, 2, 1, 1, 28, 28, 28, 28, 28, 32, 32, 8, 2, 2, 2, 2, 2, 1, 1, 1, 28, 28, 28, 28, 28, 8, 8, 8, 22, 22, 22, 22, 0, 0, 29, 29, 28, 28, 28, 28, 31, 8, 8, 8, 22, 22, 22, 22, 0, 0, 29, 29, 24, 24, 24, 24, 31, 31, 31, 8, 22, 22, 22, 22, 0, 0, 0, 29, 24, 24, 24, 24, 31, 31, 31, 31, 22, 22, 22, 22, 0, 0, 0, 29, 24, 24, 24, 24, 24, 31, 31, 31, 22, 22, 22, 22, 0, 0, 0, 29, 24, 24, 24, 24, 24, 31, 31, 31, 22, 22, 22, 22, 0, 0, 0, 0, 24, 24, 24, 24, 24, 31, 31, 31, 22, 22, 22, 22, 0, 0, 0, 0, 24, 24, 24, 24, 24, 31, 31, 31, 22, 22, 22, 22, 0, 0, 0, 0, 24, 24, 24, 24, 24, 31, 31, 31, 22, 22, 22, 22, 22, 21, 21, 21, 21, 21, 21, 20, 20, 20, 20, 20, 22, 22, 22, 22, 22, 22, 21, 21, 21, 21, 20, 20, 20, 20, 20, 20, 22, 22, 22, 22, 22, 22, 21, 21, 21, 21, 20, 20, 20, 20, 20, 20, 22, 22, 22, 22, 22, 22, 21, 21, 21, 21, 20, 20, 20, 20, 20, 20, 0, 0, 22, 22, 22, 22, 22, 21, 21, 20, 20, 20, 20, 20, 3, 3, 0, 0, 0, 0, 22, 22, 22, 21, 21, 20, 20, 20, 3, 3, 3, 3, 0, 0, 0, 0, 0, 0, 15, 15, 15, 15, 3, 3, 3, 3, 3, 3, 0, 0, 0, 0, 0, 15, 15, 15, 15, 15, 15, 3, 3, 3, 3, 3, 24, 23, 23, 23, 23, 23, 13, 13, 13, 13, 13, 11, 11, 11, 11, 11, 24, 23, 23, 23, 23, 23, 13, 13, 13, 13, 13, 11, 11, 11, 11, 11, 24, 23, 23, 23, 23, 23, 13, 13, 13, 13, 13, 11, 11, 11, 11, 11, 24, 23, 23, 23, 23, 23, 13, 13, 13, 13, 13, 11, 11, 11, 11, 11, 24, 23, 23, 23, 23, 16, 16, 16, 16, 16, 12, 12, 11, 11, 11, 11, 31, 31, 31, 16, 16, 16, 16, 16, 16, 16, 12, 12, 12, 12, 12, 11, 31, 31, 31, 16, 16, 16, 16, 16, 16, 16, 12, 12, 12, 12, 12, 12, 31, 31, 31, 16, 16, 16, 16, 16, 19, 19, 19, 12, 12, 12, 12, 12, 2, 2, 2, 2, 2, 2, 17, 17, 17, 17, 17, 4, 4, 4, 4, 4, 2, 2, 2, 2, 2, 2, 17, 17, 17, 17, 17, 4, 4, 4, 4, 4, 2, 2, 2, 2, 2, 2, 17, 17, 17, 17, 4, 4, 4, 4, 4, 4, 2, 2, 2, 2, 2, 2, 2, 17, 17, 17, 4, 4, 4, 4, 4, 4, 2, 2, 2, 2, 2, 2, 2, 17, 17, 4, 4, 4, 4, 4, 4, 4, 2, 2, 2, 2, 2, 2, 2, 2, 17, 4, 4, 4, 4, 4, 4, 4, 27, 27, 27, 2, 2, 2, 2, 18, 18, 18, 4, 4, 4, 4, 4, 4, 27, 27, 27, 27, 27, 27, 18, 18, 18, 18, 18, 18, 18, 30, 30, 30, 26, 26, 26, 26, 26, 25, 25, 25, 25, 25, 10, 10, 10, 10, 10, 10, 26, 26, 26, 26, 26, 25, 25, 25, 25, 25, 10, 10, 10, 10, 10, 10, 26, 26, 26, 26, 26, 25, 25, 25, 25, 25, 10, 10, 10, 10, 10, 10, 26, 26, 26, 26, 26, 25, 25, 25, 25, 25, 10, 10, 10, 10, 10, 10, 26, 26, 26, 26, 7, 7, 7, 7, 7, 7, 10, 10, 10, 10, 10, 10, 26, 26, 26, 7, 7, 7, 7, 7, 7, 7, 7, 10, 10, 10, 10, 10, 32, 32, 32, 7, 7, 7, 7, 7, 7, 7, 7, 7, 9, 9, 9, 10, 32, 32, 32, 7, 7, 7, 7, 7, 7, 7, 7, 9, 9, 9, 9, 9, 73, 67, 69, 1, 86, 65, 76, 69, 2, 0, 0, 0, 34, 0, 0, 0, 190, 0, 0, 0, 8, 0, 0, 0, 7, 5, 6, 6, 6, 5, 6, 6, 5, 6, 6, 5, 6, 5, 6, 8, 5, 6, 7, 5, 5, 4, 5, 6, 5, 5, 5, 6, 7, 4, 5, 7, 5, 4, 1, 29, 24, 23, 15, 22, 2, 2, 27, 28, 29, 0, 0, 22, 17, 18, 27, 1, 4, 20, 15, 11, 6, 5, 5, 30, 18, 17, 20, 3, 3, 6, 14, 30, 4, 3, 11, 12, 33, 14, 5, 8, 32, 26, 25, 10, 9, 9, 19, 31, 32, 7, 19, 8, 7, 10, 14, 33, 7, 25, 18, 30, 14, 9, 3, 15, 13, 12, 6, 33, 6, 11, 13, 16, 19, 11, 15, 23, 16, 12, 6, 33, 9, 10, 30, 5, 3, 20, 21, 22, 0, 23, 13, 11, 13, 23, 31, 19, 12, 2, 22, 21, 20, 4, 18, 17, 4, 30, 10, 25, 27, 2, 12, 16, 31, 8, 9, 4, 17, 21, 15, 3, 20, 17, 22, 15, 21, 17, 2, 0, 15, 24, 31, 16, 13, 15, 0, 0, 29, 28, 31, 23, 26, 27, 18, 10, 7, 7, 32, 28, 27, 25, 1, 2, 18, 25, 26, 28, 27, 26, 32, 31, 24, 29, 1, 1, 28, 24, 0, 4, 5, 14, 10, 18, 24, 28, 32, 8, 19, 16, 23, 8, 31, 28, 26, 7, 9, 14, 6, 12, 0, 0, 128, 191, 53, 240, 135, 60, 241, 99, 240, 60, 210, 247, 28, 60, 210, 247, 28, 60]
            }
        }

        over "Link3_cover"
        {
            over "collisions" (
                prepend apiSchemas = ["PhysxCookedDataAPI:convexHull"]
            )
            {
                uchar[] physxCookedData:convexHull:buffer = [9, 45, 11, 18, 117, 73, 111, 71, 17, 238, 204, 180, 128, 102, 149, 136, 145, 78, 88, 83, 1, 67, 86, 88, 77, 14, 0, 0, 0, 0, 0, 0, 0, 73, 67, 69, 1, 67, 76, 72, 76, 9, 0, 0, 0, 34, 0, 0, 0, 85, 128, 0, 0, 53, 0, 0, 0, 170, 0, 0, 0, 3, 120, 11, 61, 43, 166, 121, 188, 90, 245, 57, 188, 202, 236, 184, 60, 182, 240, 13, 187, 41, 162, 154, 188, 3, 120, 11, 61, 43, 166, 121, 60, 90, 245, 57, 188, 3, 120, 11, 61, 43, 166, 121, 188, 90, 245, 57, 60, 3, 120, 11, 61, 43, 166, 121, 60, 90, 245, 57, 60, 166, 85, 185, 60, 182, 240, 13, 59, 41, 162, 154, 60, 254, 42, 58, 187, 152, 15, 245, 187, 93, 21, 143, 188, 15, 159, 148, 60, 163, 149, 155, 188, 235, 58, 14, 58, 16, 58, 15, 187, 44, 44, 252, 187, 29, 79, 142, 60, 16, 58, 15, 187, 44, 44, 252, 59, 29, 79, 142, 60, 15, 159, 148, 60, 163, 149, 155, 60, 235, 58, 14, 186, 148, 95, 58, 187, 154, 5, 245, 59, 110, 22, 143, 188, 112, 178, 130, 60, 4, 169, 137, 188, 140, 69, 17, 188, 112, 178, 130, 60, 4, 169, 137, 60, 140, 69, 17, 60, 3, 120, 11, 61, 80, 16, 154, 60, 74, 53, 49, 59, 209, 166, 124, 60, 253, 73, 133, 60, 161, 192, 32, 188, 209, 166, 124, 60, 253, 73, 133, 188, 161, 192, 32, 60, 3, 120, 11, 61, 211, 136, 150, 188, 57, 70, 158, 59, 247, 47, 196, 60, 65, 91, 242, 59, 253, 94, 143, 188, 209, 152, 196, 60, 65, 91, 242, 187, 253, 94, 143, 60, 3, 120, 11, 61, 67, 140, 152, 188, 28, 72, 119, 187, 163, 149, 2, 188, 12, 180, 52, 58, 168, 139, 155, 60, 111, 18, 3, 188, 39, 92, 251, 159, 227, 165, 155, 188, 217, 196, 215, 187, 141, 223, 148, 187, 250, 33, 151, 188, 181, 198, 215, 187, 219, 220, 148, 187, 36, 34, 151, 60, 181, 198, 215, 187, 219, 220, 148, 59, 36, 34, 151, 188, 54, 179, 205, 187, 144, 128, 162, 59, 175, 64, 150, 60, 3, 120, 11, 61, 67, 140, 152, 60, 28, 72, 119, 187, 77, 7, 204, 60, 18, 19, 25, 188, 167, 135, 135, 188, 41, 112, 204, 60, 18, 19, 25, 60, 167, 135, 135, 60, 89, 80, 81, 60, 130, 61, 95, 188, 49, 244, 88, 188, 89, 80, 81, 60, 130, 61, 95, 60, 49, 244, 88, 60, 53, 60, 61, 60, 95, 41, 75, 60, 128, 220, 107, 188, 107, 144, 68, 60, 148, 125, 82, 188, 54, 88, 101, 60, 0, 0, 128, 63, 0, 0, 0, 0, 0, 0, 0, 0, 3, 120, 11, 189, 0, 0, 8, 22, 209, 99, 12, 63, 0, 0, 0, 0, 88, 18, 86, 191, 62, 184, 230, 188, 8, 0, 3, 21, 147, 209, 12, 63, 0, 0, 0, 0, 53, 202, 85, 63, 160, 21, 231, 188, 11, 0, 3, 22, 91, 134, 247, 190, 253, 23, 96, 191, 131, 130, 110, 59, 215, 183, 0, 188, 14, 0, 3, 14, 252, 113, 247, 190, 158, 29, 96, 63, 234, 42, 111, 59, 234, 185, 0, 188, 17, 0, 3, 20, 53, 61, 203, 190, 30, 249, 104, 191, 16, 92, 244, 189, 213, 32, 36, 188, 20, 0, 3, 14, 24, 59, 205, 190, 21, 148, 104, 63, 210, 197, 241, 61, 226, 128, 34, 188, 23, 0, 3, 20, 141, 149, 226, 60, 9, 138, 108, 63, 161, 75, 195, 62, 50, 132, 158, 188, 26, 0, 3, 12, 20, 120, 8, 189, 154, 163, 121, 63, 70, 69, 96, 62, 35, 203, 145, 188, 29, 0, 3, 20, 24, 59, 191, 190, 10, 249, 105, 63, 89, 128, 34, 190, 63, 201, 46, 188, 32, 0, 3, 17, 120, 108, 19, 189, 148, 48, 118, 191, 40, 42, 139, 62, 51, 123, 145, 188, 35, 0, 3, 27, 43, 238, 103, 60, 218, 164, 102, 191, 17, 12, 222, 62, 194, 187, 156, 188, 38, 0, 3, 15, 82, 6, 193, 190, 93, 170, 105, 191, 71, 22, 33, 62, 223, 91, 45, 188, 41, 0, 3, 27, 168, 186, 249, 62, 98, 215, 97, 61, 136, 9, 95, 191, 40, 241, 223, 188, 44, 0, 3, 21, 111, 204, 250, 62, 70, 240, 95, 189, 154, 190, 94, 63, 64, 92, 224, 188, 47, 0, 3, 22, 187, 39, 254, 60, 188, 197, 127, 191, 221, 209, 233, 60, 27, 47, 160, 188, 50, 0, 3, 10, 14, 126, 21, 189, 215, 166, 121, 191, 117, 134, 95, 190, 247, 84, 145, 188, 53, 0, 3, 14, 252, 31, 189, 60, 112, 174, 105, 191, 214, 191, 208, 190, 106, 74, 158, 188, 56, 0, 3, 13, 174, 24, 118, 191, 128, 0, 141, 190, 35, 109, 188, 59, 49, 108, 248, 187, 59, 0, 4, 14, 50, 73, 25, 191, 3, 9, 77, 191, 189, 167, 98, 54, 19, 110, 248, 187, 63, 0, 4, 14, 255, 93, 126, 186, 80, 40, 166, 190, 240, 36, 114, 63, 80, 21, 155, 188, 67, 0, 3, 18, 154, 38, 31, 60, 55, 131, 1, 190, 153, 238, 125, 63, 202, 240, 152, 188, 70, 0, 4, 25, 241, 25, 151, 187, 92, 140, 249, 189, 245, 22, 126, 191, 234, 201, 154, 188, 74, 0, 3, 5, 205, 78, 136, 185, 203, 166, 162, 62, 33, 189, 114, 191, 29, 36, 155, 188, 77, 0, 3, 19, 108, 193, 91, 60, 120, 218, 7, 62, 189, 182, 125, 191, 5, 97, 153, 188, 80, 0, 4, 24, 189, 95, 116, 191, 83, 134, 152, 62, 172, 162, 152, 187, 152, 35, 253, 187, 84, 0, 3, 20, 44, 22, 14, 191, 236, 241, 84, 63, 238, 245, 172, 59, 97, 131, 252, 187, 87, 0, 3, 20, 86, 215, 29, 191, 16, 140, 73, 63, 35, 6, 118, 187, 50, 130, 252, 187, 90, 0, 3, 20, 86, 238, 109, 191, 12, 239, 188, 62, 247, 124, 107, 59, 89, 78, 253, 187, 93, 0, 3, 20, 252, 246, 113, 187, 65, 171, 26, 62, 168, 15, 125, 63, 153, 218, 154, 188, 96, 0, 3, 1, 151, 241, 138, 60, 199, 181, 105, 63, 101, 198, 208, 190, 196, 153, 156, 188, 99, 0, 3, 16, 64, 8, 7, 189, 238, 39, 118, 63, 130, 153, 139, 190, 3, 234, 145, 188, 102, 0, 3, 17, 33, 72, 143, 60, 64, 219, 127, 63, 169, 228, 233, 188, 63, 57, 158, 188, 105, 0, 3, 7, 200, 121, 51, 60, 243, 105, 156, 190, 209, 190, 115, 191, 93, 173, 154, 188, 108, 0, 4, 26, 251, 200, 208, 62, 98, 113, 35, 190, 42, 38, 102, 191, 128, 66, 217, 188, 112, 0, 3, 21, 14, 175, 72, 60, 90, 27, 158, 62, 215, 119, 115, 63, 18, 208, 154, 188, 115, 0, 4, 23, 175, 6, 210, 62, 76, 85, 34, 62, 111, 234, 101, 63, 67, 183, 217, 188, 119, 0, 3, 22, 170, 194, 30, 188, 203, 243, 79, 191, 173, 72, 21, 191, 233, 233, 152, 188, 122, 0, 3, 4, 105, 80, 87, 190, 118, 115, 91, 191, 223, 169, 240, 190, 178, 85, 121, 188, 125, 0, 3, 4, 158, 213, 78, 188, 156, 130, 22, 191, 94, 14, 79, 191, 141, 10, 152, 188, 128, 0, 3, 29, 192, 79, 157, 60, 84, 226, 36, 191, 150, 196, 67, 191, 46, 219, 156, 188, 131, 0, 3, 31, 170, 194, 30, 188, 203, 243, 79, 63, 173, 72, 21, 63, 233, 233, 152, 188, 134, 0, 3, 0, 5, 250, 86, 190, 25, 113, 91, 63, 211, 197, 240, 62, 36, 113, 121, 188, 137, 0, 3, 0, 133, 233, 55, 188, 3, 36, 23, 63, 5, 154, 78, 63, 28, 69, 152, 188, 140, 0, 3, 28, 171, 45, 157, 60, 105, 233, 36, 63, 164, 190, 67, 63, 80, 219, 156, 188, 143, 0, 3, 30, 3, 40, 37, 190, 128, 38, 81, 63, 212, 186, 13, 191, 72, 5, 133, 188, 146, 0, 3, 3, 123, 210, 39, 188, 9, 174, 68, 63, 25, 217, 35, 191, 127, 141, 152, 188, 149, 0, 3, 3, 233, 246, 15, 61, 211, 162, 22, 63, 77, 203, 78, 191, 115, 92, 158, 188, 152, 0, 3, 8, 142, 246, 4, 58, 2, 58, 7, 63, 189, 94, 89, 191, 79, 215, 153, 188, 155, 0, 3, 8, 21, 106, 49, 190, 234, 189, 83, 191, 107, 223, 8, 63, 45, 85, 131, 188, 158, 0, 3, 2, 39, 247, 15, 188, 38, 18, 71, 191, 170, 240, 32, 63, 142, 17, 153, 188, 161, 0, 3, 2, 103, 121, 6, 61, 24, 43, 23, 191, 43, 110, 78, 63, 158, 215, 157, 188, 164, 0, 3, 11, 89, 122, 7, 59, 46, 58, 11, 191, 55, 212, 86, 63, 244, 171, 153, 188, 167, 0, 3, 32, 27, 14, 4, 3, 17, 20, 0, 2, 0, 1, 2, 3, 4, 5, 6, 7, 8, 9, 10, 11, 12, 7, 6, 13, 10, 9, 13, 4, 14, 13, 14, 10, 15, 11, 10, 16, 7, 17, 16, 17, 3, 16, 8, 7, 18, 2, 1, 19, 3, 5, 20, 17, 7, 20, 7, 12, 20, 12, 0, 21, 22, 23, 24, 24, 23, 6, 8, 24, 8, 19, 19, 5, 21, 24, 23, 22, 1, 25, 11, 18, 18, 1, 22, 25, 25, 22, 21, 26, 9, 11, 26, 11, 25, 26, 25, 21, 26, 21, 5, 27, 2, 15, 27, 15, 10, 27, 10, 14, 28, 6, 23, 1, 28, 1, 0, 29, 9, 26, 5, 29, 5, 4, 30, 0, 12, 30, 12, 6, 30, 6, 28, 30, 28, 0, 31, 4, 13, 31, 13, 9, 31, 9, 29, 31, 29, 4, 32, 11, 15, 32, 15, 2, 32, 2, 18, 32, 18, 11, 33, 8, 16, 33, 16, 3, 33, 3, 19, 33, 19, 8, 0, 32, 0, 7, 0, 2, 0, 11, 0, 15, 0, 17, 0, 1, 0, 30, 1, 34, 1, 13, 2, 36, 2, 14, 3, 5, 3, 12, 3, 19, 4, 6, 4, 9, 4, 26, 5, 16, 5, 38, 6, 8, 6, 42, 7, 41, 7, 8, 8, 32, 9, 45, 9, 31, 10, 12, 10, 15, 10, 11, 11, 50, 12, 49, 13, 47, 13, 24, 14, 51, 14, 21, 15, 16, 16, 17, 17, 37, 18, 25, 18, 22, 18, 19, 18, 21, 19, 33, 19, 20, 20, 52, 20, 21, 21, 29, 22, 24, 22, 33, 23, 27, 23, 48, 23, 24, 24, 25, 25, 28, 26, 35, 26, 27, 27, 28, 28, 29, 29, 35, 30, 46, 30, 31, 31, 32, 33, 39, 33, 34, 34, 40, 35, 43, 35, 36, 36, 44, 37, 40, 37, 38, 38, 39, 39, 40, 41, 44, 41, 42, 42, 43, 43, 44, 45, 48, 45, 46, 46, 47, 47, 48, 49, 52, 49, 50, 50, 51, 51, 52, 0, 1, 17, 1, 13, 22, 0, 1, 13, 0, 2, 11, 0, 2, 7, 2, 14, 21, 3, 5, 19, 3, 5, 10, 3, 12, 19, 4, 6, 26, 4, 6, 8, 4, 9, 23, 5, 16, 17, 6, 7, 8, 0, 7, 8, 9, 30, 31, 10, 11, 12, 0, 10, 11, 13, 23, 24, 14, 20, 21, 0, 15, 16, 18, 21, 25, 18, 22, 24, 18, 19, 22, 18, 19, 20, 23, 24, 25, 26, 27, 28, 0, 30, 31, 33, 34, 39, 35, 36, 43, 37, 38, 39, 41, 42, 43, 45, 46, 47, 49, 50, 51, 27, 0, 14, 0, 14, 0, 4, 0, 4, 0, 3, 0, 3, 0, 17, 0, 17, 0, 20, 0, 20, 0, 0, 0, 0, 0, 2, 0, 2, 0, 27, 0, 0, 0, 1, 0, 1, 0, 2, 0, 4, 0, 5, 0, 5, 0, 3, 0, 6, 0, 7, 0, 7, 0, 8, 0, 8, 0, 6, 0, 9, 0, 10, 0, 10, 0, 11, 0, 11, 0, 9, 0, 12, 0, 7, 0, 6, 0, 12, 0, 13, 0, 10, 0, 9, 0, 13, 0, 13, 0, 4, 0, 14, 0, 13, 0, 14, 0, 10, 0, 15, 0, 11, 0, 10, 0, 15, 0, 16, 0, 7, 0, 7, 0, 17, 0, 17, 0, 16, 0, 3, 0, 16, 0, 16, 0, 8, 0, 18, 0, 2, 0, 1, 0, 18, 0, 19, 0, 3, 0, 5, 0, 19, 0, 7, 0, 20, 0, 12, 0, 20, 0, 12, 0, 0, 0, 21, 0, 22, 0, 22, 0, 23, 0, 23, 0, 24, 0, 24, 0, 21, 0, 23, 0, 6, 0, 8, 0, 24, 0, 8, 0, 19, 0, 19, 0, 24, 0, 5, 0, 21, 0, 22, 0, 1, 0, 1, 0, 23, 0, 25, 0, 11, 0, 11, 0, 18, 0, 18, 0, 25, 0, 22, 0, 25, 0, 21, 0, 25, 0, 26, 0, 9, 0, 11, 0, 26, 0, 25, 0, 26, 0, 21, 0, 26, 0, 5, 0, 26, 0, 2, 0, 15, 0, 15, 0, 27, 0, 10, 0, 27, 0, 28, 0, 6, 0, 1, 0, 28, 0, 0, 0, 28, 0, 29, 0, 9, 0, 5, 0, 29, 0, 4, 0, 29, 0, 30, 0, 0, 0, 12, 0, 30, 0, 6, 0, 30, 0, 28, 0, 30, 0, 31, 0, 4, 0, 13, 0, 31, 0, 9, 0, 31, 0, 29, 0, 31, 0, 32, 0, 11, 0, 15, 0, 32, 0, 2, 0, 32, 0, 18, 0, 32, 0, 33, 0, 8, 0, 16, 0, 33, 0, 3, 0, 33, 0, 19, 0, 33, 0, 0, 0, 0, 0, 112, 18, 3, 188, 163, 149, 155, 188, 228, 165, 155, 188, 3, 120, 11, 61, 163, 149, 155, 60, 168, 139, 155, 60, 200, 122, 24, 56, 233, 45, 198, 49, 249, 185, 71, 44, 42, 187, 14, 171, 249, 185, 71, 44, 150, 205, 139, 50, 207, 227, 210, 172, 42, 187, 14, 171, 207, 227, 210, 172, 93, 59, 134, 50, 3, 43, 127, 60, 0, 19, 68, 52, 251, 128, 40, 183, 0, 0, 128, 63, 73, 67, 69, 1, 83, 85, 80, 77, 0, 0, 0, 0, 73, 67, 69, 1, 71, 65, 85, 83, 0, 0, 0, 0, 16, 0, 0, 0, 0, 6, 0, 0, 0, 0, 0, 0, 0, 20, 20, 20, 17, 17, 17, 17, 3, 3, 3, 3, 0, 0, 0, 0, 0, 20, 20, 20, 17, 17, 17, 3, 3, 3, 3, 3, 0, 0, 0, 0, 0, 0, 20, 20, 17, 17, 17, 3, 3, 3, 3, 3, 0, 0, 0, 0, 0, 0, 20, 20, 17, 17, 3, 3, 3, 3, 3, 3, 0, 0, 0, 0, 0, 0, 20, 20, 17, 17, 3, 3, 3, 3, 3, 3, 0, 0, 0, 0, 0, 0, 0, 20, 17, 3, 3, 3, 3, 3, 3, 3, 0, 0, 0, 0, 0, 0, 0, 20, 17, 3, 3, 3, 3, 3, 3, 3, 0, 0, 0, 0, 0, 0, 0, 0, 3, 3, 3, 3, 3, 3, 3, 3, 2, 2, 2, 2, 2, 2, 2, 2, 4, 4, 4, 4, 4, 4, 4, 4, 2, 2, 2, 2, 2, 2, 2, 27, 14, 4, 4, 4, 4, 4, 4, 4, 2, 2, 2, 2, 2, 2, 2, 27, 14, 4, 4, 4, 4, 4, 4, 4, 2, 2, 2, 2, 2, 2, 27, 27, 14, 4, 4, 4, 4, 4, 4, 4, 2, 2, 2, 2, 2, 2, 27, 27, 14, 14, 4, 4, 4, 4, 4, 4, 2, 2, 2, 2, 2, 2, 27, 27, 14, 14, 4, 4, 4, 4, 4, 4, 2, 2, 2, 2, 2, 27, 27, 27, 14, 14, 14, 4, 4, 4, 4, 4, 2, 2, 2, 2, 2, 27, 27, 27, 14, 14, 14, 4, 4, 4, 4, 4, 23, 23, 23, 23, 23, 23, 23, 23, 24, 24, 24, 24, 24, 24, 24, 24, 23, 23, 23, 23, 23, 23, 23, 23, 24, 24, 24, 24, 24, 24, 24, 24, 23, 23, 23, 23, 23, 23, 23, 23, 24, 24, 24, 24, 24, 24, 24, 24, 23, 23, 23, 23, 23, 23, 23, 23, 24, 24, 24, 24, 24, 24, 24, 24, 23, 23, 23, 23, 23, 23, 23, 23, 24, 24, 24, 24, 24, 24, 24, 24, 22, 22, 22, 22, 22, 22, 22, 23, 24, 24, 24, 24, 24, 21, 21, 21, 22, 22, 22, 22, 22, 22, 22, 22, 21, 21, 21, 21, 21, 21, 21, 21, 22, 22, 22, 22, 22, 22, 22, 22, 21, 21, 21, 21, 21, 21, 21, 21, 22, 22, 22, 22, 22, 22, 22, 22, 21, 21, 21, 21, 21, 21, 21, 21, 22, 22, 22, 22, 22, 22, 22, 22, 21, 21, 21, 21, 21, 21, 21, 21, 22, 22, 22, 22, 22, 22, 22, 25, 21, 21, 21, 21, 21, 21, 21, 21, 25, 25, 25, 25, 25, 25, 25, 25, 26, 26, 26, 21, 21, 21, 21, 21, 25, 25, 25, 25, 25, 25, 25, 25, 26, 26, 26, 26, 26, 26, 26, 26, 25, 25, 25, 25, 25, 25, 25, 25, 26, 26, 26, 26, 26, 26, 26, 26, 25, 25, 25, 25, 25, 25, 25, 25, 26, 26, 26, 26, 26, 26, 26, 26, 25, 25, 25, 25, 25, 25, 25, 25, 26, 26, 26, 26, 26, 26, 26, 26, 25, 25, 25, 25, 11, 11, 11, 32, 2, 2, 2, 2, 2, 2, 2, 2, 25, 25, 25, 25, 11, 11, 11, 32, 2, 2, 2, 2, 2, 2, 2, 2, 25, 25, 25, 25, 11, 11, 11, 15, 2, 2, 2, 2, 2, 2, 2, 2, 25, 25, 25, 11, 11, 11, 15, 15, 2, 2, 2, 2, 2, 2, 2, 2, 25, 25, 25, 11, 11, 11, 15, 15, 2, 2, 2, 2, 2, 2, 2, 2, 25, 25, 25, 11, 11, 15, 15, 15, 27, 27, 27, 27, 27, 27, 27, 27, 25, 25, 25, 11, 11, 15, 10, 10, 27, 27, 27, 27, 27, 27, 27, 27, 25, 25, 11, 11, 10, 10, 10, 10, 27, 27, 27, 27, 27, 27, 27, 27, 26, 26, 26, 9, 10, 10, 10, 10, 14, 14, 14, 14, 14, 14, 14, 14, 26, 26, 26, 9, 9, 13, 13, 10, 14, 14, 14, 14, 14, 14, 14, 14, 26, 26, 26, 26, 9, 13, 13, 13, 14, 14, 14, 14, 14, 14, 14, 14, 26, 26, 26, 26, 9, 9, 13, 13, 4, 4, 4, 4, 4, 4, 4, 4, 26, 26, 26, 26, 9, 9, 31, 13, 4, 4, 4, 4, 4, 4, 4, 4, 26, 26, 26, 26, 9, 9, 9, 31, 4, 4, 4, 4, 4, 4, 4, 4, 26, 26, 26, 26, 26, 9, 9, 31, 4, 4, 4, 4, 4, 4, 4, 4, 26, 26, 26, 26, 26, 9, 9, 31, 4, 4, 4, 4, 4, 4, 4, 4, 23, 23, 23, 23, 6, 6, 6, 30, 0, 0, 0, 0, 0, 0, 0, 0, 23, 23, 23, 23, 6, 6, 6, 30, 0, 0, 0, 0, 0, 0, 0, 0, 23, 23, 23, 23, 6, 6, 6, 30, 0, 0, 0, 0, 0, 0, 0, 0, 23, 23, 23, 6, 6, 6, 30, 12, 0, 0, 0, 0, 0, 0, 0, 0, 23, 23, 23, 6, 6, 6, 12, 12, 0, 0, 0, 0, 0, 0, 0, 0, 23, 23, 23, 6, 6, 12, 12, 12, 20, 20, 20, 20, 20, 20, 20, 20, 23, 23, 23, 6, 6, 12, 12, 7, 20, 20, 20, 20, 20, 20, 20, 20, 23, 23, 6, 6, 7, 7, 7, 7, 20, 20, 20, 20, 20, 20, 20, 20, 24, 24, 24, 8, 7, 7, 7, 7, 17, 17, 17, 17, 17, 17, 17, 17, 24, 24, 24, 8, 8, 16, 7, 7, 17, 17, 17, 17, 17, 17, 17, 17, 24, 24, 24, 8, 8, 16, 16, 16, 17, 17, 17, 17, 17, 17, 17, 17, 24, 24, 24, 8, 8, 8, 16, 16, 17, 17, 17, 17, 17, 17, 17, 17, 24, 24, 24, 24, 8, 8, 16, 16, 3, 3, 3, 3, 3, 3, 3, 3, 24, 24, 24, 24, 8, 8, 8, 16, 3, 3, 3, 3, 3, 3, 3, 3, 24, 24, 24, 24, 8, 8, 8, 33, 3, 3, 3, 3, 3, 3, 3, 3, 24, 24, 24, 24, 8, 8, 8, 33, 3, 3, 3, 3, 3, 3, 3, 3, 24, 24, 24, 24, 24, 21, 21, 21, 21, 21, 21, 21, 26, 26, 26, 26, 24, 24, 24, 24, 24, 24, 21, 21, 21, 21, 21, 21, 26, 26, 26, 26, 24, 24, 24, 24, 24, 24, 21, 21, 21, 21, 21, 26, 26, 26, 26, 26, 24, 24, 24, 24, 24, 24, 21, 21, 21, 21, 21, 26, 26, 26, 26, 26, 8, 24, 24, 24, 24, 24, 21, 21, 21, 21, 21, 26, 26, 26, 26, 26, 8, 8, 24, 24, 24, 24, 24, 21, 21, 21, 26, 26, 26, 26, 9, 9, 8, 8, 8, 24, 24, 24, 24, 21, 21, 21, 26, 26, 26, 9, 9, 9, 33, 33, 8, 8, 8, 24, 24, 21, 21, 26, 26, 9, 9, 9, 31, 31, 3, 3, 3, 19, 19, 19, 19, 5, 5, 5, 29, 29, 29, 29, 4, 4, 3, 3, 3, 3, 19, 19, 19, 5, 5, 5, 29, 29, 4, 4, 4, 4, 3, 3, 3, 3, 3, 19, 19, 5, 5, 5, 29, 4, 4, 4, 4, 4, 3, 3, 3, 3, 3, 3, 3, 5, 5, 4, 4, 4, 4, 4, 4, 4, 3, 3, 3, 3, 3, 3, 3, 3, 4, 4, 4, 4, 4, 4, 4, 4, 3, 3, 3, 3, 3, 3, 3, 3, 4, 4, 4, 4, 4, 4, 4, 4, 3, 3, 3, 3, 3, 3, 3, 3, 4, 4, 4, 4, 4, 4, 4, 4, 3, 3, 3, 3, 3, 3, 3, 3, 4, 4, 4, 4, 4, 4, 4, 4, 23, 23, 23, 23, 23, 22, 22, 22, 22, 22, 22, 25, 25, 25, 25, 25, 23, 23, 23, 23, 23, 22, 22, 22, 22, 22, 22, 25, 25, 25, 25, 25, 23, 23, 23, 23, 23, 22, 22, 22, 22, 22, 22, 25, 25, 25, 25, 25, 23, 23, 23, 23, 23, 23, 22, 22, 22, 22, 25, 25, 25, 25, 25, 25, 6, 23, 23, 23, 23, 23, 22, 22, 22, 22, 25, 25, 25, 25, 25, 11, 6, 6, 23, 23, 23, 23, 22, 22, 22, 22, 25, 25, 25, 25, 11, 11, 6, 6, 6, 6, 23, 23, 23, 22, 22, 25, 25, 25, 11, 11, 11, 11, 30, 30, 6, 6, 6, 23, 23, 22, 22, 25, 25, 11, 11, 11, 32, 32, 0, 0, 28, 28, 28, 28, 1, 1, 1, 18, 18, 18, 18, 2, 2, 2, 0, 0, 0, 0, 28, 28, 1, 1, 1, 18, 18, 18, 2, 2, 2, 2, 0, 0, 0, 0, 0, 28, 1, 1, 1, 18, 18, 2, 2, 2, 2, 2, 0, 0, 0, 0, 0, 0, 0, 1, 1, 2, 2, 2, 2, 2, 2, 2, 0, 0, 0, 0, 0, 0, 0, 0, 2, 2, 2, 2, 2, 2, 2, 2, 0, 0, 0, 0, 0, 0, 0, 0, 2, 2, 2, 2, 2, 2, 2, 2, 0, 0, 0, 0, 0, 0, 0, 0, 2, 2, 2, 2, 2, 2, 2, 2, 0, 0, 0, 0, 0, 0, 0, 0, 2, 2, 2, 2, 2, 2, 2, 2, 26, 26, 26, 26, 26, 26, 26, 26, 25, 25, 25, 25, 25, 25, 25, 25, 26, 26, 26, 26, 26, 26, 26, 26, 25, 25, 25, 25, 25, 25, 25, 25, 26, 26, 26, 26, 26, 26, 26, 26, 25, 25, 25, 25, 25, 25, 25, 25, 26, 26, 26, 26, 26, 26, 26, 26, 25, 25, 25, 25, 25, 25, 25, 25, 21, 21, 21, 21, 21, 26, 26, 26, 25, 25, 25, 25, 25, 25, 25, 25, 21, 21, 21, 21, 21, 21, 21, 21, 25, 22, 22, 22, 22, 22, 22, 22, 21, 21, 21, 21, 21, 21, 21, 21, 22, 22, 22, 22, 22, 22, 22, 22, 21, 21, 21, 21, 21, 21, 21, 21, 22, 22, 22, 22, 22, 22, 22, 22, 21, 21, 21, 21, 21, 21, 21, 21, 22, 22, 22, 22, 22, 22, 22, 22, 21, 21, 21, 21, 21, 21, 21, 21, 22, 22, 22, 22, 22, 22, 22, 22, 21, 21, 21, 24, 24, 24, 24, 24, 23, 22, 22, 22, 22, 22, 22, 22, 24, 24, 24, 24, 24, 24, 24, 24, 23, 23, 23, 23, 23, 23, 23, 23, 24, 24, 24, 24, 24, 24, 24, 24, 23, 23, 23, 23, 23, 23, 23, 23, 24, 24, 24, 24, 24, 24, 24, 24, 23, 23, 23, 23, 23, 23, 23, 23, 24, 24, 24, 24, 24, 24, 24, 24, 23, 23, 23, 23, 23, 23, 23, 23, 24, 24, 24, 24, 24, 24, 24, 24, 23, 23, 23, 23, 23, 23, 23, 23, 4, 4, 4, 4, 4, 14, 14, 14, 27, 27, 27, 2, 2, 2, 2, 2, 4, 4, 4, 4, 4, 14, 14, 14, 27, 27, 27, 2, 2, 2, 2, 2, 4, 4, 4, 4, 4, 4, 14, 14, 27, 27, 2, 2, 2, 2, 2, 2, 4, 4, 4, 4, 4, 4, 14, 14, 27, 27, 2, 2, 2, 2, 2, 2, 4, 4, 4, 4, 4, 4, 4, 14, 27, 27, 2, 2, 2, 2, 2, 2, 4, 4, 4, 4, 4, 4, 4, 14, 27, 2, 2, 2, 2, 2, 2, 2, 4, 4, 4, 4, 4, 4, 4, 14, 27, 2, 2, 2, 2, 2, 2, 2, 4, 4, 4, 4, 4, 4, 4, 4, 2, 2, 2, 2, 2, 2, 2, 2, 3, 3, 3, 3, 3, 3, 3, 3, 0, 0, 0, 0, 0, 0, 0, 0, 3, 3, 3, 3, 3, 3, 3, 17, 20, 0, 0, 0, 0, 0, 0, 0, 3, 3, 3, 3, 3, 3, 3, 17, 20, 0, 0, 0, 0, 0, 0, 0, 3, 3, 3, 3, 3, 3, 17, 17, 20, 20, 0, 0, 0, 0, 0, 0, 3, 3, 3, 3, 3, 3, 17, 17, 20, 20, 0, 0, 0, 0, 0, 0, 3, 3, 3, 3, 3, 17, 17, 17, 20, 20, 0, 0, 0, 0, 0, 0, 3, 3, 3, 3, 3, 17, 17, 17, 20, 20, 20, 0, 0, 0, 0, 0, 3, 3, 3, 3, 17, 17, 17, 17, 20, 20, 20, 0, 0, 0, 0, 0, 3, 3, 3, 3, 3, 3, 3, 3, 33, 8, 8, 8, 24, 24, 24, 24, 3, 3, 3, 3, 3, 3, 3, 3, 33, 8, 8, 8, 24, 24, 24, 24, 3, 3, 3, 3, 3, 3, 3, 3, 16, 8, 8, 8, 24, 24, 24, 24, 3, 3, 3, 3, 3, 3, 3, 3, 16, 16, 8, 8, 24, 24, 24, 24, 17, 17, 17, 17, 17, 17, 17, 17, 16, 16, 8, 8, 8, 24, 24, 24, 17, 17, 17, 17, 17, 17, 17, 17, 16, 16, 16, 8, 8, 24, 24, 24, 17, 17, 17, 17, 17, 17, 17, 17, 7, 7, 16, 8, 8, 24, 24, 24, 17, 17, 17, 17, 17, 17, 17, 17, 7, 7, 7, 7, 8, 24, 24, 24, 20, 20, 20, 20, 20, 20, 20, 20, 7, 7, 7, 7, 6, 6, 23, 23, 20, 20, 20, 20, 20, 20, 20, 20, 7, 12, 12, 6, 6, 23, 23, 23, 20, 20, 20, 20, 20, 20, 20, 20, 12, 12, 12, 6, 6, 23, 23, 23, 0, 0, 0, 0, 0, 0, 0, 0, 12, 12, 6, 6, 6, 23, 23, 23, 0, 0, 0, 0, 0, 0, 0, 0, 12, 30, 6, 6, 6, 23, 23, 23, 0, 0, 0, 0, 0, 0, 0, 0, 30, 6, 6, 6, 23, 23, 23, 23, 0, 0, 0, 0, 0, 0, 0, 0, 30, 6, 6, 6, 23, 23, 23, 23, 0, 0, 0, 0, 0, 0, 0, 0, 30, 6, 6, 6, 23, 23, 23, 23, 4, 4, 4, 4, 4, 4, 4, 4, 31, 9, 9, 26, 26, 26, 26, 26, 4, 4, 4, 4, 4, 4, 4, 4, 31, 9, 9, 26, 26, 26, 26, 26, 4, 4, 4, 4, 4, 4, 4, 4, 31, 9, 9, 9, 26, 26, 26, 26, 4, 4, 4, 4, 4, 4, 4, 4, 13, 31, 9, 9, 26, 26, 26, 26, 4, 4, 4, 4, 4, 4, 4, 4, 13, 13, 9, 9, 26, 26, 26, 26, 14, 14, 14, 14, 14, 14, 14, 14, 13, 13, 13, 9, 26, 26, 26, 26, 14, 14, 14, 14, 14, 14, 14, 14, 10, 13, 13, 9, 9, 26, 26, 26, 14, 14, 14, 14, 14, 14, 14, 14, 10, 10, 10, 10, 9, 26, 26, 26, 27, 27, 27, 27, 27, 27, 27, 27, 10, 10, 10, 10, 11, 11, 25, 25, 27, 27, 27, 27, 27, 27, 27, 27, 10, 10, 15, 11, 11, 25, 25, 25, 27, 27, 27, 27, 27, 27, 27, 27, 15, 15, 15, 11, 11, 25, 25, 25, 2, 2, 2, 2, 2, 2, 2, 2, 15, 15, 11, 11, 11, 25, 25, 25, 2, 2, 2, 2, 2, 2, 2, 2, 15, 15, 11, 11, 11, 25, 25, 25, 2, 2, 2, 2, 2, 2, 2, 2, 15, 11, 11, 11, 25, 25, 25, 25, 2, 2, 2, 2, 2, 2, 2, 2, 32, 11, 11, 11, 25, 25, 25, 25, 2, 2, 2, 2, 2, 2, 2, 2, 32, 11, 11, 11, 25, 25, 25, 25, 2, 2, 2, 2, 2, 2, 2, 2, 0, 0, 0, 0, 0, 0, 0, 0, 2, 2, 2, 2, 2, 2, 2, 2, 0, 0, 0, 0, 0, 0, 0, 0, 2, 2, 2, 2, 2, 2, 2, 2, 0, 0, 0, 0, 0, 0, 0, 0, 2, 2, 2, 2, 2, 2, 2, 2, 0, 0, 0, 0, 0, 0, 0, 0, 2, 2, 2, 2, 2, 2, 2, 1, 1, 0, 0, 0, 0, 0, 0, 0, 2, 2, 2, 2, 2, 18, 18, 1, 1, 1, 28, 0, 0, 0, 0, 0, 2, 2, 2, 2, 18, 18, 18, 1, 1, 1, 28, 28, 0, 0, 0, 0, 2, 2, 2, 18, 18, 18, 18, 1, 1, 1, 28, 28, 28, 28, 0, 0, 32, 32, 11, 11, 11, 25, 25, 22, 22, 23, 23, 6, 6, 6, 30, 30, 11, 11, 11, 11, 25, 25, 25, 22, 22, 23, 23, 23, 6, 6, 6, 6, 11, 11, 25, 25, 25, 25, 22, 22, 22, 22, 23, 23, 23, 23, 6, 6, 11, 25, 25, 25, 25, 25, 22, 22, 22, 22, 23, 23, 23, 23, 23, 6, 25, 25, 25, 25, 25, 25, 22, 22, 22, 22, 23, 23, 23, 23, 23, 23, 25, 25, 25, 25, 25, 22, 22, 22, 22, 22, 22, 23, 23, 23, 23, 23, 25, 25, 25, 25, 25, 22, 22, 22, 22, 22, 22, 23, 23, 23, 23, 23, 25, 25, 25, 25, 25, 22, 22, 22, 22, 22, 22, 23, 23, 23, 23, 23, 4, 4, 4, 4, 4, 4, 4, 4, 3, 3, 3, 3, 3, 3, 3, 3, 4, 4, 4, 4, 4, 4, 4, 4, 3, 3, 3, 3, 3, 3, 3, 3, 4, 4, 4, 4, 4, 4, 4, 4, 3, 3, 3, 3, 3, 3, 3, 3, 4, 4, 4, 4, 4, 4, 4, 4, 3, 3, 3, 3, 3, 3, 3, 3, 4, 4, 4, 4, 4, 4, 4, 5, 5, 3, 3, 3, 3, 3, 3, 3, 4, 4, 4, 4, 4, 29, 5, 5, 5, 19, 19, 3, 3, 3, 3, 3, 4, 4, 4, 4, 29, 29, 5, 5, 5, 19, 19, 19, 3, 3, 3, 3, 4, 4, 29, 29, 29, 29, 5, 5, 5, 19, 19, 19, 19, 3, 3, 3, 31, 31, 9, 9, 9, 26, 26, 21, 21, 24, 24, 8, 8, 8, 33, 33, 9, 9, 9, 26, 26, 26, 21, 21, 21, 24, 24, 24, 24, 8, 8, 8, 9, 9, 26, 26, 26, 26, 21, 21, 21, 24, 24, 24, 24, 24, 8, 8, 26, 26, 26, 26, 26, 21, 21, 21, 21, 21, 24, 24, 24, 24, 24, 8, 26, 26, 26, 26, 26, 21, 21, 21, 21, 21, 24, 24, 24, 24, 24, 24, 26, 26, 26, 26, 26, 21, 21, 21, 21, 21, 24, 24, 24, 24, 24, 24, 26, 26, 26, 26, 21, 21, 21, 21, 21, 21, 24, 24, 24, 24, 24, 24, 26, 26, 26, 26, 21, 21, 21, 21, 21, 21, 21, 24, 24, 24, 24, 24, 73, 67, 69, 1, 86, 65, 76, 69, 2, 0, 0, 0, 34, 0, 0, 0, 170, 0, 0, 0, 7, 0, 0, 0, 6, 6, 6, 6, 6, 6, 6, 6, 6, 6, 6, 7, 5, 5, 4, 5, 5, 4, 5, 5, 4, 5, 4, 4, 4, 5, 5, 4, 4, 4, 4, 4, 4, 4, 2, 1, 28, 30, 12, 20, 2, 18, 22, 23, 28, 0, 27, 15, 32, 18, 1, 0, 17, 16, 33, 19, 5, 4, 3, 5, 29, 31, 13, 14, 3, 19, 21, 26, 29, 4, 7, 12, 30, 28, 23, 8, 8, 16, 17, 20, 12, 6, 6, 24, 19, 33, 16, 7, 10, 13, 31, 29, 26, 11, 11, 15, 27, 14, 13, 9, 9, 26, 25, 18, 32, 15, 10, 7, 20, 0, 30, 6, 10, 14, 4, 31, 9, 4, 13, 10, 27, 11, 32, 2, 27, 10, 7, 8, 33, 3, 17, 20, 7, 16, 3, 2, 32, 11, 25, 1, 3, 33, 8, 24, 5, 0, 12, 7, 17, 22, 25, 26, 5, 24, 23, 1, 25, 21, 24, 6, 1, 22, 21, 19, 8, 23, 11, 26, 21, 22, 18, 9, 5, 21, 25, 11, 14, 10, 15, 2, 6, 30, 0, 1, 9, 31, 4, 5, 0, 28, 6, 12, 4, 29, 9, 13, 11, 18, 2, 15, 8, 19, 3, 16, 0, 0, 128, 191, 116, 11, 124, 60, 35, 105, 128, 60, 162, 132, 17, 60, 162, 132, 17, 60]
            }
        }

        over "Link9_cover"
        {
            over "collisions" (
                prepend apiSchemas = ["PhysxCookedDataAPI:convexHull"]
            )
            {
                uchar[] physxCookedData:convexHull:buffer = [9, 145, 146, 14, 42, 176, 230, 94, 83, 229, 63, 111, 183, 59, 167, 77, 115, 78, 88, 83, 1, 67, 86, 88, 77, 14, 0, 0, 0, 0, 0, 0, 0, 73, 67, 69, 1, 67, 76, 72, 76, 9, 0, 0, 0, 34, 0, 0, 0, 85, 128, 0, 0, 53, 0, 0, 0, 170, 0, 0, 0, 3, 120, 11, 61, 43, 166, 121, 188, 90, 245, 57, 188, 202, 236, 184, 60, 182, 240, 13, 187, 41, 162, 154, 188, 3, 120, 11, 61, 43, 166, 121, 60, 90, 245, 57, 188, 3, 120, 11, 61, 43, 166, 121, 188, 90, 245, 57, 60, 3, 120, 11, 61, 43, 166, 121, 60, 90, 245, 57, 60, 166, 85, 185, 60, 182, 240, 13, 59, 41, 162, 154, 60, 254, 42, 58, 187, 152, 15, 245, 187, 93, 21, 143, 188, 15, 159, 148, 60, 163, 149, 155, 188, 235, 58, 14, 58, 16, 58, 15, 187, 44, 44, 252, 187, 29, 79, 142, 60, 16, 58, 15, 187, 44, 44, 252, 59, 29, 79, 142, 60, 15, 159, 148, 60, 163, 149, 155, 60, 235, 58, 14, 186, 148, 95, 58, 187, 154, 5, 245, 59, 110, 22, 143, 188, 112, 178, 130, 60, 4, 169, 137, 188, 140, 69, 17, 188, 112, 178, 130, 60, 4, 169, 137, 60, 140, 69, 17, 60, 3, 120, 11, 61, 80, 16, 154, 60, 74, 53, 49, 59, 209, 166, 124, 60, 253, 73, 133, 60, 161, 192, 32, 188, 209, 166, 124, 60, 253, 73, 133, 188, 161, 192, 32, 60, 3, 120, 11, 61, 211, 136, 150, 188, 57, 70, 158, 59, 247, 47, 196, 60, 65, 91, 242, 59, 253, 94, 143, 188, 209, 152, 196, 60, 65, 91, 242, 187, 253, 94, 143, 60, 3, 120, 11, 61, 67, 140, 152, 188, 28, 72, 119, 187, 163, 149, 2, 188, 12, 180, 52, 58, 168, 139, 155, 60, 111, 18, 3, 188, 230, 61, 17, 163, 227, 165, 155, 188, 217, 196, 215, 187, 141, 223, 148, 187, 250, 33, 151, 188, 181, 198, 215, 187, 219, 220, 148, 187, 36, 34, 151, 60, 181, 198, 215, 187, 219, 220, 148, 59, 36, 34, 151, 188, 54, 179, 205, 187, 144, 128, 162, 59, 175, 64, 150, 60, 3, 120, 11, 61, 67, 140, 152, 60, 28, 72, 119, 187, 77, 7, 204, 60, 18, 19, 25, 188, 167, 135, 135, 188, 41, 112, 204, 60, 18, 19, 25, 60, 167, 135, 135, 60, 89, 80, 81, 60, 130, 61, 95, 188, 49, 244, 88, 188, 89, 80, 81, 60, 130, 61, 95, 60, 49, 244, 88, 60, 53, 60, 61, 60, 95, 41, 75, 60, 128, 220, 107, 188, 107, 144, 68, 60, 148, 125, 82, 188, 54, 88, 101, 60, 0, 0, 128, 63, 0, 0, 0, 0, 0, 0, 0, 0, 3, 120, 11, 189, 0, 0, 8, 22, 209, 99, 12, 63, 0, 0, 0, 0, 88, 18, 86, 191, 62, 184, 230, 188, 8, 0, 3, 21, 147, 209, 12, 63, 0, 0, 0, 0, 53, 202, 85, 63, 160, 21, 231, 188, 11, 0, 3, 22, 91, 134, 247, 190, 253, 23, 96, 191, 131, 130, 110, 59, 215, 183, 0, 188, 14, 0, 3, 14, 252, 113, 247, 190, 158, 29, 96, 63, 234, 42, 111, 59, 234, 185, 0, 188, 17, 0, 3, 20, 53, 61, 203, 190, 30, 249, 104, 191, 16, 92, 244, 189, 213, 32, 36, 188, 20, 0, 3, 14, 24, 59, 205, 190, 21, 148, 104, 63, 210, 197, 241, 61, 226, 128, 34, 188, 23, 0, 3, 20, 141, 149, 226, 60, 9, 138, 108, 63, 161, 75, 195, 62, 50, 132, 158, 188, 26, 0, 3, 12, 20, 120, 8, 189, 154, 163, 121, 63, 70, 69, 96, 62, 35, 203, 145, 188, 29, 0, 3, 20, 24, 59, 191, 190, 10, 249, 105, 63, 89, 128, 34, 190, 63, 201, 46, 188, 32, 0, 3, 17, 120, 108, 19, 189, 148, 48, 118, 191, 40, 42, 139, 62, 51, 123, 145, 188, 35, 0, 3, 27, 43, 238, 103, 60, 218, 164, 102, 191, 17, 12, 222, 62, 194, 187, 156, 188, 38, 0, 3, 15, 82, 6, 193, 190, 93, 170, 105, 191, 71, 22, 33, 62, 223, 91, 45, 188, 41, 0, 3, 27, 168, 186, 249, 62, 98, 215, 97, 61, 136, 9, 95, 191, 40, 241, 223, 188, 44, 0, 3, 21, 111, 204, 250, 62, 70, 240, 95, 189, 154, 190, 94, 63, 64, 92, 224, 188, 47, 0, 3, 22, 187, 39, 254, 60, 188, 197, 127, 191, 221, 209, 233, 60, 27, 47, 160, 188, 50, 0, 3, 10, 14, 126, 21, 189, 215, 166, 121, 191, 117, 134, 95, 190, 247, 84, 145, 188, 53, 0, 3, 14, 252, 31, 189, 60, 112, 174, 105, 191, 214, 191, 208, 190, 106, 74, 158, 188, 56, 0, 3, 13, 174, 24, 118, 191, 128, 0, 141, 190, 35, 109, 188, 59, 49, 108, 248, 187, 59, 0, 4, 14, 50, 73, 25, 191, 3, 9, 77, 191, 189, 167, 98, 54, 19, 110, 248, 187, 63, 0, 4, 14, 255, 93, 126, 186, 80, 40, 166, 190, 240, 36, 114, 63, 80, 21, 155, 188, 67, 0, 3, 18, 154, 38, 31, 60, 55, 131, 1, 190, 153, 238, 125, 63, 202, 240, 152, 188, 70, 0, 4, 25, 241, 25, 151, 187, 92, 140, 249, 189, 245, 22, 126, 191, 234, 201, 154, 188, 74, 0, 3, 5, 205, 78, 136, 185, 203, 166, 162, 62, 33, 189, 114, 191, 29, 36, 155, 188, 77, 0, 3, 19, 108, 193, 91, 60, 120, 218, 7, 62, 189, 182, 125, 191, 5, 97, 153, 188, 80, 0, 4, 24, 189, 95, 116, 191, 83, 134, 152, 62, 172, 162, 152, 187, 152, 35, 253, 187, 84, 0, 3, 20, 44, 22, 14, 191, 236, 241, 84, 63, 238, 245, 172, 59, 97, 131, 252, 187, 87, 0, 3, 20, 86, 215, 29, 191, 16, 140, 73, 63, 35, 6, 118, 187, 50, 130, 252, 187, 90, 0, 3, 20, 86, 238, 109, 191, 12, 239, 188, 62, 247, 124, 107, 59, 89, 78, 253, 187, 93, 0, 3, 20, 252, 246, 113, 187, 65, 171, 26, 62, 168, 15, 125, 63, 153, 218, 154, 188, 96, 0, 3, 1, 151, 241, 138, 60, 199, 181, 105, 63, 101, 198, 208, 190, 196, 153, 156, 188, 99, 0, 3, 16, 64, 8, 7, 189, 238, 39, 118, 63, 130, 153, 139, 190, 3, 234, 145, 188, 102, 0, 3, 17, 33, 72, 143, 60, 64, 219, 127, 63, 169, 228, 233, 188, 63, 57, 158, 188, 105, 0, 3, 7, 200, 121, 51, 60, 243, 105, 156, 190, 209, 190, 115, 191, 93, 173, 154, 188, 108, 0, 4, 26, 251, 200, 208, 62, 98, 113, 35, 190, 42, 38, 102, 191, 128, 66, 217, 188, 112, 0, 3, 21, 14, 175, 72, 60, 90, 27, 158, 62, 215, 119, 115, 63, 18, 208, 154, 188, 115, 0, 4, 23, 175, 6, 210, 62, 76, 85, 34, 62, 111, 234, 101, 63, 67, 183, 217, 188, 119, 0, 3, 22, 170, 194, 30, 188, 203, 243, 79, 191, 173, 72, 21, 191, 233, 233, 152, 188, 122, 0, 3, 4, 105, 80, 87, 190, 118, 115, 91, 191, 223, 169, 240, 190, 178, 85, 121, 188, 125, 0, 3, 4, 158, 213, 78, 188, 156, 130, 22, 191, 94, 14, 79, 191, 141, 10, 152, 188, 128, 0, 3, 29, 192, 79, 157, 60, 84, 226, 36, 191, 150, 196, 67, 191, 46, 219, 156, 188, 131, 0, 3, 31, 170, 194, 30, 188, 203, 243, 79, 63, 173, 72, 21, 63, 233, 233, 152, 188, 134, 0, 3, 0, 5, 250, 86, 190, 25, 113, 91, 63, 211, 197, 240, 62, 36, 113, 121, 188, 137, 0, 3, 0, 133, 233, 55, 188, 3, 36, 23, 63, 5, 154, 78, 63, 28, 69, 152, 188, 140, 0, 3, 28, 171, 45, 157, 60, 105, 233, 36, 63, 164, 190, 67, 63, 80, 219, 156, 188, 143, 0, 3, 30, 3, 40, 37, 190, 128, 38, 81, 63, 212, 186, 13, 191, 72, 5, 133, 188, 146, 0, 3, 3, 123, 210, 39, 188, 9, 174, 68, 63, 25, 217, 35, 191, 127, 141, 152, 188, 149, 0, 3, 3, 233, 246, 15, 61, 211, 162, 22, 63, 77, 203, 78, 191, 115, 92, 158, 188, 152, 0, 3, 8, 142, 246, 4, 58, 2, 58, 7, 63, 189, 94, 89, 191, 79, 215, 153, 188, 155, 0, 3, 8, 21, 106, 49, 190, 234, 189, 83, 191, 107, 223, 8, 63, 45, 85, 131, 188, 158, 0, 3, 2, 39, 247, 15, 188, 38, 18, 71, 191, 170, 240, 32, 63, 142, 17, 153, 188, 161, 0, 3, 2, 103, 121, 6, 61, 24, 43, 23, 191, 43, 110, 78, 63, 158, 215, 157, 188, 164, 0, 3, 11, 89, 122, 7, 59, 46, 58, 11, 191, 55, 212, 86, 63, 244, 171, 153, 188, 167, 0, 3, 32, 27, 14, 4, 3, 17, 20, 0, 2, 0, 1, 2, 3, 4, 5, 6, 7, 8, 9, 10, 11, 12, 7, 6, 13, 10, 9, 13, 4, 14, 13, 14, 10, 15, 11, 10, 16, 7, 17, 16, 17, 3, 16, 8, 7, 18, 2, 1, 19, 3, 5, 20, 17, 7, 20, 7, 12, 20, 12, 0, 21, 22, 23, 24, 24, 23, 6, 8, 24, 8, 19, 19, 5, 21, 24, 23, 22, 1, 25, 11, 18, 18, 1, 22, 25, 25, 22, 21, 26, 9, 11, 26, 11, 25, 26, 25, 21, 26, 21, 5, 27, 2, 15, 27, 15, 10, 27, 10, 14, 28, 6, 23, 1, 28, 1, 0, 29, 9, 26, 5, 29, 5, 4, 30, 0, 12, 30, 12, 6, 30, 6, 28, 30, 28, 0, 31, 4, 13, 31, 13, 9, 31, 9, 29, 31, 29, 4, 32, 11, 15, 32, 15, 2, 32, 2, 18, 32, 18, 11, 33, 8, 16, 33, 16, 3, 33, 3, 19, 33, 19, 8, 0, 32, 0, 7, 0, 2, 0, 11, 0, 15, 0, 17, 0, 1, 0, 30, 1, 34, 1, 13, 2, 36, 2, 14, 3, 5, 3, 12, 3, 19, 4, 6, 4, 9, 4, 26, 5, 16, 5, 38, 6, 8, 6, 42, 7, 41, 7, 8, 8, 32, 9, 45, 9, 31, 10, 12, 10, 15, 10, 11, 11, 50, 12, 49, 13, 47, 13, 24, 14, 51, 14, 21, 15, 16, 16, 17, 17, 37, 18, 25, 18, 22, 18, 19, 18, 21, 19, 33, 19, 20, 20, 52, 20, 21, 21, 29, 22, 24, 22, 33, 23, 27, 23, 48, 23, 24, 24, 25, 25, 28, 26, 35, 26, 27, 27, 28, 28, 29, 29, 35, 30, 46, 30, 31, 31, 32, 33, 39, 33, 34, 34, 40, 35, 43, 35, 36, 36, 44, 37, 40, 37, 38, 38, 39, 39, 40, 41, 44, 41, 42, 42, 43, 43, 44, 45, 48, 45, 46, 46, 47, 47, 48, 49, 52, 49, 50, 50, 51, 51, 52, 0, 1, 17, 1, 13, 22, 0, 1, 13, 0, 2, 11, 0, 2, 7, 2, 14, 21, 3, 5, 19, 3, 5, 10, 3, 12, 19, 4, 6, 26, 4, 6, 8, 4, 9, 23, 5, 16, 17, 6, 7, 8, 0, 7, 8, 9, 30, 31, 10, 11, 12, 0, 10, 11, 13, 23, 24, 14, 20, 21, 0, 15, 16, 18, 21, 25, 18, 22, 24, 18, 19, 22, 18, 19, 20, 23, 24, 25, 26, 27, 28, 0, 30, 31, 33, 34, 39, 35, 36, 43, 37, 38, 39, 41, 42, 43, 45, 46, 47, 49, 50, 51, 27, 0, 14, 0, 14, 0, 4, 0, 4, 0, 3, 0, 3, 0, 17, 0, 17, 0, 20, 0, 20, 0, 0, 0, 0, 0, 2, 0, 2, 0, 27, 0, 0, 0, 1, 0, 1, 0, 2, 0, 4, 0, 5, 0, 5, 0, 3, 0, 6, 0, 7, 0, 7, 0, 8, 0, 8, 0, 6, 0, 9, 0, 10, 0, 10, 0, 11, 0, 11, 0, 9, 0, 12, 0, 7, 0, 6, 0, 12, 0, 13, 0, 10, 0, 9, 0, 13, 0, 13, 0, 4, 0, 14, 0, 13, 0, 14, 0, 10, 0, 15, 0, 11, 0, 10, 0, 15, 0, 16, 0, 7, 0, 7, 0, 17, 0, 17, 0, 16, 0, 3, 0, 16, 0, 16, 0, 8, 0, 18, 0, 2, 0, 1, 0, 18, 0, 19, 0, 3, 0, 5, 0, 19, 0, 7, 0, 20, 0, 12, 0, 20, 0, 12, 0, 0, 0, 21, 0, 22, 0, 22, 0, 23, 0, 23, 0, 24, 0, 24, 0, 21, 0, 23, 0, 6, 0, 8, 0, 24, 0, 8, 0, 19, 0, 19, 0, 24, 0, 5, 0, 21, 0, 22, 0, 1, 0, 1, 0, 23, 0, 25, 0, 11, 0, 11, 0, 18, 0, 18, 0, 25, 0, 22, 0, 25, 0, 21, 0, 25, 0, 26, 0, 9, 0, 11, 0, 26, 0, 25, 0, 26, 0, 21, 0, 26, 0, 5, 0, 26, 0, 2, 0, 15, 0, 15, 0, 27, 0, 10, 0, 27, 0, 28, 0, 6, 0, 1, 0, 28, 0, 0, 0, 28, 0, 29, 0, 9, 0, 5, 0, 29, 0, 4, 0, 29, 0, 30, 0, 0, 0, 12, 0, 30, 0, 6, 0, 30, 0, 28, 0, 30, 0, 31, 0, 4, 0, 13, 0, 31, 0, 9, 0, 31, 0, 29, 0, 31, 0, 32, 0, 11, 0, 15, 0, 32, 0, 2, 0, 32, 0, 18, 0, 32, 0, 33, 0, 8, 0, 16, 0, 33, 0, 3, 0, 33, 0, 19, 0, 33, 0, 0, 0, 0, 0, 112, 18, 3, 188, 163, 149, 155, 188, 228, 165, 155, 188, 3, 120, 11, 61, 163, 149, 155, 60, 168, 139, 155, 60, 200, 122, 24, 56, 233, 45, 198, 49, 249, 185, 71, 44, 42, 187, 14, 171, 249, 185, 71, 44, 150, 205, 139, 50, 207, 227, 210, 172, 42, 187, 14, 171, 207, 227, 210, 172, 93, 59, 134, 50, 3, 43, 127, 60, 0, 19, 68, 52, 251, 128, 40, 183, 0, 0, 128, 63, 73, 67, 69, 1, 83, 85, 80, 77, 0, 0, 0, 0, 73, 67, 69, 1, 71, 65, 85, 83, 0, 0, 0, 0, 16, 0, 0, 0, 0, 6, 0, 0, 0, 0, 0, 0, 0, 20, 20, 20, 17, 17, 17, 17, 3, 3, 3, 3, 0, 0, 0, 0, 0, 20, 20, 20, 17, 17, 17, 3, 3, 3, 3, 3, 0, 0, 0, 0, 0, 0, 20, 20, 17, 17, 17, 3, 3, 3, 3, 3, 0, 0, 0, 0, 0, 0, 20, 20, 17, 17, 3, 3, 3, 3, 3, 3, 0, 0, 0, 0, 0, 0, 20, 20, 17, 17, 3, 3, 3, 3, 3, 3, 0, 0, 0, 0, 0, 0, 0, 20, 17, 3, 3, 3, 3, 3, 3, 3, 0, 0, 0, 0, 0, 0, 0, 20, 17, 3, 3, 3, 3, 3, 3, 3, 0, 0, 0, 0, 0, 0, 0, 0, 3, 3, 3, 3, 3, 3, 3, 3, 2, 2, 2, 2, 2, 2, 2, 2, 4, 4, 4, 4, 4, 4, 4, 4, 2, 2, 2, 2, 2, 2, 2, 27, 14, 4, 4, 4, 4, 4, 4, 4, 2, 2, 2, 2, 2, 2, 2, 27, 14, 4, 4, 4, 4, 4, 4, 4, 2, 2, 2, 2, 2, 2, 27, 27, 14, 4, 4, 4, 4, 4, 4, 4, 2, 2, 2, 2, 2, 2, 27, 27, 14, 14, 4, 4, 4, 4, 4, 4, 2, 2, 2, 2, 2, 2, 27, 27, 14, 14, 4, 4, 4, 4, 4, 4, 2, 2, 2, 2, 2, 27, 27, 27, 14, 14, 14, 4, 4, 4, 4, 4, 2, 2, 2, 2, 2, 27, 27, 27, 14, 14, 14, 4, 4, 4, 4, 4, 23, 23, 23, 23, 23, 23, 23, 23, 24, 24, 24, 24, 24, 24, 24, 24, 23, 23, 23, 23, 23, 23, 23, 23, 24, 24, 24, 24, 24, 24, 24, 24, 23, 23, 23, 23, 23, 23, 23, 23, 24, 24, 24, 24, 24, 24, 24, 24, 23, 23, 23, 23, 23, 23, 23, 23, 24, 24, 24, 24, 24, 24, 24, 24, 23, 23, 23, 23, 23, 23, 23, 23, 24, 24, 24, 24, 24, 24, 24, 24, 22, 22, 22, 22, 22, 22, 22, 23, 24, 24, 24, 24, 24, 21, 21, 21, 22, 22, 22, 22, 22, 22, 22, 22, 21, 21, 21, 21, 21, 21, 21, 21, 22, 22, 22, 22, 22, 22, 22, 22, 21, 21, 21, 21, 21, 21, 21, 21, 22, 22, 22, 22, 22, 22, 22, 22, 21, 21, 21, 21, 21, 21, 21, 21, 22, 22, 22, 22, 22, 22, 22, 22, 21, 21, 21, 21, 21, 21, 21, 21, 22, 22, 22, 22, 22, 22, 22, 25, 21, 21, 21, 21, 21, 21, 21, 21, 25, 25, 25, 25, 25, 25, 25, 25, 26, 26, 26, 21, 21, 21, 21, 21, 25, 25, 25, 25, 25, 25, 25, 25, 26, 26, 26, 26, 26, 26, 26, 26, 25, 25, 25, 25, 25, 25, 25, 25, 26, 26, 26, 26, 26, 26, 26, 26, 25, 25, 25, 25, 25, 25, 25, 25, 26, 26, 26, 26, 26, 26, 26, 26, 25, 25, 25, 25, 25, 25, 25, 25, 26, 26, 26, 26, 26, 26, 26, 26, 25, 25, 25, 25, 11, 11, 11, 32, 2, 2, 2, 2, 2, 2, 2, 2, 25, 25, 25, 25, 11, 11, 11, 32, 2, 2, 2, 2, 2, 2, 2, 2, 25, 25, 25, 25, 11, 11, 11, 15, 2, 2, 2, 2, 2, 2, 2, 2, 25, 25, 25, 11, 11, 11, 15, 15, 2, 2, 2, 2, 2, 2, 2, 2, 25, 25, 25, 11, 11, 11, 15, 15, 2, 2, 2, 2, 2, 2, 2, 2, 25, 25, 25, 11, 11, 15, 15, 15, 27, 27, 27, 27, 27, 27, 27, 27, 25, 25, 25, 11, 11, 15, 10, 10, 27, 27, 27, 27, 27, 27, 27, 27, 25, 25, 11, 11, 10, 10, 10, 10, 27, 27, 27, 27, 27, 27, 27, 27, 26, 26, 26, 9, 10, 10, 10, 10, 14, 14, 14, 14, 14, 14, 14, 14, 26, 26, 26, 9, 9, 13, 13, 10, 14, 14, 14, 14, 14, 14, 14, 14, 26, 26, 26, 26, 9, 13, 13, 13, 14, 14, 14, 14, 14, 14, 14, 14, 26, 26, 26, 26, 9, 9, 13, 13, 4, 4, 4, 4, 4, 4, 4, 4, 26, 26, 26, 26, 9, 9, 31, 13, 4, 4, 4, 4, 4, 4, 4, 4, 26, 26, 26, 26, 9, 9, 9, 31, 4, 4, 4, 4, 4, 4, 4, 4, 26, 26, 26, 26, 26, 9, 9, 31, 4, 4, 4, 4, 4, 4, 4, 4, 26, 26, 26, 26, 26, 9, 9, 31, 4, 4, 4, 4, 4, 4, 4, 4, 23, 23, 23, 23, 6, 6, 6, 30, 0, 0, 0, 0, 0, 0, 0, 0, 23, 23, 23, 23, 6, 6, 6, 30, 0, 0, 0, 0, 0, 0, 0, 0, 23, 23, 23, 23, 6, 6, 6, 30, 0, 0, 0, 0, 0, 0, 0, 0, 23, 23, 23, 6, 6, 6, 30, 12, 0, 0, 0, 0, 0, 0, 0, 0, 23, 23, 23, 6, 6, 6, 12, 12, 0, 0, 0, 0, 0, 0, 0, 0, 23, 23, 23, 6, 6, 12, 12, 12, 20, 20, 20, 20, 20, 20, 20, 20, 23, 23, 23, 6, 6, 12, 12, 7, 20, 20, 20, 20, 20, 20, 20, 20, 23, 23, 6, 6, 7, 7, 7, 7, 20, 20, 20, 20, 20, 20, 20, 20, 24, 24, 24, 8, 7, 7, 7, 7, 17, 17, 17, 17, 17, 17, 17, 17, 24, 24, 24, 8, 8, 16, 7, 7, 17, 17, 17, 17, 17, 17, 17, 17, 24, 24, 24, 8, 8, 16, 16, 16, 17, 17, 17, 17, 17, 17, 17, 17, 24, 24, 24, 8, 8, 8, 16, 16, 17, 17, 17, 17, 17, 17, 17, 17, 24, 24, 24, 24, 8, 8, 16, 16, 3, 3, 3, 3, 3, 3, 3, 3, 24, 24, 24, 24, 8, 8, 8, 16, 3, 3, 3, 3, 3, 3, 3, 3, 24, 24, 24, 24, 8, 8, 8, 33, 3, 3, 3, 3, 3, 3, 3, 3, 24, 24, 24, 24, 8, 8, 8, 33, 3, 3, 3, 3, 3, 3, 3, 3, 24, 24, 24, 24, 24, 21, 21, 21, 21, 21, 21, 21, 26, 26, 26, 26, 24, 24, 24, 24, 24, 24, 21, 21, 21, 21, 21, 21, 26, 26, 26, 26, 24, 24, 24, 24, 24, 24, 21, 21, 21, 21, 21, 26, 26, 26, 26, 26, 24, 24, 24, 24, 24, 24, 21, 21, 21, 21, 21, 26, 26, 26, 26, 26, 8, 24, 24, 24, 24, 24, 21, 21, 21, 21, 21, 26, 26, 26, 26, 26, 8, 8, 24, 24, 24, 24, 24, 21, 21, 21, 26, 26, 26, 26, 9, 9, 8, 8, 8, 24, 24, 24, 24, 21, 21, 21, 26, 26, 26, 9, 9, 9, 33, 33, 8, 8, 8, 24, 24, 21, 21, 26, 26, 9, 9, 9, 31, 31, 3, 3, 3, 19, 19, 19, 19, 5, 5, 5, 29, 29, 29, 29, 4, 4, 3, 3, 3, 3, 19, 19, 19, 5, 5, 5, 29, 29, 4, 4, 4, 4, 3, 3, 3, 3, 3, 19, 19, 5, 5, 5, 29, 4, 4, 4, 4, 4, 3, 3, 3, 3, 3, 3, 3, 5, 5, 4, 4, 4, 4, 4, 4, 4, 3, 3, 3, 3, 3, 3, 3, 3, 4, 4, 4, 4, 4, 4, 4, 4, 3, 3, 3, 3, 3, 3, 3, 3, 4, 4, 4, 4, 4, 4, 4, 4, 3, 3, 3, 3, 3, 3, 3, 3, 4, 4, 4, 4, 4, 4, 4, 4, 3, 3, 3, 3, 3, 3, 3, 3, 4, 4, 4, 4, 4, 4, 4, 4, 23, 23, 23, 23, 23, 22, 22, 22, 22, 22, 22, 25, 25, 25, 25, 25, 23, 23, 23, 23, 23, 22, 22, 22, 22, 22, 22, 25, 25, 25, 25, 25, 23, 23, 23, 23, 23, 22, 22, 22, 22, 22, 22, 25, 25, 25, 25, 25, 23, 23, 23, 23, 23, 23, 22, 22, 22, 22, 25, 25, 25, 25, 25, 25, 6, 23, 23, 23, 23, 23, 22, 22, 22, 22, 25, 25, 25, 25, 25, 11, 6, 6, 23, 23, 23, 23, 22, 22, 22, 22, 25, 25, 25, 25, 11, 11, 6, 6, 6, 6, 23, 23, 23, 22, 22, 25, 25, 25, 11, 11, 11, 11, 30, 30, 6, 6, 6, 23, 23, 22, 22, 25, 25, 11, 11, 11, 32, 32, 0, 0, 28, 28, 28, 28, 1, 1, 1, 18, 18, 18, 18, 2, 2, 2, 0, 0, 0, 0, 28, 28, 1, 1, 1, 18, 18, 18, 2, 2, 2, 2, 0, 0, 0, 0, 0, 28, 1, 1, 1, 18, 18, 2, 2, 2, 2, 2, 0, 0, 0, 0, 0, 0, 0, 1, 1, 2, 2, 2, 2, 2, 2, 2, 0, 0, 0, 0, 0, 0, 0, 0, 2, 2, 2, 2, 2, 2, 2, 2, 0, 0, 0, 0, 0, 0, 0, 0, 2, 2, 2, 2, 2, 2, 2, 2, 0, 0, 0, 0, 0, 0, 0, 0, 2, 2, 2, 2, 2, 2, 2, 2, 0, 0, 0, 0, 0, 0, 0, 0, 2, 2, 2, 2, 2, 2, 2, 2, 26, 26, 26, 26, 26, 26, 26, 26, 25, 25, 25, 25, 25, 25, 25, 25, 26, 26, 26, 26, 26, 26, 26, 26, 25, 25, 25, 25, 25, 25, 25, 25, 26, 26, 26, 26, 26, 26, 26, 26, 25, 25, 25, 25, 25, 25, 25, 25, 26, 26, 26, 26, 26, 26, 26, 26, 25, 25, 25, 25, 25, 25, 25, 25, 21, 21, 21, 21, 21, 26, 26, 26, 25, 25, 25, 25, 25, 25, 25, 25, 21, 21, 21, 21, 21, 21, 21, 21, 25, 22, 22, 22, 22, 22, 22, 22, 21, 21, 21, 21, 21, 21, 21, 21, 22, 22, 22, 22, 22, 22, 22, 22, 21, 21, 21, 21, 21, 21, 21, 21, 22, 22, 22, 22, 22, 22, 22, 22, 21, 21, 21, 21, 21, 21, 21, 21, 22, 22, 22, 22, 22, 22, 22, 22, 21, 21, 21, 21, 21, 21, 21, 21, 22, 22, 22, 22, 22, 22, 22, 22, 21, 21, 21, 24, 24, 24, 24, 24, 23, 22, 22, 22, 22, 22, 22, 22, 24, 24, 24, 24, 24, 24, 24, 24, 23, 23, 23, 23, 23, 23, 23, 23, 24, 24, 24, 24, 24, 24, 24, 24, 23, 23, 23, 23, 23, 23, 23, 23, 24, 24, 24, 24, 24, 24, 24, 24, 23, 23, 23, 23, 23, 23, 23, 23, 24, 24, 24, 24, 24, 24, 24, 24, 23, 23, 23, 23, 23, 23, 23, 23, 24, 24, 24, 24, 24, 24, 24, 24, 23, 23, 23, 23, 23, 23, 23, 23, 4, 4, 4, 4, 4, 14, 14, 14, 27, 27, 27, 2, 2, 2, 2, 2, 4, 4, 4, 4, 4, 14, 14, 14, 27, 27, 27, 2, 2, 2, 2, 2, 4, 4, 4, 4, 4, 4, 14, 14, 27, 27, 2, 2, 2, 2, 2, 2, 4, 4, 4, 4, 4, 4, 14, 14, 27, 27, 2, 2, 2, 2, 2, 2, 4, 4, 4, 4, 4, 4, 4, 14, 27, 27, 2, 2, 2, 2, 2, 2, 4, 4, 4, 4, 4, 4, 4, 14, 27, 2, 2, 2, 2, 2, 2, 2, 4, 4, 4, 4, 4, 4, 4, 14, 27, 2, 2, 2, 2, 2, 2, 2, 4, 4, 4, 4, 4, 4, 4, 4, 2, 2, 2, 2, 2, 2, 2, 2, 3, 3, 3, 3, 3, 3, 3, 3, 0, 0, 0, 0, 0, 0, 0, 0, 3, 3, 3, 3, 3, 3, 3, 17, 20, 0, 0, 0, 0, 0, 0, 0, 3, 3, 3, 3, 3, 3, 3, 17, 20, 0, 0, 0, 0, 0, 0, 0, 3, 3, 3, 3, 3, 3, 17, 17, 20, 20, 0, 0, 0, 0, 0, 0, 3, 3, 3, 3, 3, 3, 17, 17, 20, 20, 0, 0, 0, 0, 0, 0, 3, 3, 3, 3, 3, 17, 17, 17, 20, 20, 0, 0, 0, 0, 0, 0, 3, 3, 3, 3, 3, 17, 17, 17, 20, 20, 20, 0, 0, 0, 0, 0, 3, 3, 3, 3, 17, 17, 17, 17, 20, 20, 20, 0, 0, 0, 0, 0, 3, 3, 3, 3, 3, 3, 3, 3, 33, 8, 8, 8, 24, 24, 24, 24, 3, 3, 3, 3, 3, 3, 3, 3, 33, 8, 8, 8, 24, 24, 24, 24, 3, 3, 3, 3, 3, 3, 3, 3, 16, 8, 8, 8, 24, 24, 24, 24, 3, 3, 3, 3, 3, 3, 3, 3, 16, 16, 8, 8, 24, 24, 24, 24, 17, 17, 17, 17, 17, 17, 17, 17, 16, 16, 8, 8, 8, 24, 24, 24, 17, 17, 17, 17, 17, 17, 17, 17, 16, 16, 16, 8, 8, 24, 24, 24, 17, 17, 17, 17, 17, 17, 17, 17, 7, 7, 16, 8, 8, 24, 24, 24, 17, 17, 17, 17, 17, 17, 17, 17, 7, 7, 7, 7, 8, 24, 24, 24, 20, 20, 20, 20, 20, 20, 20, 20, 7, 7, 7, 7, 6, 6, 23, 23, 20, 20, 20, 20, 20, 20, 20, 20, 7, 12, 12, 6, 6, 23, 23, 23, 20, 20, 20, 20, 20, 20, 20, 20, 12, 12, 12, 6, 6, 23, 23, 23, 0, 0, 0, 0, 0, 0, 0, 0, 12, 12, 6, 6, 6, 23, 23, 23, 0, 0, 0, 0, 0, 0, 0, 0, 12, 30, 6, 6, 6, 23, 23, 23, 0, 0, 0, 0, 0, 0, 0, 0, 30, 6, 6, 6, 23, 23, 23, 23, 0, 0, 0, 0, 0, 0, 0, 0, 30, 6, 6, 6, 23, 23, 23, 23, 0, 0, 0, 0, 0, 0, 0, 0, 30, 6, 6, 6, 23, 23, 23, 23, 4, 4, 4, 4, 4, 4, 4, 4, 31, 9, 9, 26, 26, 26, 26, 26, 4, 4, 4, 4, 4, 4, 4, 4, 31, 9, 9, 26, 26, 26, 26, 26, 4, 4, 4, 4, 4, 4, 4, 4, 31, 9, 9, 9, 26, 26, 26, 26, 4, 4, 4, 4, 4, 4, 4, 4, 13, 31, 9, 9, 26, 26, 26, 26, 4, 4, 4, 4, 4, 4, 4, 4, 13, 13, 9, 9, 26, 26, 26, 26, 14, 14, 14, 14, 14, 14, 14, 14, 13, 13, 13, 9, 26, 26, 26, 26, 14, 14, 14, 14, 14, 14, 14, 14, 10, 13, 13, 9, 9, 26, 26, 26, 14, 14, 14, 14, 14, 14, 14, 14, 10, 10, 10, 10, 9, 26, 26, 26, 27, 27, 27, 27, 27, 27, 27, 27, 10, 10, 10, 10, 11, 11, 25, 25, 27, 27, 27, 27, 27, 27, 27, 27, 10, 10, 15, 11, 11, 25, 25, 25, 27, 27, 27, 27, 27, 27, 27, 27, 15, 15, 15, 11, 11, 25, 25, 25, 2, 2, 2, 2, 2, 2, 2, 2, 15, 15, 11, 11, 11, 25, 25, 25, 2, 2, 2, 2, 2, 2, 2, 2, 15, 15, 11, 11, 11, 25, 25, 25, 2, 2, 2, 2, 2, 2, 2, 2, 15, 11, 11, 11, 25, 25, 25, 25, 2, 2, 2, 2, 2, 2, 2, 2, 32, 11, 11, 11, 25, 25, 25, 25, 2, 2, 2, 2, 2, 2, 2, 2, 32, 11, 11, 11, 25, 25, 25, 25, 2, 2, 2, 2, 2, 2, 2, 2, 0, 0, 0, 0, 0, 0, 0, 0, 2, 2, 2, 2, 2, 2, 2, 2, 0, 0, 0, 0, 0, 0, 0, 0, 2, 2, 2, 2, 2, 2, 2, 2, 0, 0, 0, 0, 0, 0, 0, 0, 2, 2, 2, 2, 2, 2, 2, 2, 0, 0, 0, 0, 0, 0, 0, 0, 2, 2, 2, 2, 2, 2, 2, 1, 1, 0, 0, 0, 0, 0, 0, 0, 2, 2, 2, 2, 2, 18, 18, 1, 1, 1, 28, 0, 0, 0, 0, 0, 2, 2, 2, 2, 18, 18, 18, 1, 1, 1, 28, 28, 0, 0, 0, 0, 2, 2, 2, 18, 18, 18, 18, 1, 1, 1, 28, 28, 28, 28, 0, 0, 32, 32, 11, 11, 11, 25, 25, 22, 22, 23, 23, 6, 6, 6, 30, 30, 11, 11, 11, 11, 25, 25, 25, 22, 22, 23, 23, 23, 6, 6, 6, 6, 11, 11, 25, 25, 25, 25, 22, 22, 22, 22, 23, 23, 23, 23, 6, 6, 11, 25, 25, 25, 25, 25, 22, 22, 22, 22, 23, 23, 23, 23, 23, 6, 25, 25, 25, 25, 25, 25, 22, 22, 22, 22, 23, 23, 23, 23, 23, 23, 25, 25, 25, 25, 25, 22, 22, 22, 22, 22, 22, 23, 23, 23, 23, 23, 25, 25, 25, 25, 25, 22, 22, 22, 22, 22, 22, 23, 23, 23, 23, 23, 25, 25, 25, 25, 25, 22, 22, 22, 22, 22, 22, 23, 23, 23, 23, 23, 4, 4, 4, 4, 4, 4, 4, 4, 3, 3, 3, 3, 3, 3, 3, 3, 4, 4, 4, 4, 4, 4, 4, 4, 3, 3, 3, 3, 3, 3, 3, 3, 4, 4, 4, 4, 4, 4, 4, 4, 3, 3, 3, 3, 3, 3, 3, 3, 4, 4, 4, 4, 4, 4, 4, 4, 3, 3, 3, 3, 3, 3, 3, 3, 4, 4, 4, 4, 4, 4, 4, 5, 5, 3, 3, 3, 3, 3, 3, 3, 4, 4, 4, 4, 4, 29, 5, 5, 5, 19, 19, 3, 3, 3, 3, 3, 4, 4, 4, 4, 29, 29, 5, 5, 5, 19, 19, 19, 3, 3, 3, 3, 4, 4, 29, 29, 29, 29, 5, 5, 5, 19, 19, 19, 19, 3, 3, 3, 31, 31, 9, 9, 9, 26, 26, 21, 21, 24, 24, 8, 8, 8, 33, 33, 9, 9, 9, 26, 26, 26, 21, 21, 21, 24, 24, 24, 24, 8, 8, 8, 9, 9, 26, 26, 26, 26, 21, 21, 21, 24, 24, 24, 24, 24, 8, 8, 26, 26, 26, 26, 26, 21, 21, 21, 21, 21, 24, 24, 24, 24, 24, 8, 26, 26, 26, 26, 26, 21, 21, 21, 21, 21, 24, 24, 24, 24, 24, 24, 26, 26, 26, 26, 26, 21, 21, 21, 21, 21, 24, 24, 24, 24, 24, 24, 26, 26, 26, 26, 21, 21, 21, 21, 21, 21, 24, 24, 24, 24, 24, 24, 26, 26, 26, 26, 21, 21, 21, 21, 21, 21, 21, 24, 24, 24, 24, 24, 73, 67, 69, 1, 86, 65, 76, 69, 2, 0, 0, 0, 34, 0, 0, 0, 170, 0, 0, 0, 7, 0, 0, 0, 6, 6, 6, 6, 6, 6, 6, 6, 6, 6, 6, 7, 5, 5, 4, 5, 5, 4, 5, 5, 4, 5, 4, 4, 4, 5, 5, 4, 4, 4, 4, 4, 4, 4, 2, 1, 28, 30, 12, 20, 2, 18, 22, 23, 28, 0, 27, 15, 32, 18, 1, 0, 17, 16, 33, 19, 5, 4, 3, 5, 29, 31, 13, 14, 3, 19, 21, 26, 29, 4, 7, 12, 30, 28, 23, 8, 8, 16, 17, 20, 12, 6, 6, 24, 19, 33, 16, 7, 10, 13, 31, 29, 26, 11, 11, 15, 27, 14, 13, 9, 9, 26, 25, 18, 32, 15, 10, 7, 20, 0, 30, 6, 10, 14, 4, 31, 9, 4, 13, 10, 27, 11, 32, 2, 27, 10, 7, 8, 33, 3, 17, 20, 7, 16, 3, 2, 32, 11, 25, 1, 3, 33, 8, 24, 5, 0, 12, 7, 17, 22, 25, 26, 5, 24, 23, 1, 25, 21, 24, 6, 1, 22, 21, 19, 8, 23, 11, 26, 21, 22, 18, 9, 5, 21, 25, 11, 14, 10, 15, 2, 6, 30, 0, 1, 9, 31, 4, 5, 0, 28, 6, 12, 4, 29, 9, 13, 11, 18, 2, 15, 8, 19, 3, 16, 0, 0, 128, 191, 116, 11, 124, 60, 35, 105, 128, 60, 162, 132, 17, 60, 162, 132, 17, 60]
            }
        }

        over "Link8"
        {
            over "collisions" (
                prepend apiSchemas = ["PhysxCookedDataAPI:convexHull"]
            )
            {
                uchar[] physxCookedData:convexHull:buffer = [9, 135, 159, 176, 107, 183, 80, 233, 53, 19, 231, 135, 14, 142, 46, 159, 70, 78, 88, 83, 1, 67, 86, 88, 77, 14, 0, 0, 0, 0, 0, 0, 0, 73, 67, 69, 1, 67, 76, 72, 76, 9, 0, 0, 0, 34, 0, 0, 0, 93, 128, 0, 0, 61, 0, 0, 0, 186, 0, 0, 0, 19, 131, 192, 60, 137, 117, 151, 163, 188, 116, 147, 60, 156, 249, 62, 61, 205, 204, 76, 188, 199, 223, 45, 60, 229, 123, 57, 61, 244, 253, 84, 60, 109, 108, 50, 60, 19, 131, 192, 60, 47, 26, 202, 162, 188, 116, 147, 188, 229, 123, 57, 61, 244, 253, 84, 60, 109, 108, 50, 188, 156, 249, 62, 61, 205, 204, 76, 188, 199, 223, 45, 188, 30, 208, 113, 187, 190, 153, 232, 187, 127, 129, 135, 188, 53, 60, 61, 60, 95, 41, 75, 188, 159, 197, 85, 188, 181, 77, 140, 60, 73, 68, 147, 188, 38, 254, 110, 186, 94, 53, 2, 188, 126, 93, 112, 186, 186, 67, 147, 60, 111, 18, 3, 188, 176, 68, 97, 164, 188, 116, 147, 188, 2, 200, 113, 187, 190, 153, 232, 59, 127, 129, 135, 188, 181, 77, 140, 60, 73, 68, 147, 60, 38, 254, 110, 58, 221, 210, 71, 60, 6, 192, 85, 60, 67, 47, 75, 188, 37, 61, 221, 186, 137, 30, 0, 60, 117, 208, 132, 60, 55, 5, 129, 187, 31, 51, 228, 187, 4, 249, 135, 60, 105, 72, 91, 60, 146, 53, 105, 188, 116, 132, 52, 60, 3, 120, 11, 61, 110, 193, 145, 60, 168, 161, 50, 187, 158, 73, 81, 61, 205, 204, 76, 60, 95, 160, 246, 59, 158, 73, 81, 61, 205, 204, 76, 60, 95, 160, 246, 187, 172, 250, 92, 61, 205, 204, 76, 60, 16, 48, 195, 32, 87, 89, 108, 60, 127, 70, 122, 60, 114, 255, 27, 60, 45, 199, 215, 187, 32, 219, 148, 59, 206, 174, 142, 60, 242, 191, 84, 61, 205, 204, 76, 188, 216, 69, 211, 59, 49, 110, 92, 61, 244, 253, 84, 188, 127, 26, 223, 162, 3, 120, 11, 61, 73, 68, 147, 188, 38, 254, 110, 58, 242, 191, 84, 61, 205, 204, 76, 188, 216, 69, 211, 187, 3, 120, 11, 61, 245, 70, 138, 188, 86, 217, 204, 187, 85, 10, 211, 60, 18, 31, 15, 188, 123, 237, 128, 60, 85, 10, 211, 60, 18, 31, 15, 188, 123, 237, 128, 188, 3, 120, 11, 61, 176, 191, 142, 60, 68, 215, 147, 59, 81, 118, 204, 60, 190, 153, 232, 59, 127, 129, 135, 188, 81, 118, 204, 60, 190, 153, 232, 59, 127, 129, 135, 60, 3, 120, 11, 61, 253, 98, 132, 188, 165, 224, 1, 60, 10, 108, 202, 59, 86, 78, 114, 190, 135, 185, 120, 63, 100, 116, 144, 188, 0, 0, 4, 11, 19, 66, 157, 62, 96, 141, 189, 59, 5, 159, 115, 63, 113, 116, 199, 188, 4, 0, 3, 10, 19, 66, 157, 62, 115, 141, 189, 59, 5, 159, 115, 191, 113, 116, 199, 188, 7, 0, 3, 9, 107, 239, 126, 190, 225, 25, 107, 191, 188, 127, 157, 190, 69, 57, 77, 188, 10, 0, 3, 2, 170, 133, 90, 191, 74, 82, 5, 191, 32, 250, 68, 188, 155, 219, 230, 187, 13, 0, 3, 20, 225, 50, 146, 190, 219, 166, 109, 63, 41, 198, 115, 190, 228, 189, 61, 188, 16, 0, 3, 23, 221, 59, 240, 190, 236, 14, 98, 63, 138, 23, 23, 60, 86, 143, 0, 188, 19, 0, 3, 24, 187, 4, 168, 190, 182, 2, 109, 191, 145, 4, 64, 62, 236, 204, 49, 188, 22, 0, 3, 19, 241, 117, 85, 191, 62, 80, 13, 191, 169, 217, 130, 187, 119, 96, 231, 187, 25, 0, 3, 20, 205, 44, 237, 190, 107, 224, 98, 191, 154, 184, 8, 57, 197, 9, 3, 188, 28, 0, 3, 20, 42, 108, 190, 60, 200, 52, 96, 63, 101, 214, 246, 190, 253, 230, 144, 188, 31, 0, 3, 16, 172, 211, 117, 189, 204, 110, 113, 63, 7, 116, 167, 190, 15, 6, 128, 188, 34, 0, 3, 33, 174, 128, 0, 63, 140, 11, 139, 60, 113, 94, 93, 63, 233, 148, 4, 189, 37, 0, 3, 10, 174, 128, 0, 63, 137, 11, 139, 60, 112, 94, 93, 191, 233, 148, 4, 189, 40, 0, 3, 9, 19, 232, 100, 62, 75, 113, 113, 63, 142, 236, 123, 190, 143, 80, 205, 188, 43, 0, 3, 16, 225, 145, 137, 62, 195, 51, 117, 63, 122, 177, 208, 189, 199, 212, 216, 188, 46, 0, 3, 8, 84, 223, 179, 190, 116, 77, 107, 63, 154, 111, 54, 62, 3, 205, 46, 188, 49, 0, 3, 26, 193, 174, 13, 191, 115, 46, 85, 63, 213, 147, 125, 60, 168, 54, 252, 187, 52, 0, 3, 24, 2, 234, 89, 191, 97, 20, 6, 63, 208, 220, 7, 189, 79, 181, 242, 187, 55, 0, 3, 24, 159, 84, 120, 191, 6, 166, 120, 62, 146, 91, 249, 59, 82, 205, 249, 187, 58, 0, 3, 24, 117, 239, 116, 187, 141, 152, 210, 61, 35, 164, 126, 63, 45, 244, 145, 188, 61, 0, 3, 3, 245, 200, 117, 63, 183, 73, 165, 187, 77, 42, 143, 62, 66, 231, 83, 189, 64, 0, 3, 10, 22, 85, 111, 63, 97, 152, 133, 60, 139, 136, 181, 62, 58, 109, 79, 189, 67, 0, 3, 10, 208, 221, 29, 63, 82, 241, 86, 188, 105, 128, 73, 63, 124, 167, 24, 189, 70, 0, 3, 10, 11, 213, 125, 62, 232, 41, 117, 191, 40, 223, 21, 62, 33, 69, 211, 188, 73, 0, 3, 12, 208, 221, 29, 63, 78, 241, 86, 188, 105, 128, 73, 191, 124, 167, 24, 189, 76, 0, 3, 9, 22, 85, 111, 63, 97, 152, 133, 60, 139, 136, 181, 190, 58, 109, 79, 189, 79, 0, 3, 9, 245, 200, 117, 63, 175, 73, 165, 187, 77, 42, 143, 190, 65, 231, 83, 189, 82, 0, 3, 9, 239, 25, 113, 62, 17, 24, 118, 191, 44, 117, 18, 190, 16, 45, 206, 188, 85, 0, 3, 12, 136, 163, 133, 60, 163, 3, 125, 191, 153, 10, 27, 190, 0, 248, 148, 188, 88, 0, 3, 12, 13, 144, 131, 189, 223, 234, 106, 191, 176, 202, 200, 190, 255, 13, 129, 188, 91, 0, 3, 30, 150, 72, 46, 61, 237, 126, 67, 191, 158, 235, 36, 191, 241, 116, 150, 188, 94, 0, 3, 21, 77, 51, 102, 62, 227, 98, 110, 191, 30, 234, 146, 190, 46, 42, 206, 188, 97, 0, 3, 21, 241, 67, 111, 62, 18, 11, 118, 191, 12, 197, 22, 190, 130, 157, 205, 188, 100, 0, 3, 12, 83, 32, 121, 188, 139, 161, 33, 191, 34, 124, 70, 63, 33, 239, 141, 188, 103, 0, 3, 13, 224, 34, 77, 62, 173, 91, 73, 190, 248, 180, 117, 63, 194, 23, 180, 188, 106, 0, 3, 10, 215, 51, 22, 188, 243, 134, 17, 191, 150, 153, 82, 191, 227, 206, 144, 188, 109, 0, 3, 32, 255, 139, 181, 37, 137, 59, 106, 190, 112, 54, 121, 191, 231, 139, 143, 188, 112, 0, 4, 22, 220, 34, 77, 62, 173, 91, 73, 190, 248, 180, 117, 191, 193, 23, 180, 188, 116, 0, 3, 22, 171, 101, 65, 61, 234, 34, 52, 191, 248, 126, 53, 191, 115, 185, 151, 188, 119, 0, 3, 14, 174, 142, 104, 62, 225, 199, 112, 63, 1, 80, 129, 62, 30, 242, 206, 188, 122, 0, 3, 8, 30, 44, 133, 62, 60, 229, 117, 63, 173, 5, 202, 61, 3, 80, 213, 188, 125, 0, 3, 8, 86, 56, 128, 62, 62, 134, 119, 63, 39, 217, 72, 61, 119, 176, 209, 188, 128, 0, 3, 8, 191, 81, 178, 60, 96, 156, 127, 63, 235, 104, 79, 61, 162, 121, 150, 188, 131, 0, 3, 8, 181, 219, 250, 188, 94, 214, 116, 63, 156, 183, 148, 62, 221, 183, 138, 188, 134, 0, 3, 27, 182, 186, 34, 61, 102, 53, 90, 63, 130, 123, 5, 63, 130, 7, 152, 188, 137, 0, 3, 7, 217, 195, 159, 165, 42, 33, 78, 62, 121, 194, 122, 191, 4, 112, 144, 188, 140, 0, 4, 9, 0, 0, 0, 0, 162, 62, 18, 63, 141, 29, 82, 191, 5, 112, 144, 188, 144, 0, 3, 28, 19, 208, 21, 61, 151, 96, 31, 63, 51, 30, 72, 191, 105, 155, 149, 188, 147, 0, 3, 15, 2, 241, 100, 62, 33, 142, 27, 62, 123, 120, 118, 191, 16, 2, 185, 188, 150, 0, 3, 9, 63, 118, 12, 187, 52, 25, 178, 62, 42, 3, 112, 63, 29, 213, 146, 188, 153, 0, 3, 6, 75, 158, 53, 60, 209, 224, 75, 62, 206, 219, 122, 63, 234, 160, 146, 188, 156, 0, 3, 10, 3, 241, 100, 62, 33, 142, 27, 62, 123, 120, 118, 63, 16, 2, 185, 188, 159, 0, 3, 10, 12, 105, 128, 60, 232, 175, 41, 63, 6, 164, 63, 63, 62, 48, 143, 188, 162, 0, 3, 7, 54, 132, 11, 60, 45, 91, 40, 63, 41, 215, 64, 63, 170, 14, 142, 188, 165, 0, 3, 7, 150, 2, 77, 61, 55, 99, 50, 191, 112, 42, 55, 63, 194, 172, 152, 188, 168, 0, 3, 13, 117, 84, 39, 61, 82, 194, 51, 191, 123, 248, 53, 63, 209, 131, 150, 188, 171, 0, 3, 13, 213, 114, 62, 189, 220, 9, 117, 191, 30, 75, 146, 62, 177, 77, 132, 188, 174, 0, 3, 17, 221, 39, 221, 188, 200, 188, 119, 191, 137, 73, 128, 62, 198, 218, 136, 188, 177, 0, 3, 17, 19, 223, 90, 62, 188, 25, 114, 191, 143, 188, 122, 62, 97, 184, 200, 188, 180, 0, 3, 12, 206, 157, 91, 62, 133, 5, 112, 191, 231, 40, 140, 62, 96, 185, 201, 188, 183, 0, 3, 13, 28, 0, 9, 15, 0, 1, 2, 3, 4, 5, 6, 7, 8, 6, 9, 10, 11, 12, 13, 11, 14, 12, 15, 8, 16, 15, 9, 6, 15, 6, 8, 17, 4, 13, 17, 13, 12, 18, 2, 1, 19, 5, 4, 19, 4, 17, 19, 17, 20, 21, 12, 14, 22, 14, 11, 22, 11, 10, 22, 10, 9, 22, 9, 0, 23, 24, 20, 23, 20, 18, 23, 18, 1, 23, 25, 24, 26, 5, 19, 26, 19, 20, 26, 20, 24, 26, 24, 25, 27, 25, 8, 27, 8, 7, 27, 7, 5, 27, 5, 26, 27, 26, 25, 28, 15, 16, 28, 1, 0, 29, 7, 6, 29, 6, 10, 3, 29, 3, 5, 29, 5, 7, 30, 2, 18, 30, 18, 20, 30, 20, 17, 30, 17, 12, 30, 12, 21, 30, 21, 2, 31, 3, 10, 11, 31, 11, 13, 31, 13, 4, 31, 4, 3, 32, 14, 22, 32, 22, 0, 32, 0, 2, 32, 2, 21, 32, 21, 14, 33, 1, 28, 33, 28, 16, 33, 16, 8, 33, 8, 25, 33, 25, 23, 33, 23, 1, 0, 35, 0, 20, 0, 8, 0, 34, 1, 35, 1, 12, 1, 52, 2, 49, 2, 13, 2, 38, 3, 36, 3, 30, 3, 9, 4, 8, 4, 19, 4, 37, 5, 6, 5, 11, 5, 47, 6, 17, 6, 16, 7, 9, 7, 57, 7, 34, 8, 9, 10, 14, 10, 48, 10, 11, 11, 43, 12, 40, 12, 23, 13, 25, 13, 14, 14, 15, 15, 42, 15, 26, 16, 44, 16, 54, 17, 50, 17, 18, 18, 46, 18, 19, 19, 20, 20, 51, 21, 24, 21, 27, 21, 22, 22, 41, 22, 23, 23, 60, 24, 59, 24, 28, 25, 32, 25, 26, 26, 27, 27, 28, 28, 33, 29, 33, 29, 58, 29, 30, 30, 31, 31, 39, 31, 32, 32, 33, 34, 56, 35, 55, 36, 39, 36, 37, 37, 46, 37, 38, 38, 39, 40, 45, 40, 41, 41, 42, 42, 43, 43, 44, 44, 45, 45, 53, 46, 49, 46, 47, 47, 48, 48, 49, 50, 54, 50, 51, 51, 52, 52, 53, 53, 54, 55, 60, 55, 56, 56, 57, 57, 58, 58, 59, 59, 60, 0, 1, 20, 1, 12, 23, 1, 12, 40, 2, 37, 38, 2, 10, 13, 2, 13, 25, 3, 4, 8, 3, 30, 31, 3, 7, 9, 0, 4, 8, 4, 18, 19, 5, 6, 17, 5, 6, 11, 5, 10, 11, 6, 16, 17, 0, 7, 8, 7, 34, 56, 10, 11, 14, 12, 22, 23, 13, 14, 15, 15, 21, 22, 16, 44, 45, 17, 18, 19, 21, 22, 23, 21, 24, 27, 24, 28, 29, 25, 26, 27, 29, 30, 31, 0, 34, 35, 36, 37, 38, 40, 41, 42, 46, 47, 48, 50, 51, 52, 55, 56, 57, 28, 0, 0, 0, 0, 0, 9, 0, 9, 0, 15, 0, 15, 0, 28, 0, 0, 0, 1, 0, 1, 0, 2, 0, 2, 0, 0, 0, 3, 0, 4, 0, 4, 0, 5, 0, 5, 0, 3, 0, 6, 0, 7, 0, 7, 0, 8, 0, 8, 0, 6, 0, 6, 0, 9, 0, 9, 0, 10, 0, 10, 0, 6, 0, 11, 0, 12, 0, 12, 0, 13, 0, 13, 0, 11, 0, 11, 0, 14, 0, 14, 0, 12, 0, 15, 0, 8, 0, 8, 0, 16, 0, 16, 0, 15, 0, 6, 0, 15, 0, 17, 0, 4, 0, 4, 0, 13, 0, 13, 0, 17, 0, 12, 0, 17, 0, 18, 0, 2, 0, 1, 0, 18, 0, 19, 0, 5, 0, 4, 0, 19, 0, 17, 0, 19, 0, 17, 0, 20, 0, 20, 0, 19, 0, 21, 0, 12, 0, 14, 0, 21, 0, 22, 0, 14, 0, 11, 0, 22, 0, 11, 0, 10, 0, 10, 0, 22, 0, 9, 0, 22, 0, 0, 0, 22, 0, 23, 0, 24, 0, 24, 0, 20, 0, 20, 0, 23, 0, 20, 0, 18, 0, 18, 0, 23, 0, 1, 0, 23, 0, 23, 0, 25, 0, 25, 0, 24, 0, 26, 0, 5, 0, 19, 0, 26, 0, 20, 0, 26, 0, 24, 0, 26, 0, 25, 0, 26, 0, 27, 0, 25, 0, 25, 0, 8, 0, 8, 0, 27, 0, 7, 0, 27, 0, 7, 0, 5, 0, 5, 0, 27, 0, 26, 0, 27, 0, 16, 0, 28, 0, 28, 0, 1, 0, 29, 0, 7, 0, 6, 0, 29, 0, 10, 0, 3, 0, 3, 0, 29, 0, 5, 0, 29, 0, 30, 0, 2, 0, 18, 0, 30, 0, 20, 0, 30, 0, 17, 0, 30, 0, 12, 0, 30, 0, 21, 0, 30, 0, 21, 0, 2, 0, 31, 0, 3, 0, 11, 0, 31, 0, 13, 0, 31, 0, 4, 0, 31, 0, 32, 0, 14, 0, 22, 0, 32, 0, 0, 0, 32, 0, 2, 0, 32, 0, 21, 0, 32, 0, 33, 0, 1, 0, 28, 0, 33, 0, 16, 0, 33, 0, 8, 0, 33, 0, 25, 0, 33, 0, 23, 0, 33, 0, 0, 0, 0, 0, 112, 18, 3, 188, 73, 68, 147, 188, 188, 116, 147, 188, 172, 250, 92, 61, 73, 68, 147, 60, 188, 116, 147, 60, 40, 234, 61, 56, 44, 45, 210, 49, 49, 130, 9, 46, 30, 210, 83, 173, 49, 130, 9, 46, 77, 105, 31, 51, 7, 178, 63, 172, 30, 210, 83, 173, 7, 178, 63, 172, 67, 27, 30, 51, 150, 171, 186, 60, 112, 82, 166, 183, 48, 133, 255, 55, 0, 0, 128, 63, 73, 67, 69, 1, 83, 85, 80, 77, 0, 0, 0, 0, 73, 67, 69, 1, 71, 65, 85, 83, 0, 0, 0, 0, 16, 0, 0, 0, 0, 6, 0, 0, 26, 26, 26, 26, 26, 24, 24, 24, 24, 24, 24, 23, 23, 23, 23, 23, 26, 26, 26, 26, 26, 24, 24, 24, 24, 24, 24, 23, 23, 23, 23, 23, 26, 26, 26, 26, 26, 24, 24, 24, 24, 24, 24, 23, 23, 23, 23, 23, 26, 26, 26, 26, 26, 24, 24, 24, 24, 24, 24, 23, 23, 23, 23, 23, 26, 26, 26, 26, 26, 26, 24, 24, 24, 24, 23, 23, 23, 23, 23, 23, 26, 26, 26, 26, 26, 26, 24, 24, 24, 24, 23, 23, 23, 23, 23, 23, 26, 26, 26, 26, 26, 26, 24, 24, 24, 24, 23, 23, 23, 23, 23, 23, 26, 26, 26, 26, 26, 26, 24, 24, 24, 24, 23, 23, 23, 23, 23, 23, 19, 19, 19, 19, 19, 20, 20, 20, 20, 20, 20, 18, 18, 18, 18, 18, 19, 19, 19, 19, 19, 20, 20, 20, 20, 20, 20, 18, 18, 18, 18, 18, 19, 19, 19, 19, 19, 20, 20, 20, 20, 20, 20, 18, 18, 18, 18, 18, 19, 19, 19, 19, 19, 20, 20, 20, 20, 20, 20, 18, 18, 18, 18, 18, 19, 19, 19, 19, 19, 20, 20, 20, 20, 20, 20, 18, 18, 18, 18, 18, 19, 19, 19, 19, 19, 20, 20, 20, 20, 20, 20, 18, 18, 18, 18, 18, 19, 19, 19, 19, 19, 20, 20, 20, 20, 20, 20, 18, 18, 18, 18, 18, 19, 19, 19, 19, 19, 20, 20, 20, 20, 20, 20, 18, 18, 18, 18, 18, 6, 6, 6, 6, 6, 6, 6, 6, 15, 15, 15, 15, 15, 15, 15, 15, 6, 6, 6, 6, 6, 6, 6, 6, 15, 15, 15, 15, 15, 15, 15, 9, 10, 10, 10, 6, 6, 6, 6, 6, 15, 15, 9, 9, 9, 9, 9, 9, 10, 10, 10, 10, 10, 10, 10, 10, 9, 9, 9, 9, 9, 9, 9, 9, 10, 10, 10, 10, 10, 10, 10, 10, 9, 9, 9, 9, 9, 9, 9, 9, 10, 10, 10, 10, 10, 10, 10, 10, 9, 9, 9, 9, 9, 9, 9, 9, 10, 10, 10, 10, 10, 10, 10, 10, 9, 9, 9, 9, 9, 9, 9, 9, 10, 10, 10, 10, 10, 10, 10, 10, 9, 9, 9, 9, 9, 9, 9, 9, 10, 10, 10, 10, 10, 10, 10, 10, 9, 9, 9, 9, 9, 9, 9, 9, 10, 10, 10, 10, 10, 10, 10, 10, 9, 9, 9, 9, 9, 9, 9, 9, 10, 10, 10, 10, 10, 10, 10, 10, 22, 22, 22, 22, 22, 22, 9, 9, 10, 10, 10, 10, 10, 10, 10, 10, 22, 22, 22, 22, 22, 22, 22, 22, 10, 10, 10, 10, 10, 10, 10, 10, 22, 22, 22, 22, 22, 22, 22, 22, 10, 10, 10, 11, 11, 11, 11, 11, 22, 22, 22, 22, 22, 22, 22, 22, 11, 11, 11, 11, 11, 11, 11, 11, 22, 22, 22, 22, 22, 22, 22, 22, 11, 11, 11, 11, 11, 11, 11, 11, 22, 22, 22, 22, 22, 22, 22, 22, 11, 11, 11, 11, 11, 11, 11, 13, 4, 4, 4, 4, 4, 19, 19, 19, 11, 11, 11, 11, 11, 11, 11, 13, 4, 4, 4, 4, 19, 19, 19, 19, 11, 11, 11, 11, 11, 11, 11, 13, 4, 4, 4, 4, 19, 19, 19, 19, 11, 11, 11, 11, 11, 11, 13, 13, 4, 4, 4, 19, 19, 19, 19, 19, 11, 11, 11, 11, 11, 11, 13, 13, 17, 4, 4, 19, 19, 19, 19, 19, 11, 11, 11, 11, 11, 11, 13, 12, 17, 4, 19, 19, 19, 19, 19, 20, 11, 11, 11, 11, 11, 12, 12, 12, 17, 17, 19, 19, 20, 20, 20, 20, 11, 11, 11, 11, 12, 12, 12, 12, 17, 17, 20, 20, 20, 20, 20, 20, 22, 22, 22, 14, 12, 12, 12, 12, 30, 30, 20, 20, 20, 20, 20, 20, 22, 22, 22, 14, 14, 12, 12, 12, 30, 30, 18, 18, 20, 20, 20, 20, 22, 22, 22, 22, 14, 14, 21, 21, 30, 30, 18, 18, 18, 18, 18, 20, 22, 22, 22, 22, 14, 14, 21, 21, 30, 2, 2, 18, 18, 18, 18, 18, 22, 22, 22, 22, 14, 14, 21, 21, 2, 2, 2, 18, 18, 18, 18, 18, 22, 22, 22, 22, 14, 14, 14, 21, 2, 2, 2, 2, 18, 18, 18, 18, 22, 22, 22, 22, 22, 14, 14, 21, 2, 2, 2, 2, 18, 18, 18, 18, 22, 22, 22, 22, 22, 14, 14, 14, 2, 2, 2, 2, 2, 18, 18, 18, 6, 6, 6, 6, 6, 6, 6, 7, 5, 5, 5, 5, 5, 5, 26, 26, 6, 6, 6, 6, 6, 6, 6, 7, 5, 5, 5, 5, 5, 26, 26, 26, 6, 6, 6, 6, 6, 6, 6, 7, 27, 5, 5, 5, 26, 26, 26, 26, 6, 6, 6, 6, 6, 6, 7, 7, 27, 5, 5, 5, 26, 26, 26, 26, 6, 6, 6, 6, 6, 6, 7, 7, 27, 5, 5, 26, 26, 26, 26, 26, 6, 6, 6, 6, 6, 6, 8, 8, 27, 27, 26, 26, 26, 26, 26, 24, 6, 6, 6, 6, 6, 8, 8, 8, 27, 27, 26, 24, 24, 24, 24, 24, 6, 6, 6, 6, 8, 8, 8, 8, 25, 25, 24, 24, 24, 24, 24, 24, 15, 15, 15, 15, 8, 8, 8, 8, 25, 25, 24, 24, 24, 24, 24, 24, 15, 15, 15, 15, 15, 8, 8, 8, 25, 25, 23, 24, 24, 24, 24, 24, 15, 15, 15, 15, 15, 15, 16, 16, 33, 33, 23, 23, 23, 23, 23, 24, 15, 15, 15, 15, 15, 15, 16, 16, 33, 1, 1, 23, 23, 23, 23, 23, 15, 15, 15, 15, 15, 15, 16, 16, 33, 1, 1, 1, 23, 23, 23, 23, 15, 15, 15, 15, 15, 15, 15, 16, 33, 1, 1, 1, 23, 23, 23, 23, 15, 15, 15, 15, 15, 15, 15, 16, 33, 1, 1, 1, 1, 23, 23, 23, 15, 15, 15, 15, 15, 15, 15, 16, 33, 1, 1, 1, 1, 1, 23, 23, 15, 9, 9, 9, 9, 9, 9, 9, 9, 9, 9, 22, 22, 22, 22, 22, 15, 15, 9, 9, 9, 9, 9, 9, 9, 9, 22, 22, 22, 22, 22, 22, 15, 15, 15, 9, 9, 9, 9, 9, 9, 9, 22, 22, 22, 22, 22, 22, 15, 15, 15, 9, 9, 9, 9, 9, 9, 9, 22, 22, 22, 22, 22, 22, 15, 15, 15, 15, 9, 9, 9, 9, 9, 9, 22, 22, 22, 22, 22, 22, 15, 15, 15, 15, 15, 9, 9, 9, 9, 22, 22, 22, 22, 22, 14, 14, 15, 15, 15, 15, 15, 9, 9, 9, 9, 22, 22, 22, 22, 14, 14, 14, 16, 15, 15, 15, 15, 15, 9, 9, 9, 22, 22, 22, 14, 14, 14, 14, 33, 28, 28, 28, 28, 28, 0, 0, 0, 32, 32, 32, 32, 2, 2, 2, 1, 1, 1, 1, 1, 1, 0, 0, 0, 32, 2, 2, 2, 2, 2, 2, 1, 1, 1, 1, 1, 1, 1, 1, 2, 2, 2, 2, 2, 2, 2, 2, 1, 1, 1, 1, 1, 1, 1, 1, 2, 2, 2, 2, 2, 2, 2, 2, 1, 1, 1, 1, 1, 1, 1, 1, 18, 18, 2, 2, 2, 2, 2, 2, 1, 1, 1, 1, 1, 1, 1, 1, 18, 18, 18, 18, 18, 18, 18, 18, 23, 23, 23, 23, 23, 23, 23, 23, 18, 18, 18, 18, 18, 18, 18, 18, 23, 23, 23, 23, 23, 23, 23, 23, 18, 18, 18, 18, 18, 18, 18, 18, 6, 6, 10, 10, 10, 10, 10, 10, 10, 10, 10, 10, 10, 10, 11, 11, 6, 6, 6, 10, 10, 10, 10, 10, 10, 10, 10, 10, 10, 11, 11, 11, 6, 6, 6, 10, 10, 10, 10, 10, 10, 10, 10, 10, 10, 11, 11, 11, 6, 6, 6, 6, 10, 10, 10, 10, 10, 10, 10, 10, 11, 11, 11, 11, 6, 6, 6, 6, 10, 10, 10, 10, 10, 10, 10, 10, 11, 11, 11, 11, 6, 6, 6, 6, 6, 10, 10, 10, 10, 10, 10, 11, 11, 11, 11, 11, 6, 6, 6, 6, 6, 6, 10, 10, 10, 10, 11, 11, 11, 11, 11, 11, 7, 7, 6, 6, 6, 6, 10, 10, 10, 10, 11, 11, 11, 11, 11, 13, 5, 29, 29, 29, 29, 29, 3, 3, 3, 31, 31, 31, 31, 4, 4, 4, 5, 5, 5, 5, 5, 5, 3, 3, 3, 31, 4, 4, 4, 4, 4, 4, 5, 5, 5, 5, 5, 5, 5, 5, 4, 4, 4, 4, 4, 4, 4, 4, 5, 5, 5, 5, 5, 5, 5, 5, 4, 4, 4, 4, 4, 4, 4, 4, 5, 5, 5, 5, 5, 5, 5, 5, 19, 19, 4, 4, 4, 4, 4, 4, 5, 5, 5, 5, 5, 5, 5, 5, 19, 19, 19, 19, 19, 19, 19, 19, 26, 26, 26, 26, 26, 26, 26, 26, 19, 19, 19, 19, 19, 19, 19, 19, 26, 26, 26, 26, 26, 26, 26, 26, 19, 19, 19, 19, 19, 19, 19, 19, 22, 22, 22, 22, 22, 22, 22, 22, 11, 11, 11, 11, 11, 11, 11, 11, 22, 22, 22, 22, 22, 22, 22, 22, 11, 11, 11, 11, 11, 11, 11, 11, 22, 22, 22, 22, 22, 22, 22, 22, 11, 11, 11, 11, 11, 10, 10, 10, 22, 22, 22, 22, 22, 22, 22, 22, 10, 10, 10, 10, 10, 10, 10, 10, 22, 22, 22, 22, 22, 22, 22, 22, 10, 10, 10, 10, 10, 10, 10, 10, 9, 9, 22, 22, 22, 22, 22, 22, 10, 10, 10, 10, 10, 10, 10, 10, 9, 9, 9, 9, 9, 9, 9, 9, 10, 10, 10, 10, 10, 10, 10, 10, 9, 9, 9, 9, 9, 9, 9, 9, 10, 10, 10, 10, 10, 10, 10, 10, 9, 9, 9, 9, 9, 9, 9, 9, 10, 10, 10, 10, 10, 10, 10, 10, 9, 9, 9, 9, 9, 9, 9, 9, 10, 10, 10, 10, 10, 10, 10, 10, 9, 9, 9, 9, 9, 9, 9, 9, 10, 10, 10, 10, 10, 10, 10, 10, 9, 9, 9, 9, 9, 9, 9, 9, 10, 10, 10, 10, 10, 10, 10, 10, 9, 9, 9, 9, 9, 9, 9, 9, 10, 10, 10, 10, 10, 10, 10, 10, 9, 9, 9, 9, 9, 9, 15, 15, 6, 6, 6, 6, 6, 10, 10, 10, 9, 15, 15, 15, 15, 15, 15, 15, 6, 6, 6, 6, 6, 6, 6, 6, 15, 15, 15, 15, 15, 15, 15, 15, 6, 6, 6, 6, 6, 6, 6, 6, 18, 18, 18, 18, 18, 20, 20, 20, 20, 20, 20, 19, 19, 19, 19, 19, 18, 18, 18, 18, 18, 20, 20, 20, 20, 20, 20, 19, 19, 19, 19, 19, 18, 18, 18, 18, 18, 20, 20, 20, 20, 20, 20, 19, 19, 19, 19, 19, 18, 18, 18, 18, 18, 20, 20, 20, 20, 20, 20, 19, 19, 19, 19, 19, 18, 18, 18, 18, 18, 20, 20, 20, 20, 20, 20, 19, 19, 19, 19, 19, 18, 18, 18, 18, 18, 20, 20, 20, 20, 20, 20, 19, 19, 19, 19, 19, 18, 18, 18, 18, 18, 20, 20, 20, 20, 20, 20, 19, 19, 19, 19, 19, 18, 18, 18, 18, 18, 20, 20, 20, 20, 20, 20, 19, 19, 19, 19, 19, 23, 23, 23, 23, 23, 23, 24, 24, 24, 24, 26, 26, 26, 26, 26, 26, 23, 23, 23, 23, 23, 23, 24, 24, 24, 24, 26, 26, 26, 26, 26, 26, 23, 23, 23, 23, 23, 23, 24, 24, 24, 24, 26, 26, 26, 26, 26, 26, 23, 23, 23, 23, 23, 23, 24, 24, 24, 24, 26, 26, 26, 26, 26, 26, 23, 23, 23, 23, 23, 24, 24, 24, 24, 24, 24, 26, 26, 26, 26, 26, 23, 23, 23, 23, 23, 24, 24, 24, 24, 24, 24, 26, 26, 26, 26, 26, 23, 23, 23, 23, 23, 24, 24, 24, 24, 24, 24, 26, 26, 26, 26, 26, 23, 23, 23, 23, 23, 24, 24, 24, 24, 24, 24, 26, 26, 26, 26, 26, 23, 23, 1, 1, 1, 1, 1, 33, 16, 15, 15, 15, 15, 15, 15, 15, 23, 23, 23, 1, 1, 1, 1, 33, 16, 15, 15, 15, 15, 15, 15, 15, 23, 23, 23, 23, 1, 1, 1, 33, 16, 15, 15, 15, 15, 15, 15, 15, 23, 23, 23, 23, 1, 1, 1, 33, 16, 16, 15, 15, 15, 15, 15, 15, 23, 23, 23, 23, 23, 1, 1, 33, 16, 16, 15, 15, 15, 15, 15, 15, 24, 23, 23, 23, 23, 23, 33, 33, 16, 16, 15, 15, 15, 15, 15, 15, 24, 24, 24, 24, 24, 23, 25, 25, 8, 8, 8, 15, 15, 15, 15, 15, 24, 24, 24, 24, 24, 24, 25, 25, 8, 8, 8, 8, 15, 15, 15, 15, 24, 24, 24, 24, 24, 24, 25, 25, 8, 8, 8, 8, 6, 6, 6, 6, 24, 24, 24, 24, 24, 26, 27, 27, 8, 8, 8, 6, 6, 6, 6, 6, 24, 26, 26, 26, 26, 26, 27, 27, 8, 8, 6, 6, 6, 6, 6, 6, 26, 26, 26, 26, 26, 5, 5, 27, 7, 7, 6, 6, 6, 6, 6, 6, 26, 26, 26, 26, 5, 5, 5, 27, 7, 7, 6, 6, 6, 6, 6, 6, 26, 26, 26, 26, 5, 5, 5, 27, 7, 6, 6, 6, 6, 6, 6, 6, 26, 26, 26, 5, 5, 5, 5, 5, 7, 6, 6, 6, 6, 6, 6, 6, 26, 26, 5, 5, 5, 5, 5, 5, 7, 6, 6, 6, 6, 6, 6, 6, 18, 18, 18, 2, 2, 2, 2, 2, 14, 14, 14, 22, 22, 22, 22, 22, 18, 18, 18, 18, 2, 2, 2, 2, 21, 14, 14, 22, 22, 22, 22, 22, 18, 18, 18, 18, 2, 2, 2, 2, 21, 14, 14, 14, 22, 22, 22, 22, 18, 18, 18, 18, 18, 2, 2, 2, 21, 21, 14, 14, 22, 22, 22, 22, 18, 18, 18, 18, 18, 2, 2, 30, 21, 21, 14, 14, 22, 22, 22, 22, 20, 18, 18, 18, 18, 18, 30, 30, 21, 21, 14, 14, 22, 22, 22, 22, 20, 20, 20, 20, 18, 18, 30, 30, 12, 12, 12, 14, 14, 22, 22, 22, 20, 20, 20, 20, 20, 20, 30, 30, 12, 12, 12, 12, 14, 22, 22, 22, 20, 20, 20, 20, 20, 20, 17, 17, 12, 12, 12, 12, 11, 11, 11, 11, 20, 20, 20, 20, 19, 19, 17, 17, 12, 12, 12, 11, 11, 11, 11, 11, 20, 19, 19, 19, 19, 19, 4, 17, 12, 13, 11, 11, 11, 11, 11, 11, 19, 19, 19, 19, 19, 4, 4, 17, 13, 13, 11, 11, 11, 11, 11, 11, 19, 19, 19, 19, 19, 4, 4, 4, 13, 13, 11, 11, 11, 11, 11, 11, 19, 19, 19, 19, 4, 4, 4, 4, 13, 11, 11, 11, 11, 11, 11, 11, 19, 19, 19, 19, 4, 4, 4, 4, 13, 11, 11, 11, 11, 11, 11, 11, 19, 19, 19, 4, 4, 4, 4, 4, 13, 11, 11, 11, 11, 11, 11, 11, 19, 19, 19, 19, 19, 19, 19, 19, 26, 26, 26, 26, 26, 26, 26, 26, 19, 19, 19, 19, 19, 19, 19, 19, 26, 26, 26, 26, 26, 26, 26, 26, 19, 19, 19, 19, 19, 19, 19, 19, 5, 5, 5, 5, 5, 5, 5, 5, 4, 4, 4, 4, 4, 4, 19, 19, 5, 5, 5, 5, 5, 5, 5, 5, 4, 4, 4, 4, 4, 4, 4, 4, 5, 5, 5, 5, 5, 5, 5, 5, 4, 4, 4, 4, 4, 4, 4, 4, 5, 5, 5, 5, 5, 5, 5, 5, 4, 4, 4, 4, 4, 4, 31, 3, 3, 3, 5, 5, 5, 5, 5, 5, 4, 4, 4, 31, 31, 31, 31, 3, 3, 3, 29, 29, 29, 29, 29, 5, 13, 11, 11, 11, 11, 11, 10, 10, 10, 10, 6, 6, 6, 6, 7, 7, 11, 11, 11, 11, 11, 11, 10, 10, 10, 10, 6, 6, 6, 6, 6, 6, 11, 11, 11, 11, 11, 10, 10, 10, 10, 10, 10, 6, 6, 6, 6, 6, 11, 11, 11, 11, 10, 10, 10, 10, 10, 10, 10, 10, 6, 6, 6, 6, 11, 11, 11, 11, 10, 10, 10, 10, 10, 10, 10, 10, 6, 6, 6, 6, 11, 11, 11, 10, 10, 10, 10, 10, 10, 10, 10, 10, 10, 6, 6, 6, 11, 11, 11, 10, 10, 10, 10, 10, 10, 10, 10, 10, 10, 6, 6, 6, 11, 11, 10, 10, 10, 10, 10, 10, 10, 10, 10, 10, 10, 10, 6, 6, 18, 18, 18, 18, 18, 18, 18, 18, 23, 23, 23, 23, 23, 23, 23, 23, 18, 18, 18, 18, 18, 18, 18, 18, 23, 23, 23, 23, 23, 23, 23, 23, 18, 18, 18, 18, 18, 18, 18, 18, 1, 1, 1, 1, 1, 1, 1, 1, 2, 2, 2, 2, 2, 2, 18, 18, 1, 1, 1, 1, 1, 1, 1, 1, 2, 2, 2, 2, 2, 2, 2, 2, 1, 1, 1, 1, 1, 1, 1, 1, 2, 2, 2, 2, 2, 2, 2, 2, 1, 1, 1, 1, 1, 1, 1, 1, 2, 2, 2, 2, 2, 2, 32, 0, 0, 0, 1, 1, 1, 1, 1, 1, 2, 2, 2, 32, 32, 32, 32, 0, 0, 0, 28, 28, 28, 28, 28, 33, 14, 14, 14, 14, 22, 22, 22, 9, 9, 9, 15, 15, 15, 15, 15, 16, 14, 14, 14, 22, 22, 22, 22, 9, 9, 9, 9, 15, 15, 15, 15, 15, 14, 14, 22, 22, 22, 22, 22, 9, 9, 9, 9, 15, 15, 15, 15, 15, 22, 22, 22, 22, 22, 22, 9, 9, 9, 9, 9, 9, 15, 15, 15, 15, 22, 22, 22, 22, 22, 22, 9, 9, 9, 9, 9, 9, 9, 15, 15, 15, 22, 22, 22, 22, 22, 22, 9, 9, 9, 9, 9, 9, 9, 15, 15, 15, 22, 22, 22, 22, 22, 22, 9, 9, 9, 9, 9, 9, 9, 9, 15, 15, 22, 22, 22, 22, 22, 9, 9, 9, 9, 9, 9, 9, 9, 9, 9, 15, 73, 67, 69, 1, 86, 65, 76, 69, 2, 0, 0, 0, 34, 0, 0, 0, 186, 0, 0, 0, 7, 0, 0, 0, 6, 6, 6, 5, 6, 7, 6, 5, 7, 5, 5, 6, 6, 5, 5, 5, 4, 6, 5, 5, 7, 5, 6, 6, 4, 6, 6, 5, 5, 4, 6, 4, 5, 6, 9, 22, 32, 2, 1, 28, 2, 18, 23, 33, 28, 0, 0, 32, 21, 30, 18, 1, 4, 31, 10, 29, 5, 5, 19, 17, 13, 31, 3, 3, 29, 7, 27, 26, 19, 4, 7, 29, 10, 9, 15, 8, 8, 27, 5, 29, 6, 6, 15, 16, 33, 25, 27, 7, 15, 6, 10, 22, 0, 6, 3, 11, 22, 9, 12, 14, 22, 10, 31, 13, 13, 17, 30, 21, 14, 11, 11, 31, 4, 17, 12, 12, 21, 32, 22, 11, 28, 16, 8, 6, 9, 15, 28, 33, 8, 4, 19, 20, 30, 12, 13, 2, 30, 20, 23, 1, 5, 26, 20, 17, 4, 19, 26, 24, 23, 18, 30, 17, 12, 30, 2, 32, 14, 14, 32, 0, 9, 10, 11, 24, 25, 33, 1, 18, 20, 20, 26, 25, 23, 24, 26, 27, 8, 33, 23, 5, 27, 25, 24, 20, 19, 25, 26, 5, 7, 8, 0, 1, 33, 16, 15, 7, 5, 3, 6, 2, 21, 12, 17, 20, 18, 3, 4, 13, 11, 14, 21, 2, 0, 22, 1, 23, 25, 8, 16, 28, 0, 0, 128, 191, 51, 118, 139, 60, 244, 217, 170, 60, 90, 9, 33, 60, 90, 9, 33, 60]
            }
        }

        over "Link7"
        {
            over "collisions" (
                prepend apiSchemas = ["PhysxCookedDataAPI:convexHull"]
            )
            {
                uchar[] physxCookedData:convexHull:buffer = [9, 69, 84, 220, 220, 148, 125, 59, 85, 16, 43, 17, 190, 132, 222, 149, 250, 78, 88, 83, 1, 67, 86, 88, 77, 14, 0, 0, 0, 0, 0, 0, 0, 73, 67, 69, 1, 67, 76, 72, 76, 9, 0, 0, 0, 34, 0, 0, 0, 93, 128, 0, 0, 61, 0, 0, 0, 186, 0, 0, 0, 19, 131, 192, 60, 82, 61, 19, 34, 188, 116, 147, 60, 156, 249, 62, 61, 205, 204, 76, 188, 199, 223, 45, 60, 229, 123, 57, 61, 244, 253, 84, 60, 109, 108, 50, 60, 19, 131, 192, 60, 84, 207, 36, 163, 188, 116, 147, 188, 229, 123, 57, 61, 244, 253, 84, 60, 109, 108, 50, 188, 156, 249, 62, 61, 205, 204, 76, 188, 199, 223, 45, 188, 30, 208, 113, 187, 190, 153, 232, 187, 127, 129, 135, 188, 53, 60, 61, 60, 95, 41, 75, 188, 159, 197, 85, 188, 181, 77, 140, 60, 73, 68, 147, 188, 38, 254, 110, 186, 94, 53, 2, 188, 126, 93, 112, 186, 186, 67, 147, 60, 111, 18, 3, 188, 121, 250, 37, 163, 188, 116, 147, 188, 2, 200, 113, 187, 190, 153, 232, 59, 127, 129, 135, 188, 181, 77, 140, 60, 73, 68, 147, 60, 38, 254, 110, 58, 221, 210, 71, 60, 6, 192, 85, 60, 67, 47, 75, 188, 37, 61, 221, 186, 137, 30, 0, 60, 117, 208, 132, 60, 55, 5, 129, 187, 31, 51, 228, 187, 4, 249, 135, 60, 105, 72, 91, 60, 146, 53, 105, 188, 116, 132, 52, 60, 3, 120, 11, 61, 110, 193, 145, 60, 168, 161, 50, 187, 158, 73, 81, 61, 205, 204, 76, 60, 95, 160, 246, 59, 158, 73, 81, 61, 205, 204, 76, 60, 95, 160, 246, 187, 172, 250, 92, 61, 205, 204, 76, 60, 215, 38, 33, 37, 87, 89, 108, 60, 127, 70, 122, 60, 114, 255, 27, 60, 45, 199, 215, 187, 32, 219, 148, 59, 206, 174, 142, 60, 242, 191, 84, 61, 205, 204, 76, 188, 216, 69, 211, 59, 49, 110, 92, 61, 244, 253, 84, 188, 214, 110, 43, 37, 3, 120, 11, 61, 73, 68, 147, 188, 38, 254, 110, 58, 242, 191, 84, 61, 205, 204, 76, 188, 216, 69, 211, 187, 3, 120, 11, 61, 245, 70, 138, 188, 86, 217, 204, 187, 85, 10, 211, 60, 18, 31, 15, 188, 123, 237, 128, 60, 85, 10, 211, 60, 18, 31, 15, 188, 123, 237, 128, 188, 3, 120, 11, 61, 176, 191, 142, 60, 68, 215, 147, 59, 81, 118, 204, 60, 190, 153, 232, 59, 127, 129, 135, 188, 81, 118, 204, 60, 190, 153, 232, 59, 127, 129, 135, 60, 3, 120, 11, 61, 253, 98, 132, 188, 165, 224, 1, 60, 10, 108, 202, 59, 86, 78, 114, 190, 135, 185, 120, 63, 100, 116, 144, 188, 0, 0, 4, 11, 19, 66, 157, 62, 96, 141, 189, 59, 5, 159, 115, 63, 113, 116, 199, 188, 4, 0, 3, 10, 19, 66, 157, 62, 115, 141, 189, 59, 5, 159, 115, 191, 113, 116, 199, 188, 7, 0, 3, 9, 107, 239, 126, 190, 225, 25, 107, 191, 188, 127, 157, 190, 69, 57, 77, 188, 10, 0, 3, 2, 170, 133, 90, 191, 74, 82, 5, 191, 32, 250, 68, 188, 155, 219, 230, 187, 13, 0, 3, 20, 225, 50, 146, 190, 219, 166, 109, 63, 41, 198, 115, 190, 228, 189, 61, 188, 16, 0, 3, 23, 221, 59, 240, 190, 236, 14, 98, 63, 138, 23, 23, 60, 86, 143, 0, 188, 19, 0, 3, 24, 187, 4, 168, 190, 182, 2, 109, 191, 145, 4, 64, 62, 236, 204, 49, 188, 22, 0, 3, 19, 241, 117, 85, 191, 62, 80, 13, 191, 169, 217, 130, 187, 119, 96, 231, 187, 25, 0, 3, 20, 205, 44, 237, 190, 107, 224, 98, 191, 154, 184, 8, 57, 197, 9, 3, 188, 28, 0, 3, 20, 42, 108, 190, 60, 200, 52, 96, 63, 101, 214, 246, 190, 253, 230, 144, 188, 31, 0, 3, 16, 172, 211, 117, 189, 204, 110, 113, 63, 7, 116, 167, 190, 15, 6, 128, 188, 34, 0, 3, 33, 174, 128, 0, 63, 140, 11, 139, 60, 113, 94, 93, 63, 233, 148, 4, 189, 37, 0, 3, 10, 174, 128, 0, 63, 137, 11, 139, 60, 112, 94, 93, 191, 233, 148, 4, 189, 40, 0, 3, 9, 19, 232, 100, 62, 75, 113, 113, 63, 142, 236, 123, 190, 143, 80, 205, 188, 43, 0, 3, 16, 225, 145, 137, 62, 195, 51, 117, 63, 122, 177, 208, 189, 199, 212, 216, 188, 46, 0, 3, 8, 84, 223, 179, 190, 116, 77, 107, 63, 154, 111, 54, 62, 3, 205, 46, 188, 49, 0, 3, 26, 193, 174, 13, 191, 115, 46, 85, 63, 213, 147, 125, 60, 168, 54, 252, 187, 52, 0, 3, 24, 2, 234, 89, 191, 97, 20, 6, 63, 208, 220, 7, 189, 79, 181, 242, 187, 55, 0, 3, 24, 159, 84, 120, 191, 6, 166, 120, 62, 146, 91, 249, 59, 82, 205, 249, 187, 58, 0, 3, 24, 117, 239, 116, 187, 141, 152, 210, 61, 35, 164, 126, 63, 45, 244, 145, 188, 61, 0, 3, 3, 245, 200, 117, 63, 183, 73, 165, 187, 77, 42, 143, 62, 66, 231, 83, 189, 64, 0, 3, 10, 22, 85, 111, 63, 97, 152, 133, 60, 139, 136, 181, 62, 58, 109, 79, 189, 67, 0, 3, 10, 208, 221, 29, 63, 82, 241, 86, 188, 105, 128, 73, 63, 124, 167, 24, 189, 70, 0, 3, 10, 11, 213, 125, 62, 232, 41, 117, 191, 40, 223, 21, 62, 33, 69, 211, 188, 73, 0, 3, 12, 208, 221, 29, 63, 78, 241, 86, 188, 105, 128, 73, 191, 124, 167, 24, 189, 76, 0, 3, 9, 22, 85, 111, 63, 97, 152, 133, 60, 139, 136, 181, 190, 58, 109, 79, 189, 79, 0, 3, 9, 245, 200, 117, 63, 175, 73, 165, 187, 77, 42, 143, 190, 65, 231, 83, 189, 82, 0, 3, 9, 239, 25, 113, 62, 17, 24, 118, 191, 44, 117, 18, 190, 16, 45, 206, 188, 85, 0, 3, 12, 136, 163, 133, 60, 163, 3, 125, 191, 153, 10, 27, 190, 0, 248, 148, 188, 88, 0, 3, 12, 13, 144, 131, 189, 223, 234, 106, 191, 176, 202, 200, 190, 255, 13, 129, 188, 91, 0, 3, 30, 150, 72, 46, 61, 237, 126, 67, 191, 158, 235, 36, 191, 241, 116, 150, 188, 94, 0, 3, 21, 77, 51, 102, 62, 227, 98, 110, 191, 30, 234, 146, 190, 46, 42, 206, 188, 97, 0, 3, 21, 241, 67, 111, 62, 18, 11, 118, 191, 12, 197, 22, 190, 130, 157, 205, 188, 100, 0, 3, 12, 83, 32, 121, 188, 139, 161, 33, 191, 34, 124, 70, 63, 33, 239, 141, 188, 103, 0, 3, 13, 224, 34, 77, 62, 173, 91, 73, 190, 248, 180, 117, 63, 194, 23, 180, 188, 106, 0, 3, 10, 215, 51, 22, 188, 243, 134, 17, 191, 150, 153, 82, 191, 227, 206, 144, 188, 109, 0, 3, 32, 165, 196, 7, 33, 137, 59, 106, 190, 112, 54, 121, 191, 231, 139, 143, 188, 112, 0, 4, 22, 220, 34, 77, 62, 173, 91, 73, 190, 248, 180, 117, 191, 193, 23, 180, 188, 116, 0, 3, 22, 171, 101, 65, 61, 234, 34, 52, 191, 248, 126, 53, 191, 115, 185, 151, 188, 119, 0, 3, 14, 174, 142, 104, 62, 225, 199, 112, 63, 1, 80, 129, 62, 30, 242, 206, 188, 122, 0, 3, 8, 30, 44, 133, 62, 60, 229, 117, 63, 173, 5, 202, 61, 3, 80, 213, 188, 125, 0, 3, 8, 86, 56, 128, 62, 62, 134, 119, 63, 39, 217, 72, 61, 119, 176, 209, 188, 128, 0, 3, 8, 191, 81, 178, 60, 96, 156, 127, 63, 235, 104, 79, 61, 162, 121, 150, 188, 131, 0, 3, 8, 181, 219, 250, 188, 94, 214, 116, 63, 156, 183, 148, 62, 221, 183, 138, 188, 134, 0, 3, 27, 182, 186, 34, 61, 102, 53, 90, 63, 130, 123, 5, 63, 130, 7, 152, 188, 137, 0, 3, 7, 36, 245, 238, 160, 42, 33, 78, 62, 121, 194, 122, 191, 4, 112, 144, 188, 140, 0, 4, 9, 0, 0, 0, 0, 162, 62, 18, 63, 141, 29, 82, 191, 5, 112, 144, 188, 144, 0, 3, 28, 19, 208, 21, 61, 151, 96, 31, 63, 51, 30, 72, 191, 105, 155, 149, 188, 147, 0, 3, 15, 2, 241, 100, 62, 33, 142, 27, 62, 123, 120, 118, 191, 16, 2, 185, 188, 150, 0, 3, 9, 63, 118, 12, 187, 52, 25, 178, 62, 42, 3, 112, 63, 29, 213, 146, 188, 153, 0, 3, 6, 75, 158, 53, 60, 209, 224, 75, 62, 206, 219, 122, 63, 234, 160, 146, 188, 156, 0, 3, 10, 3, 241, 100, 62, 33, 142, 27, 62, 123, 120, 118, 63, 16, 2, 185, 188, 159, 0, 3, 10, 12, 105, 128, 60, 232, 175, 41, 63, 6, 164, 63, 63, 62, 48, 143, 188, 162, 0, 3, 7, 54, 132, 11, 60, 45, 91, 40, 63, 41, 215, 64, 63, 170, 14, 142, 188, 165, 0, 3, 7, 150, 2, 77, 61, 55, 99, 50, 191, 112, 42, 55, 63, 194, 172, 152, 188, 168, 0, 3, 13, 117, 84, 39, 61, 82, 194, 51, 191, 123, 248, 53, 63, 209, 131, 150, 188, 171, 0, 3, 13, 213, 114, 62, 189, 220, 9, 117, 191, 30, 75, 146, 62, 177, 77, 132, 188, 174, 0, 3, 17, 221, 39, 221, 188, 200, 188, 119, 191, 137, 73, 128, 62, 198, 218, 136, 188, 177, 0, 3, 17, 19, 223, 90, 62, 188, 25, 114, 191, 143, 188, 122, 62, 97, 184, 200, 188, 180, 0, 3, 12, 206, 157, 91, 62, 133, 5, 112, 191, 231, 40, 140, 62, 96, 185, 201, 188, 183, 0, 3, 13, 28, 0, 9, 15, 0, 1, 2, 3, 4, 5, 6, 7, 8, 6, 9, 10, 11, 12, 13, 11, 14, 12, 15, 8, 16, 15, 9, 6, 15, 6, 8, 17, 4, 13, 17, 13, 12, 18, 2, 1, 19, 5, 4, 19, 4, 17, 19, 17, 20, 21, 12, 14, 22, 14, 11, 22, 11, 10, 22, 10, 9, 22, 9, 0, 23, 24, 20, 23, 20, 18, 23, 18, 1, 23, 25, 24, 26, 5, 19, 26, 19, 20, 26, 20, 24, 26, 24, 25, 27, 25, 8, 27, 8, 7, 27, 7, 5, 27, 5, 26, 27, 26, 25, 28, 15, 16, 28, 1, 0, 29, 7, 6, 29, 6, 10, 3, 29, 3, 5, 29, 5, 7, 30, 2, 18, 30, 18, 20, 30, 20, 17, 30, 17, 12, 30, 12, 21, 30, 21, 2, 31, 3, 10, 11, 31, 11, 13, 31, 13, 4, 31, 4, 3, 32, 14, 22, 32, 22, 0, 32, 0, 2, 32, 2, 21, 32, 21, 14, 33, 1, 28, 33, 28, 16, 33, 16, 8, 33, 8, 25, 33, 25, 23, 33, 23, 1, 0, 35, 0, 20, 0, 8, 0, 34, 1, 35, 1, 12, 1, 52, 2, 49, 2, 13, 2, 38, 3, 36, 3, 30, 3, 9, 4, 8, 4, 19, 4, 37, 5, 6, 5, 11, 5, 47, 6, 17, 6, 16, 7, 9, 7, 57, 7, 34, 8, 9, 10, 14, 10, 48, 10, 11, 11, 43, 12, 40, 12, 23, 13, 25, 13, 14, 14, 15, 15, 42, 15, 26, 16, 44, 16, 54, 17, 50, 17, 18, 18, 46, 18, 19, 19, 20, 20, 51, 21, 24, 21, 27, 21, 22, 22, 41, 22, 23, 23, 60, 24, 59, 24, 28, 25, 32, 25, 26, 26, 27, 27, 28, 28, 33, 29, 33, 29, 58, 29, 30, 30, 31, 31, 39, 31, 32, 32, 33, 34, 56, 35, 55, 36, 39, 36, 37, 37, 46, 37, 38, 38, 39, 40, 45, 40, 41, 41, 42, 42, 43, 43, 44, 44, 45, 45, 53, 46, 49, 46, 47, 47, 48, 48, 49, 50, 54, 50, 51, 51, 52, 52, 53, 53, 54, 55, 60, 55, 56, 56, 57, 57, 58, 58, 59, 59, 60, 0, 1, 20, 1, 12, 23, 1, 12, 40, 2, 37, 38, 2, 10, 13, 2, 13, 25, 3, 4, 8, 3, 30, 31, 3, 7, 9, 0, 4, 8, 4, 18, 19, 5, 6, 17, 5, 6, 11, 5, 10, 11, 6, 16, 17, 0, 7, 8, 7, 34, 56, 10, 11, 14, 12, 22, 23, 13, 14, 15, 15, 21, 22, 16, 44, 45, 17, 18, 19, 21, 22, 23, 21, 24, 27, 24, 28, 29, 25, 26, 27, 29, 30, 31, 0, 34, 35, 36, 37, 38, 40, 41, 42, 46, 47, 48, 50, 51, 52, 55, 56, 57, 28, 0, 0, 0, 0, 0, 9, 0, 9, 0, 15, 0, 15, 0, 28, 0, 0, 0, 1, 0, 1, 0, 2, 0, 2, 0, 0, 0, 3, 0, 4, 0, 4, 0, 5, 0, 5, 0, 3, 0, 6, 0, 7, 0, 7, 0, 8, 0, 8, 0, 6, 0, 6, 0, 9, 0, 9, 0, 10, 0, 10, 0, 6, 0, 11, 0, 12, 0, 12, 0, 13, 0, 13, 0, 11, 0, 11, 0, 14, 0, 14, 0, 12, 0, 15, 0, 8, 0, 8, 0, 16, 0, 16, 0, 15, 0, 6, 0, 15, 0, 17, 0, 4, 0, 4, 0, 13, 0, 13, 0, 17, 0, 12, 0, 17, 0, 18, 0, 2, 0, 1, 0, 18, 0, 19, 0, 5, 0, 4, 0, 19, 0, 17, 0, 19, 0, 17, 0, 20, 0, 20, 0, 19, 0, 21, 0, 12, 0, 14, 0, 21, 0, 22, 0, 14, 0, 11, 0, 22, 0, 11, 0, 10, 0, 10, 0, 22, 0, 9, 0, 22, 0, 0, 0, 22, 0, 23, 0, 24, 0, 24, 0, 20, 0, 20, 0, 23, 0, 20, 0, 18, 0, 18, 0, 23, 0, 1, 0, 23, 0, 23, 0, 25, 0, 25, 0, 24, 0, 26, 0, 5, 0, 19, 0, 26, 0, 20, 0, 26, 0, 24, 0, 26, 0, 25, 0, 26, 0, 27, 0, 25, 0, 25, 0, 8, 0, 8, 0, 27, 0, 7, 0, 27, 0, 7, 0, 5, 0, 5, 0, 27, 0, 26, 0, 27, 0, 16, 0, 28, 0, 28, 0, 1, 0, 29, 0, 7, 0, 6, 0, 29, 0, 10, 0, 3, 0, 3, 0, 29, 0, 5, 0, 29, 0, 30, 0, 2, 0, 18, 0, 30, 0, 20, 0, 30, 0, 17, 0, 30, 0, 12, 0, 30, 0, 21, 0, 30, 0, 21, 0, 2, 0, 31, 0, 3, 0, 11, 0, 31, 0, 13, 0, 31, 0, 4, 0, 31, 0, 32, 0, 14, 0, 22, 0, 32, 0, 0, 0, 32, 0, 2, 0, 32, 0, 21, 0, 32, 0, 33, 0, 1, 0, 28, 0, 33, 0, 16, 0, 33, 0, 8, 0, 33, 0, 25, 0, 33, 0, 23, 0, 33, 0, 0, 0, 0, 0, 112, 18, 3, 188, 73, 68, 147, 188, 188, 116, 147, 188, 172, 250, 92, 61, 73, 68, 147, 60, 188, 116, 147, 60, 40, 234, 61, 56, 44, 45, 210, 49, 49, 130, 9, 46, 30, 210, 83, 173, 49, 130, 9, 46, 77, 105, 31, 51, 7, 178, 63, 172, 30, 210, 83, 173, 7, 178, 63, 172, 67, 27, 30, 51, 150, 171, 186, 60, 112, 82, 166, 183, 48, 133, 255, 55, 0, 0, 128, 63, 73, 67, 69, 1, 83, 85, 80, 77, 0, 0, 0, 0, 73, 67, 69, 1, 71, 65, 85, 83, 0, 0, 0, 0, 16, 0, 0, 0, 0, 6, 0, 0, 26, 26, 26, 26, 26, 24, 24, 24, 24, 24, 24, 23, 23, 23, 23, 23, 26, 26, 26, 26, 26, 24, 24, 24, 24, 24, 24, 23, 23, 23, 23, 23, 26, 26, 26, 26, 26, 24, 24, 24, 24, 24, 24, 23, 23, 23, 23, 23, 26, 26, 26, 26, 26, 24, 24, 24, 24, 24, 24, 23, 23, 23, 23, 23, 26, 26, 26, 26, 26, 26, 24, 24, 24, 24, 23, 23, 23, 23, 23, 23, 26, 26, 26, 26, 26, 26, 24, 24, 24, 24, 23, 23, 23, 23, 23, 23, 26, 26, 26, 26, 26, 26, 24, 24, 24, 24, 23, 23, 23, 23, 23, 23, 26, 26, 26, 26, 26, 26, 24, 24, 24, 24, 23, 23, 23, 23, 23, 23, 19, 19, 19, 19, 19, 20, 20, 20, 20, 20, 20, 18, 18, 18, 18, 18, 19, 19, 19, 19, 19, 20, 20, 20, 20, 20, 20, 18, 18, 18, 18, 18, 19, 19, 19, 19, 19, 20, 20, 20, 20, 20, 20, 18, 18, 18, 18, 18, 19, 19, 19, 19, 19, 20, 20, 20, 20, 20, 20, 18, 18, 18, 18, 18, 19, 19, 19, 19, 19, 20, 20, 20, 20, 20, 20, 18, 18, 18, 18, 18, 19, 19, 19, 19, 19, 20, 20, 20, 20, 20, 20, 18, 18, 18, 18, 18, 19, 19, 19, 19, 19, 20, 20, 20, 20, 20, 20, 18, 18, 18, 18, 18, 19, 19, 19, 19, 19, 20, 20, 20, 20, 20, 20, 18, 18, 18, 18, 18, 6, 6, 6, 6, 6, 6, 6, 6, 15, 15, 15, 15, 15, 15, 15, 15, 6, 6, 6, 6, 6, 6, 6, 6, 15, 15, 15, 15, 15, 15, 15, 9, 10, 10, 10, 6, 6, 6, 6, 6, 15, 15, 9, 9, 9, 9, 9, 9, 10, 10, 10, 10, 10, 10, 10, 10, 9, 9, 9, 9, 9, 9, 9, 9, 10, 10, 10, 10, 10, 10, 10, 10, 9, 9, 9, 9, 9, 9, 9, 9, 10, 10, 10, 10, 10, 10, 10, 10, 9, 9, 9, 9, 9, 9, 9, 9, 10, 10, 10, 10, 10, 10, 10, 10, 9, 9, 9, 9, 9, 9, 9, 9, 10, 10, 10, 10, 10, 10, 10, 10, 9, 9, 9, 9, 9, 9, 9, 9, 10, 10, 10, 10, 10, 10, 10, 10, 9, 9, 9, 9, 9, 9, 9, 9, 10, 10, 10, 10, 10, 10, 10, 10, 9, 9, 9, 9, 9, 9, 9, 9, 10, 10, 10, 10, 10, 10, 10, 10, 22, 22, 22, 22, 22, 22, 9, 9, 10, 10, 10, 10, 10, 10, 10, 10, 22, 22, 22, 22, 22, 22, 22, 22, 10, 10, 10, 10, 10, 10, 10, 10, 22, 22, 22, 22, 22, 22, 22, 22, 10, 10, 10, 11, 11, 11, 11, 11, 22, 22, 22, 22, 22, 22, 22, 22, 11, 11, 11, 11, 11, 11, 11, 11, 22, 22, 22, 22, 22, 22, 22, 22, 11, 11, 11, 11, 11, 11, 11, 11, 22, 22, 22, 22, 22, 22, 22, 22, 11, 11, 11, 11, 11, 11, 11, 13, 4, 4, 4, 4, 4, 19, 19, 19, 11, 11, 11, 11, 11, 11, 11, 13, 4, 4, 4, 4, 19, 19, 19, 19, 11, 11, 11, 11, 11, 11, 11, 13, 4, 4, 4, 4, 19, 19, 19, 19, 11, 11, 11, 11, 11, 11, 13, 13, 4, 4, 4, 19, 19, 19, 19, 19, 11, 11, 11, 11, 11, 11, 13, 13, 17, 4, 4, 19, 19, 19, 19, 19, 11, 11, 11, 11, 11, 11, 13, 12, 17, 4, 19, 19, 19, 19, 19, 20, 11, 11, 11, 11, 11, 12, 12, 12, 17, 17, 19, 19, 20, 20, 20, 20, 11, 11, 11, 11, 12, 12, 12, 12, 17, 17, 20, 20, 20, 20, 20, 20, 22, 22, 22, 14, 12, 12, 12, 12, 30, 30, 20, 20, 20, 20, 20, 20, 22, 22, 22, 14, 14, 12, 12, 12, 30, 30, 18, 18, 20, 20, 20, 20, 22, 22, 22, 22, 14, 14, 21, 21, 30, 30, 18, 18, 18, 18, 18, 20, 22, 22, 22, 22, 14, 14, 21, 21, 30, 2, 2, 18, 18, 18, 18, 18, 22, 22, 22, 22, 14, 14, 21, 21, 2, 2, 2, 18, 18, 18, 18, 18, 22, 22, 22, 22, 14, 14, 14, 21, 2, 2, 2, 2, 18, 18, 18, 18, 22, 22, 22, 22, 22, 14, 14, 21, 2, 2, 2, 2, 18, 18, 18, 18, 22, 22, 22, 22, 22, 14, 14, 14, 2, 2, 2, 2, 2, 18, 18, 18, 6, 6, 6, 6, 6, 6, 6, 7, 5, 5, 5, 5, 5, 5, 26, 26, 6, 6, 6, 6, 6, 6, 6, 7, 5, 5, 5, 5, 5, 26, 26, 26, 6, 6, 6, 6, 6, 6, 6, 7, 27, 5, 5, 5, 26, 26, 26, 26, 6, 6, 6, 6, 6, 6, 7, 7, 27, 5, 5, 5, 26, 26, 26, 26, 6, 6, 6, 6, 6, 6, 7, 7, 27, 5, 5, 26, 26, 26, 26, 26, 6, 6, 6, 6, 6, 6, 8, 8, 27, 27, 26, 26, 26, 26, 26, 24, 6, 6, 6, 6, 6, 8, 8, 8, 27, 27, 26, 24, 24, 24, 24, 24, 6, 6, 6, 6, 8, 8, 8, 8, 25, 25, 24, 24, 24, 24, 24, 24, 15, 15, 15, 15, 8, 8, 8, 8, 25, 25, 24, 24, 24, 24, 24, 24, 15, 15, 15, 15, 15, 8, 8, 8, 25, 25, 23, 24, 24, 24, 24, 24, 15, 15, 15, 15, 15, 15, 16, 16, 33, 33, 23, 23, 23, 23, 23, 24, 15, 15, 15, 15, 15, 15, 16, 16, 33, 1, 1, 23, 23, 23, 23, 23, 15, 15, 15, 15, 15, 15, 16, 16, 33, 1, 1, 1, 23, 23, 23, 23, 15, 15, 15, 15, 15, 15, 15, 16, 33, 1, 1, 1, 23, 23, 23, 23, 15, 15, 15, 15, 15, 15, 15, 16, 33, 1, 1, 1, 1, 23, 23, 23, 15, 15, 15, 15, 15, 15, 15, 16, 33, 1, 1, 1, 1, 1, 23, 23, 15, 9, 9, 9, 9, 9, 9, 9, 9, 9, 9, 22, 22, 22, 22, 22, 15, 15, 9, 9, 9, 9, 9, 9, 9, 9, 22, 22, 22, 22, 22, 22, 15, 15, 15, 9, 9, 9, 9, 9, 9, 9, 22, 22, 22, 22, 22, 22, 15, 15, 15, 9, 9, 9, 9, 9, 9, 9, 22, 22, 22, 22, 22, 22, 15, 15, 15, 15, 9, 9, 9, 9, 9, 9, 22, 22, 22, 22, 22, 22, 15, 15, 15, 15, 15, 9, 9, 9, 9, 22, 22, 22, 22, 22, 14, 14, 15, 15, 15, 15, 15, 9, 9, 9, 9, 22, 22, 22, 22, 14, 14, 14, 16, 15, 15, 15, 15, 15, 9, 9, 9, 22, 22, 22, 14, 14, 14, 14, 33, 28, 28, 28, 28, 28, 0, 0, 0, 32, 32, 32, 32, 2, 2, 2, 1, 1, 1, 1, 1, 1, 0, 0, 0, 32, 2, 2, 2, 2, 2, 2, 1, 1, 1, 1, 1, 1, 1, 1, 2, 2, 2, 2, 2, 2, 2, 2, 1, 1, 1, 1, 1, 1, 1, 1, 2, 2, 2, 2, 2, 2, 2, 2, 1, 1, 1, 1, 1, 1, 1, 1, 18, 18, 2, 2, 2, 2, 2, 2, 1, 1, 1, 1, 1, 1, 1, 1, 18, 18, 18, 18, 18, 18, 18, 18, 23, 23, 23, 23, 23, 23, 23, 23, 18, 18, 18, 18, 18, 18, 18, 18, 23, 23, 23, 23, 23, 23, 23, 23, 18, 18, 18, 18, 18, 18, 18, 18, 6, 6, 10, 10, 10, 10, 10, 10, 10, 10, 10, 10, 10, 10, 11, 11, 6, 6, 6, 10, 10, 10, 10, 10, 10, 10, 10, 10, 10, 11, 11, 11, 6, 6, 6, 10, 10, 10, 10, 10, 10, 10, 10, 10, 10, 11, 11, 11, 6, 6, 6, 6, 10, 10, 10, 10, 10, 10, 10, 10, 11, 11, 11, 11, 6, 6, 6, 6, 10, 10, 10, 10, 10, 10, 10, 10, 11, 11, 11, 11, 6, 6, 6, 6, 6, 10, 10, 10, 10, 10, 10, 11, 11, 11, 11, 11, 6, 6, 6, 6, 6, 6, 10, 10, 10, 10, 11, 11, 11, 11, 11, 11, 7, 7, 6, 6, 6, 6, 10, 10, 10, 10, 11, 11, 11, 11, 11, 13, 5, 29, 29, 29, 29, 29, 3, 3, 3, 31, 31, 31, 31, 4, 4, 4, 5, 5, 5, 5, 5, 5, 3, 3, 3, 31, 4, 4, 4, 4, 4, 4, 5, 5, 5, 5, 5, 5, 5, 5, 4, 4, 4, 4, 4, 4, 4, 4, 5, 5, 5, 5, 5, 5, 5, 5, 4, 4, 4, 4, 4, 4, 4, 4, 5, 5, 5, 5, 5, 5, 5, 5, 19, 19, 4, 4, 4, 4, 4, 4, 5, 5, 5, 5, 5, 5, 5, 5, 19, 19, 19, 19, 19, 19, 19, 19, 26, 26, 26, 26, 26, 26, 26, 26, 19, 19, 19, 19, 19, 19, 19, 19, 26, 26, 26, 26, 26, 26, 26, 26, 19, 19, 19, 19, 19, 19, 19, 19, 22, 22, 22, 22, 22, 22, 22, 22, 11, 11, 11, 11, 11, 11, 11, 11, 22, 22, 22, 22, 22, 22, 22, 22, 11, 11, 11, 11, 11, 11, 11, 11, 22, 22, 22, 22, 22, 22, 22, 22, 11, 11, 11, 11, 11, 10, 10, 10, 22, 22, 22, 22, 22, 22, 22, 22, 10, 10, 10, 10, 10, 10, 10, 10, 22, 22, 22, 22, 22, 22, 22, 22, 10, 10, 10, 10, 10, 10, 10, 10, 9, 9, 22, 22, 22, 22, 22, 22, 10, 10, 10, 10, 10, 10, 10, 10, 9, 9, 9, 9, 9, 9, 9, 9, 10, 10, 10, 10, 10, 10, 10, 10, 9, 9, 9, 9, 9, 9, 9, 9, 10, 10, 10, 10, 10, 10, 10, 10, 9, 9, 9, 9, 9, 9, 9, 9, 10, 10, 10, 10, 10, 10, 10, 10, 9, 9, 9, 9, 9, 9, 9, 9, 10, 10, 10, 10, 10, 10, 10, 10, 9, 9, 9, 9, 9, 9, 9, 9, 10, 10, 10, 10, 10, 10, 10, 10, 9, 9, 9, 9, 9, 9, 9, 9, 10, 10, 10, 10, 10, 10, 10, 10, 9, 9, 9, 9, 9, 9, 9, 9, 10, 10, 10, 10, 10, 10, 10, 10, 9, 9, 9, 9, 9, 9, 15, 15, 6, 6, 6, 6, 6, 10, 10, 10, 9, 15, 15, 15, 15, 15, 15, 15, 6, 6, 6, 6, 6, 6, 6, 6, 15, 15, 15, 15, 15, 15, 15, 15, 6, 6, 6, 6, 6, 6, 6, 6, 18, 18, 18, 18, 18, 20, 20, 20, 20, 20, 20, 19, 19, 19, 19, 19, 18, 18, 18, 18, 18, 20, 20, 20, 20, 20, 20, 19, 19, 19, 19, 19, 18, 18, 18, 18, 18, 20, 20, 20, 20, 20, 20, 19, 19, 19, 19, 19, 18, 18, 18, 18, 18, 20, 20, 20, 20, 20, 20, 19, 19, 19, 19, 19, 18, 18, 18, 18, 18, 20, 20, 20, 20, 20, 20, 19, 19, 19, 19, 19, 18, 18, 18, 18, 18, 20, 20, 20, 20, 20, 20, 19, 19, 19, 19, 19, 18, 18, 18, 18, 18, 20, 20, 20, 20, 20, 20, 19, 19, 19, 19, 19, 18, 18, 18, 18, 18, 20, 20, 20, 20, 20, 20, 19, 19, 19, 19, 19, 23, 23, 23, 23, 23, 23, 24, 24, 24, 24, 26, 26, 26, 26, 26, 26, 23, 23, 23, 23, 23, 23, 24, 24, 24, 24, 26, 26, 26, 26, 26, 26, 23, 23, 23, 23, 23, 23, 24, 24, 24, 24, 26, 26, 26, 26, 26, 26, 23, 23, 23, 23, 23, 23, 24, 24, 24, 24, 26, 26, 26, 26, 26, 26, 23, 23, 23, 23, 23, 24, 24, 24, 24, 24, 24, 26, 26, 26, 26, 26, 23, 23, 23, 23, 23, 24, 24, 24, 24, 24, 24, 26, 26, 26, 26, 26, 23, 23, 23, 23, 23, 24, 24, 24, 24, 24, 24, 26, 26, 26, 26, 26, 23, 23, 23, 23, 23, 24, 24, 24, 24, 24, 24, 26, 26, 26, 26, 26, 23, 23, 1, 1, 1, 1, 1, 33, 16, 15, 15, 15, 15, 15, 15, 15, 23, 23, 23, 1, 1, 1, 1, 33, 16, 15, 15, 15, 15, 15, 15, 15, 23, 23, 23, 23, 1, 1, 1, 33, 16, 15, 15, 15, 15, 15, 15, 15, 23, 23, 23, 23, 1, 1, 1, 33, 16, 16, 15, 15, 15, 15, 15, 15, 23, 23, 23, 23, 23, 1, 1, 33, 16, 16, 15, 15, 15, 15, 15, 15, 24, 23, 23, 23, 23, 23, 33, 33, 16, 16, 15, 15, 15, 15, 15, 15, 24, 24, 24, 24, 24, 23, 25, 25, 8, 8, 8, 15, 15, 15, 15, 15, 24, 24, 24, 24, 24, 24, 25, 25, 8, 8, 8, 8, 15, 15, 15, 15, 24, 24, 24, 24, 24, 24, 25, 25, 8, 8, 8, 8, 6, 6, 6, 6, 24, 24, 24, 24, 24, 26, 27, 27, 8, 8, 8, 6, 6, 6, 6, 6, 24, 26, 26, 26, 26, 26, 27, 27, 8, 8, 6, 6, 6, 6, 6, 6, 26, 26, 26, 26, 26, 5, 5, 27, 7, 7, 6, 6, 6, 6, 6, 6, 26, 26, 26, 26, 5, 5, 5, 27, 7, 7, 6, 6, 6, 6, 6, 6, 26, 26, 26, 26, 5, 5, 5, 27, 7, 6, 6, 6, 6, 6, 6, 6, 26, 26, 26, 5, 5, 5, 5, 5, 7, 6, 6, 6, 6, 6, 6, 6, 26, 26, 5, 5, 5, 5, 5, 5, 7, 6, 6, 6, 6, 6, 6, 6, 18, 18, 18, 2, 2, 2, 2, 2, 14, 14, 14, 22, 22, 22, 22, 22, 18, 18, 18, 18, 2, 2, 2, 2, 21, 14, 14, 22, 22, 22, 22, 22, 18, 18, 18, 18, 2, 2, 2, 2, 21, 14, 14, 14, 22, 22, 22, 22, 18, 18, 18, 18, 18, 2, 2, 2, 21, 21, 14, 14, 22, 22, 22, 22, 18, 18, 18, 18, 18, 2, 2, 30, 21, 21, 14, 14, 22, 22, 22, 22, 20, 18, 18, 18, 18, 18, 30, 30, 21, 21, 14, 14, 22, 22, 22, 22, 20, 20, 20, 20, 18, 18, 30, 30, 12, 12, 12, 14, 14, 22, 22, 22, 20, 20, 20, 20, 20, 20, 30, 30, 12, 12, 12, 12, 14, 22, 22, 22, 20, 20, 20, 20, 20, 20, 17, 17, 12, 12, 12, 12, 11, 11, 11, 11, 20, 20, 20, 20, 19, 19, 17, 17, 12, 12, 12, 11, 11, 11, 11, 11, 20, 19, 19, 19, 19, 19, 4, 17, 12, 13, 11, 11, 11, 11, 11, 11, 19, 19, 19, 19, 19, 4, 4, 17, 13, 13, 11, 11, 11, 11, 11, 11, 19, 19, 19, 19, 19, 4, 4, 4, 13, 13, 11, 11, 11, 11, 11, 11, 19, 19, 19, 19, 4, 4, 4, 4, 13, 11, 11, 11, 11, 11, 11, 11, 19, 19, 19, 19, 4, 4, 4, 4, 13, 11, 11, 11, 11, 11, 11, 11, 19, 19, 19, 4, 4, 4, 4, 4, 13, 11, 11, 11, 11, 11, 11, 11, 19, 19, 19, 19, 19, 19, 19, 19, 26, 26, 26, 26, 26, 26, 26, 26, 19, 19, 19, 19, 19, 19, 19, 19, 26, 26, 26, 26, 26, 26, 26, 26, 19, 19, 19, 19, 19, 19, 19, 19, 5, 5, 5, 5, 5, 5, 5, 5, 4, 4, 4, 4, 4, 4, 19, 19, 5, 5, 5, 5, 5, 5, 5, 5, 4, 4, 4, 4, 4, 4, 4, 4, 5, 5, 5, 5, 5, 5, 5, 5, 4, 4, 4, 4, 4, 4, 4, 4, 5, 5, 5, 5, 5, 5, 5, 5, 4, 4, 4, 4, 4, 4, 31, 3, 3, 3, 5, 5, 5, 5, 5, 5, 4, 4, 4, 31, 31, 31, 31, 3, 3, 3, 29, 29, 29, 29, 29, 5, 13, 11, 11, 11, 11, 11, 10, 10, 10, 10, 6, 6, 6, 6, 7, 7, 11, 11, 11, 11, 11, 11, 10, 10, 10, 10, 6, 6, 6, 6, 6, 6, 11, 11, 11, 11, 11, 10, 10, 10, 10, 10, 10, 6, 6, 6, 6, 6, 11, 11, 11, 11, 10, 10, 10, 10, 10, 10, 10, 10, 6, 6, 6, 6, 11, 11, 11, 11, 10, 10, 10, 10, 10, 10, 10, 10, 6, 6, 6, 6, 11, 11, 11, 10, 10, 10, 10, 10, 10, 10, 10, 10, 10, 6, 6, 6, 11, 11, 11, 10, 10, 10, 10, 10, 10, 10, 10, 10, 10, 6, 6, 6, 11, 11, 10, 10, 10, 10, 10, 10, 10, 10, 10, 10, 10, 10, 6, 6, 18, 18, 18, 18, 18, 18, 18, 18, 23, 23, 23, 23, 23, 23, 23, 23, 18, 18, 18, 18, 18, 18, 18, 18, 23, 23, 23, 23, 23, 23, 23, 23, 18, 18, 18, 18, 18, 18, 18, 18, 1, 1, 1, 1, 1, 1, 1, 1, 2, 2, 2, 2, 2, 2, 18, 18, 1, 1, 1, 1, 1, 1, 1, 1, 2, 2, 2, 2, 2, 2, 2, 2, 1, 1, 1, 1, 1, 1, 1, 1, 2, 2, 2, 2, 2, 2, 2, 2, 1, 1, 1, 1, 1, 1, 1, 1, 2, 2, 2, 2, 2, 2, 32, 0, 0, 0, 1, 1, 1, 1, 1, 1, 2, 2, 2, 32, 32, 32, 32, 0, 0, 0, 28, 28, 28, 28, 28, 33, 14, 14, 14, 14, 22, 22, 22, 9, 9, 9, 15, 15, 15, 15, 15, 16, 14, 14, 14, 22, 22, 22, 22, 9, 9, 9, 9, 15, 15, 15, 15, 15, 14, 14, 22, 22, 22, 22, 22, 9, 9, 9, 9, 15, 15, 15, 15, 15, 22, 22, 22, 22, 22, 22, 9, 9, 9, 9, 9, 9, 15, 15, 15, 15, 22, 22, 22, 22, 22, 22, 9, 9, 9, 9, 9, 9, 9, 15, 15, 15, 22, 22, 22, 22, 22, 22, 9, 9, 9, 9, 9, 9, 9, 15, 15, 15, 22, 22, 22, 22, 22, 22, 9, 9, 9, 9, 9, 9, 9, 9, 15, 15, 22, 22, 22, 22, 22, 9, 9, 9, 9, 9, 9, 9, 9, 9, 9, 15, 73, 67, 69, 1, 86, 65, 76, 69, 2, 0, 0, 0, 34, 0, 0, 0, 186, 0, 0, 0, 7, 0, 0, 0, 6, 6, 6, 5, 6, 7, 6, 5, 7, 5, 5, 6, 6, 5, 5, 5, 4, 6, 5, 5, 7, 5, 6, 6, 4, 6, 6, 5, 5, 4, 6, 4, 5, 6, 9, 22, 32, 2, 1, 28, 2, 18, 23, 33, 28, 0, 0, 32, 21, 30, 18, 1, 4, 31, 10, 29, 5, 5, 19, 17, 13, 31, 3, 3, 29, 7, 27, 26, 19, 4, 7, 29, 10, 9, 15, 8, 8, 27, 5, 29, 6, 6, 15, 16, 33, 25, 27, 7, 15, 6, 10, 22, 0, 6, 3, 11, 22, 9, 12, 14, 22, 10, 31, 13, 13, 17, 30, 21, 14, 11, 11, 31, 4, 17, 12, 12, 21, 32, 22, 11, 28, 16, 8, 6, 9, 15, 28, 33, 8, 4, 19, 20, 30, 12, 13, 2, 30, 20, 23, 1, 5, 26, 20, 17, 4, 19, 26, 24, 23, 18, 30, 17, 12, 30, 2, 32, 14, 14, 32, 0, 9, 10, 11, 24, 25, 33, 1, 18, 20, 20, 26, 25, 23, 24, 26, 27, 8, 33, 23, 5, 27, 25, 24, 20, 19, 25, 26, 5, 7, 8, 0, 1, 33, 16, 15, 7, 5, 3, 6, 2, 21, 12, 17, 20, 18, 3, 4, 13, 11, 14, 21, 2, 0, 22, 1, 23, 25, 8, 16, 28, 0, 0, 128, 191, 51, 118, 139, 60, 244, 217, 170, 60, 90, 9, 33, 60, 90, 9, 33, 60]
            }
        }

        over "Link7_cover"
        {
            over "collisions" (
                prepend apiSchemas = ["PhysxCookedDataAPI:convexHull"]
            )
            {
                uchar[] physxCookedData:convexHull:buffer = [9, 214, 22, 126, 76, 122, 252, 70, 147, 168, 61, 60, 9, 63, 145, 72, 91, 78, 88, 83, 1, 67, 86, 88, 77, 14, 0, 0, 0, 0, 0, 0, 0, 73, 67, 69, 1, 67, 76, 72, 76, 9, 0, 0, 0, 34, 0, 0, 0, 85, 128, 0, 0, 53, 0, 0, 0, 170, 0, 0, 0, 3, 120, 11, 61, 43, 166, 121, 188, 90, 245, 57, 188, 202, 236, 184, 60, 182, 240, 13, 187, 41, 162, 154, 188, 3, 120, 11, 61, 43, 166, 121, 60, 90, 245, 57, 188, 3, 120, 11, 61, 43, 166, 121, 188, 90, 245, 57, 60, 3, 120, 11, 61, 43, 166, 121, 60, 90, 245, 57, 60, 166, 85, 185, 60, 182, 240, 13, 59, 41, 162, 154, 60, 254, 42, 58, 187, 152, 15, 245, 187, 93, 21, 143, 188, 15, 159, 148, 60, 163, 149, 155, 188, 235, 58, 14, 58, 16, 58, 15, 187, 44, 44, 252, 187, 29, 79, 142, 60, 16, 58, 15, 187, 44, 44, 252, 59, 29, 79, 142, 60, 15, 159, 148, 60, 163, 149, 155, 60, 235, 58, 14, 186, 148, 95, 58, 187, 154, 5, 245, 59, 110, 22, 143, 188, 112, 178, 130, 60, 4, 169, 137, 188, 140, 69, 17, 188, 112, 178, 130, 60, 4, 169, 137, 60, 140, 69, 17, 60, 3, 120, 11, 61, 80, 16, 154, 60, 74, 53, 49, 59, 209, 166, 124, 60, 253, 73, 133, 60, 161, 192, 32, 188, 209, 166, 124, 60, 253, 73, 133, 188, 161, 192, 32, 60, 3, 120, 11, 61, 211, 136, 150, 188, 57, 70, 158, 59, 247, 47, 196, 60, 65, 91, 242, 59, 253, 94, 143, 188, 209, 152, 196, 60, 65, 91, 242, 187, 253, 94, 143, 60, 3, 120, 11, 61, 67, 140, 152, 188, 28, 72, 119, 187, 163, 149, 2, 188, 12, 180, 52, 58, 168, 139, 155, 60, 111, 18, 3, 188, 147, 129, 44, 163, 227, 165, 155, 188, 217, 196, 215, 187, 141, 223, 148, 187, 250, 33, 151, 188, 181, 198, 215, 187, 219, 220, 148, 187, 36, 34, 151, 60, 181, 198, 215, 187, 219, 220, 148, 59, 36, 34, 151, 188, 54, 179, 205, 187, 144, 128, 162, 59, 175, 64, 150, 60, 3, 120, 11, 61, 67, 140, 152, 60, 28, 72, 119, 187, 77, 7, 204, 60, 18, 19, 25, 188, 167, 135, 135, 188, 41, 112, 204, 60, 18, 19, 25, 60, 167, 135, 135, 60, 89, 80, 81, 60, 130, 61, 95, 188, 49, 244, 88, 188, 89, 80, 81, 60, 130, 61, 95, 60, 49, 244, 88, 60, 53, 60, 61, 60, 95, 41, 75, 60, 128, 220, 107, 188, 107, 144, 68, 60, 148, 125, 82, 188, 54, 88, 101, 60, 0, 0, 128, 63, 0, 0, 0, 0, 0, 0, 0, 0, 3, 120, 11, 189, 0, 0, 8, 22, 209, 99, 12, 63, 0, 0, 0, 0, 88, 18, 86, 191, 62, 184, 230, 188, 8, 0, 3, 21, 147, 209, 12, 63, 0, 0, 0, 0, 53, 202, 85, 63, 160, 21, 231, 188, 11, 0, 3, 22, 91, 134, 247, 190, 253, 23, 96, 191, 131, 130, 110, 59, 215, 183, 0, 188, 14, 0, 3, 14, 252, 113, 247, 190, 158, 29, 96, 63, 234, 42, 111, 59, 234, 185, 0, 188, 17, 0, 3, 20, 53, 61, 203, 190, 30, 249, 104, 191, 16, 92, 244, 189, 213, 32, 36, 188, 20, 0, 3, 14, 24, 59, 205, 190, 21, 148, 104, 63, 210, 197, 241, 61, 226, 128, 34, 188, 23, 0, 3, 20, 141, 149, 226, 60, 9, 138, 108, 63, 161, 75, 195, 62, 50, 132, 158, 188, 26, 0, 3, 12, 20, 120, 8, 189, 154, 163, 121, 63, 70, 69, 96, 62, 35, 203, 145, 188, 29, 0, 3, 20, 24, 59, 191, 190, 10, 249, 105, 63, 89, 128, 34, 190, 63, 201, 46, 188, 32, 0, 3, 17, 120, 108, 19, 189, 148, 48, 118, 191, 40, 42, 139, 62, 51, 123, 145, 188, 35, 0, 3, 27, 43, 238, 103, 60, 218, 164, 102, 191, 17, 12, 222, 62, 194, 187, 156, 188, 38, 0, 3, 15, 82, 6, 193, 190, 93, 170, 105, 191, 71, 22, 33, 62, 223, 91, 45, 188, 41, 0, 3, 27, 168, 186, 249, 62, 98, 215, 97, 61, 136, 9, 95, 191, 40, 241, 223, 188, 44, 0, 3, 21, 111, 204, 250, 62, 70, 240, 95, 189, 154, 190, 94, 63, 64, 92, 224, 188, 47, 0, 3, 22, 187, 39, 254, 60, 188, 197, 127, 191, 221, 209, 233, 60, 27, 47, 160, 188, 50, 0, 3, 10, 14, 126, 21, 189, 215, 166, 121, 191, 117, 134, 95, 190, 247, 84, 145, 188, 53, 0, 3, 14, 252, 31, 189, 60, 112, 174, 105, 191, 214, 191, 208, 190, 106, 74, 158, 188, 56, 0, 3, 13, 174, 24, 118, 191, 128, 0, 141, 190, 35, 109, 188, 59, 49, 108, 248, 187, 59, 0, 4, 14, 50, 73, 25, 191, 3, 9, 77, 191, 189, 167, 98, 54, 19, 110, 248, 187, 63, 0, 4, 14, 255, 93, 126, 186, 80, 40, 166, 190, 240, 36, 114, 63, 80, 21, 155, 188, 67, 0, 3, 18, 154, 38, 31, 60, 55, 131, 1, 190, 153, 238, 125, 63, 202, 240, 152, 188, 70, 0, 4, 25, 241, 25, 151, 187, 92, 140, 249, 189, 245, 22, 126, 191, 234, 201, 154, 188, 74, 0, 3, 5, 205, 78, 136, 185, 203, 166, 162, 62, 33, 189, 114, 191, 29, 36, 155, 188, 77, 0, 3, 19, 108, 193, 91, 60, 120, 218, 7, 62, 189, 182, 125, 191, 5, 97, 153, 188, 80, 0, 4, 24, 189, 95, 116, 191, 83, 134, 152, 62, 172, 162, 152, 187, 152, 35, 253, 187, 84, 0, 3, 20, 44, 22, 14, 191, 236, 241, 84, 63, 238, 245, 172, 59, 97, 131, 252, 187, 87, 0, 3, 20, 86, 215, 29, 191, 16, 140, 73, 63, 35, 6, 118, 187, 50, 130, 252, 187, 90, 0, 3, 20, 86, 238, 109, 191, 12, 239, 188, 62, 247, 124, 107, 59, 89, 78, 253, 187, 93, 0, 3, 20, 252, 246, 113, 187, 65, 171, 26, 62, 168, 15, 125, 63, 153, 218, 154, 188, 96, 0, 3, 1, 151, 241, 138, 60, 199, 181, 105, 63, 101, 198, 208, 190, 196, 153, 156, 188, 99, 0, 3, 16, 64, 8, 7, 189, 238, 39, 118, 63, 130, 153, 139, 190, 3, 234, 145, 188, 102, 0, 3, 17, 33, 72, 143, 60, 64, 219, 127, 63, 169, 228, 233, 188, 63, 57, 158, 188, 105, 0, 3, 7, 200, 121, 51, 60, 243, 105, 156, 190, 209, 190, 115, 191, 93, 173, 154, 188, 108, 0, 4, 26, 251, 200, 208, 62, 98, 113, 35, 190, 42, 38, 102, 191, 128, 66, 217, 188, 112, 0, 3, 21, 14, 175, 72, 60, 90, 27, 158, 62, 215, 119, 115, 63, 18, 208, 154, 188, 115, 0, 4, 23, 175, 6, 210, 62, 76, 85, 34, 62, 111, 234, 101, 63, 67, 183, 217, 188, 119, 0, 3, 22, 170, 194, 30, 188, 203, 243, 79, 191, 173, 72, 21, 191, 233, 233, 152, 188, 122, 0, 3, 4, 105, 80, 87, 190, 118, 115, 91, 191, 223, 169, 240, 190, 178, 85, 121, 188, 125, 0, 3, 4, 158, 213, 78, 188, 156, 130, 22, 191, 94, 14, 79, 191, 141, 10, 152, 188, 128, 0, 3, 29, 192, 79, 157, 60, 84, 226, 36, 191, 150, 196, 67, 191, 46, 219, 156, 188, 131, 0, 3, 31, 170, 194, 30, 188, 203, 243, 79, 63, 173, 72, 21, 63, 233, 233, 152, 188, 134, 0, 3, 0, 5, 250, 86, 190, 25, 113, 91, 63, 211, 197, 240, 62, 36, 113, 121, 188, 137, 0, 3, 0, 133, 233, 55, 188, 3, 36, 23, 63, 5, 154, 78, 63, 28, 69, 152, 188, 140, 0, 3, 28, 171, 45, 157, 60, 105, 233, 36, 63, 164, 190, 67, 63, 80, 219, 156, 188, 143, 0, 3, 30, 3, 40, 37, 190, 128, 38, 81, 63, 212, 186, 13, 191, 72, 5, 133, 188, 146, 0, 3, 3, 123, 210, 39, 188, 9, 174, 68, 63, 25, 217, 35, 191, 127, 141, 152, 188, 149, 0, 3, 3, 233, 246, 15, 61, 211, 162, 22, 63, 77, 203, 78, 191, 115, 92, 158, 188, 152, 0, 3, 8, 142, 246, 4, 58, 2, 58, 7, 63, 189, 94, 89, 191, 79, 215, 153, 188, 155, 0, 3, 8, 21, 106, 49, 190, 234, 189, 83, 191, 107, 223, 8, 63, 45, 85, 131, 188, 158, 0, 3, 2, 39, 247, 15, 188, 38, 18, 71, 191, 170, 240, 32, 63, 142, 17, 153, 188, 161, 0, 3, 2, 103, 121, 6, 61, 24, 43, 23, 191, 43, 110, 78, 63, 158, 215, 157, 188, 164, 0, 3, 11, 89, 122, 7, 59, 46, 58, 11, 191, 55, 212, 86, 63, 244, 171, 153, 188, 167, 0, 3, 32, 27, 14, 4, 3, 17, 20, 0, 2, 0, 1, 2, 3, 4, 5, 6, 7, 8, 9, 10, 11, 12, 7, 6, 13, 10, 9, 13, 4, 14, 13, 14, 10, 15, 11, 10, 16, 7, 17, 16, 17, 3, 16, 8, 7, 18, 2, 1, 19, 3, 5, 20, 17, 7, 20, 7, 12, 20, 12, 0, 21, 22, 23, 24, 24, 23, 6, 8, 24, 8, 19, 19, 5, 21, 24, 23, 22, 1, 25, 11, 18, 18, 1, 22, 25, 25, 22, 21, 26, 9, 11, 26, 11, 25, 26, 25, 21, 26, 21, 5, 27, 2, 15, 27, 15, 10, 27, 10, 14, 28, 6, 23, 1, 28, 1, 0, 29, 9, 26, 5, 29, 5, 4, 30, 0, 12, 30, 12, 6, 30, 6, 28, 30, 28, 0, 31, 4, 13, 31, 13, 9, 31, 9, 29, 31, 29, 4, 32, 11, 15, 32, 15, 2, 32, 2, 18, 32, 18, 11, 33, 8, 16, 33, 16, 3, 33, 3, 19, 33, 19, 8, 0, 32, 0, 7, 0, 2, 0, 11, 0, 15, 0, 17, 0, 1, 0, 30, 1, 34, 1, 13, 2, 36, 2, 14, 3, 5, 3, 12, 3, 19, 4, 6, 4, 9, 4, 26, 5, 16, 5, 38, 6, 8, 6, 42, 7, 41, 7, 8, 8, 32, 9, 45, 9, 31, 10, 12, 10, 15, 10, 11, 11, 50, 12, 49, 13, 47, 13, 24, 14, 51, 14, 21, 15, 16, 16, 17, 17, 37, 18, 25, 18, 22, 18, 19, 18, 21, 19, 33, 19, 20, 20, 52, 20, 21, 21, 29, 22, 24, 22, 33, 23, 27, 23, 48, 23, 24, 24, 25, 25, 28, 26, 35, 26, 27, 27, 28, 28, 29, 29, 35, 30, 46, 30, 31, 31, 32, 33, 39, 33, 34, 34, 40, 35, 43, 35, 36, 36, 44, 37, 40, 37, 38, 38, 39, 39, 40, 41, 44, 41, 42, 42, 43, 43, 44, 45, 48, 45, 46, 46, 47, 47, 48, 49, 52, 49, 50, 50, 51, 51, 52, 0, 1, 17, 1, 13, 22, 0, 1, 13, 0, 2, 11, 0, 2, 7, 2, 14, 21, 3, 5, 19, 3, 5, 10, 3, 12, 19, 4, 6, 26, 4, 6, 8, 4, 9, 23, 5, 16, 17, 6, 7, 8, 0, 7, 8, 9, 30, 31, 10, 11, 12, 0, 10, 11, 13, 23, 24, 14, 20, 21, 0, 15, 16, 18, 21, 25, 18, 22, 24, 18, 19, 22, 18, 19, 20, 23, 24, 25, 26, 27, 28, 0, 30, 31, 33, 34, 39, 35, 36, 43, 37, 38, 39, 41, 42, 43, 45, 46, 47, 49, 50, 51, 27, 0, 14, 0, 14, 0, 4, 0, 4, 0, 3, 0, 3, 0, 17, 0, 17, 0, 20, 0, 20, 0, 0, 0, 0, 0, 2, 0, 2, 0, 27, 0, 0, 0, 1, 0, 1, 0, 2, 0, 4, 0, 5, 0, 5, 0, 3, 0, 6, 0, 7, 0, 7, 0, 8, 0, 8, 0, 6, 0, 9, 0, 10, 0, 10, 0, 11, 0, 11, 0, 9, 0, 12, 0, 7, 0, 6, 0, 12, 0, 13, 0, 10, 0, 9, 0, 13, 0, 13, 0, 4, 0, 14, 0, 13, 0, 14, 0, 10, 0, 15, 0, 11, 0, 10, 0, 15, 0, 16, 0, 7, 0, 7, 0, 17, 0, 17, 0, 16, 0, 3, 0, 16, 0, 16, 0, 8, 0, 18, 0, 2, 0, 1, 0, 18, 0, 19, 0, 3, 0, 5, 0, 19, 0, 7, 0, 20, 0, 12, 0, 20, 0, 12, 0, 0, 0, 21, 0, 22, 0, 22, 0, 23, 0, 23, 0, 24, 0, 24, 0, 21, 0, 23, 0, 6, 0, 8, 0, 24, 0, 8, 0, 19, 0, 19, 0, 24, 0, 5, 0, 21, 0, 22, 0, 1, 0, 1, 0, 23, 0, 25, 0, 11, 0, 11, 0, 18, 0, 18, 0, 25, 0, 22, 0, 25, 0, 21, 0, 25, 0, 26, 0, 9, 0, 11, 0, 26, 0, 25, 0, 26, 0, 21, 0, 26, 0, 5, 0, 26, 0, 2, 0, 15, 0, 15, 0, 27, 0, 10, 0, 27, 0, 28, 0, 6, 0, 1, 0, 28, 0, 0, 0, 28, 0, 29, 0, 9, 0, 5, 0, 29, 0, 4, 0, 29, 0, 30, 0, 0, 0, 12, 0, 30, 0, 6, 0, 30, 0, 28, 0, 30, 0, 31, 0, 4, 0, 13, 0, 31, 0, 9, 0, 31, 0, 29, 0, 31, 0, 32, 0, 11, 0, 15, 0, 32, 0, 2, 0, 32, 0, 18, 0, 32, 0, 33, 0, 8, 0, 16, 0, 33, 0, 3, 0, 33, 0, 19, 0, 33, 0, 0, 0, 0, 0, 112, 18, 3, 188, 163, 149, 155, 188, 228, 165, 155, 188, 3, 120, 11, 61, 163, 149, 155, 60, 168, 139, 155, 60, 200, 122, 24, 56, 233, 45, 198, 49, 249, 185, 71, 44, 42, 187, 14, 171, 249, 185, 71, 44, 150, 205, 139, 50, 207, 227, 210, 172, 42, 187, 14, 171, 207, 227, 210, 172, 93, 59, 134, 50, 3, 43, 127, 60, 0, 19, 68, 52, 251, 128, 40, 183, 0, 0, 128, 63, 73, 67, 69, 1, 83, 85, 80, 77, 0, 0, 0, 0, 73, 67, 69, 1, 71, 65, 85, 83, 0, 0, 0, 0, 16, 0, 0, 0, 0, 6, 0, 0, 0, 0, 0, 0, 0, 20, 20, 20, 17, 17, 17, 17, 3, 3, 3, 3, 0, 0, 0, 0, 0, 20, 20, 20, 17, 17, 17, 3, 3, 3, 3, 3, 0, 0, 0, 0, 0, 0, 20, 20, 17, 17, 17, 3, 3, 3, 3, 3, 0, 0, 0, 0, 0, 0, 20, 20, 17, 17, 3, 3, 3, 3, 3, 3, 0, 0, 0, 0, 0, 0, 20, 20, 17, 17, 3, 3, 3, 3, 3, 3, 0, 0, 0, 0, 0, 0, 0, 20, 17, 3, 3, 3, 3, 3, 3, 3, 0, 0, 0, 0, 0, 0, 0, 20, 17, 3, 3, 3, 3, 3, 3, 3, 0, 0, 0, 0, 0, 0, 0, 0, 3, 3, 3, 3, 3, 3, 3, 3, 2, 2, 2, 2, 2, 2, 2, 2, 4, 4, 4, 4, 4, 4, 4, 4, 2, 2, 2, 2, 2, 2, 2, 27, 14, 4, 4, 4, 4, 4, 4, 4, 2, 2, 2, 2, 2, 2, 2, 27, 14, 4, 4, 4, 4, 4, 4, 4, 2, 2, 2, 2, 2, 2, 27, 27, 14, 4, 4, 4, 4, 4, 4, 4, 2, 2, 2, 2, 2, 2, 27, 27, 14, 14, 4, 4, 4, 4, 4, 4, 2, 2, 2, 2, 2, 2, 27, 27, 14, 14, 4, 4, 4, 4, 4, 4, 2, 2, 2, 2, 2, 27, 27, 27, 14, 14, 14, 4, 4, 4, 4, 4, 2, 2, 2, 2, 2, 27, 27, 27, 14, 14, 14, 4, 4, 4, 4, 4, 23, 23, 23, 23, 23, 23, 23, 23, 24, 24, 24, 24, 24, 24, 24, 24, 23, 23, 23, 23, 23, 23, 23, 23, 24, 24, 24, 24, 24, 24, 24, 24, 23, 23, 23, 23, 23, 23, 23, 23, 24, 24, 24, 24, 24, 24, 24, 24, 23, 23, 23, 23, 23, 23, 23, 23, 24, 24, 24, 24, 24, 24, 24, 24, 23, 23, 23, 23, 23, 23, 23, 23, 24, 24, 24, 24, 24, 24, 24, 24, 22, 22, 22, 22, 22, 22, 22, 23, 24, 24, 24, 24, 24, 21, 21, 21, 22, 22, 22, 22, 22, 22, 22, 22, 21, 21, 21, 21, 21, 21, 21, 21, 22, 22, 22, 22, 22, 22, 22, 22, 21, 21, 21, 21, 21, 21, 21, 21, 22, 22, 22, 22, 22, 22, 22, 22, 21, 21, 21, 21, 21, 21, 21, 21, 22, 22, 22, 22, 22, 22, 22, 22, 21, 21, 21, 21, 21, 21, 21, 21, 22, 22, 22, 22, 22, 22, 22, 25, 21, 21, 21, 21, 21, 21, 21, 21, 25, 25, 25, 25, 25, 25, 25, 25, 26, 26, 26, 21, 21, 21, 21, 21, 25, 25, 25, 25, 25, 25, 25, 25, 26, 26, 26, 26, 26, 26, 26, 26, 25, 25, 25, 25, 25, 25, 25, 25, 26, 26, 26, 26, 26, 26, 26, 26, 25, 25, 25, 25, 25, 25, 25, 25, 26, 26, 26, 26, 26, 26, 26, 26, 25, 25, 25, 25, 25, 25, 25, 25, 26, 26, 26, 26, 26, 26, 26, 26, 25, 25, 25, 25, 11, 11, 11, 32, 2, 2, 2, 2, 2, 2, 2, 2, 25, 25, 25, 25, 11, 11, 11, 32, 2, 2, 2, 2, 2, 2, 2, 2, 25, 25, 25, 25, 11, 11, 11, 15, 2, 2, 2, 2, 2, 2, 2, 2, 25, 25, 25, 11, 11, 11, 15, 15, 2, 2, 2, 2, 2, 2, 2, 2, 25, 25, 25, 11, 11, 11, 15, 15, 2, 2, 2, 2, 2, 2, 2, 2, 25, 25, 25, 11, 11, 15, 15, 15, 27, 27, 27, 27, 27, 27, 27, 27, 25, 25, 25, 11, 11, 15, 10, 10, 27, 27, 27, 27, 27, 27, 27, 27, 25, 25, 11, 11, 10, 10, 10, 10, 27, 27, 27, 27, 27, 27, 27, 27, 26, 26, 26, 9, 10, 10, 10, 10, 14, 14, 14, 14, 14, 14, 14, 14, 26, 26, 26, 9, 9, 13, 13, 10, 14, 14, 14, 14, 14, 14, 14, 14, 26, 26, 26, 26, 9, 13, 13, 13, 14, 14, 14, 14, 14, 14, 14, 14, 26, 26, 26, 26, 9, 9, 13, 13, 4, 4, 4, 4, 4, 4, 4, 4, 26, 26, 26, 26, 9, 9, 31, 13, 4, 4, 4, 4, 4, 4, 4, 4, 26, 26, 26, 26, 9, 9, 9, 31, 4, 4, 4, 4, 4, 4, 4, 4, 26, 26, 26, 26, 26, 9, 9, 31, 4, 4, 4, 4, 4, 4, 4, 4, 26, 26, 26, 26, 26, 9, 9, 31, 4, 4, 4, 4, 4, 4, 4, 4, 23, 23, 23, 23, 6, 6, 6, 30, 0, 0, 0, 0, 0, 0, 0, 0, 23, 23, 23, 23, 6, 6, 6, 30, 0, 0, 0, 0, 0, 0, 0, 0, 23, 23, 23, 23, 6, 6, 6, 30, 0, 0, 0, 0, 0, 0, 0, 0, 23, 23, 23, 6, 6, 6, 30, 12, 0, 0, 0, 0, 0, 0, 0, 0, 23, 23, 23, 6, 6, 6, 12, 12, 0, 0, 0, 0, 0, 0, 0, 0, 23, 23, 23, 6, 6, 12, 12, 12, 20, 20, 20, 20, 20, 20, 20, 20, 23, 23, 23, 6, 6, 12, 12, 7, 20, 20, 20, 20, 20, 20, 20, 20, 23, 23, 6, 6, 7, 7, 7, 7, 20, 20, 20, 20, 20, 20, 20, 20, 24, 24, 24, 8, 7, 7, 7, 7, 17, 17, 17, 17, 17, 17, 17, 17, 24, 24, 24, 8, 8, 16, 7, 7, 17, 17, 17, 17, 17, 17, 17, 17, 24, 24, 24, 8, 8, 16, 16, 16, 17, 17, 17, 17, 17, 17, 17, 17, 24, 24, 24, 8, 8, 8, 16, 16, 17, 17, 17, 17, 17, 17, 17, 17, 24, 24, 24, 24, 8, 8, 16, 16, 3, 3, 3, 3, 3, 3, 3, 3, 24, 24, 24, 24, 8, 8, 8, 16, 3, 3, 3, 3, 3, 3, 3, 3, 24, 24, 24, 24, 8, 8, 8, 33, 3, 3, 3, 3, 3, 3, 3, 3, 24, 24, 24, 24, 8, 8, 8, 33, 3, 3, 3, 3, 3, 3, 3, 3, 24, 24, 24, 24, 24, 21, 21, 21, 21, 21, 21, 21, 26, 26, 26, 26, 24, 24, 24, 24, 24, 24, 21, 21, 21, 21, 21, 21, 26, 26, 26, 26, 24, 24, 24, 24, 24, 24, 21, 21, 21, 21, 21, 26, 26, 26, 26, 26, 24, 24, 24, 24, 24, 24, 21, 21, 21, 21, 21, 26, 26, 26, 26, 26, 8, 24, 24, 24, 24, 24, 21, 21, 21, 21, 21, 26, 26, 26, 26, 26, 8, 8, 24, 24, 24, 24, 24, 21, 21, 21, 26, 26, 26, 26, 9, 9, 8, 8, 8, 24, 24, 24, 24, 21, 21, 21, 26, 26, 26, 9, 9, 9, 33, 33, 8, 8, 8, 24, 24, 21, 21, 26, 26, 9, 9, 9, 31, 31, 3, 3, 3, 19, 19, 19, 19, 5, 5, 5, 29, 29, 29, 29, 4, 4, 3, 3, 3, 3, 19, 19, 19, 5, 5, 5, 29, 29, 4, 4, 4, 4, 3, 3, 3, 3, 3, 19, 19, 5, 5, 5, 29, 4, 4, 4, 4, 4, 3, 3, 3, 3, 3, 3, 3, 5, 5, 4, 4, 4, 4, 4, 4, 4, 3, 3, 3, 3, 3, 3, 3, 3, 4, 4, 4, 4, 4, 4, 4, 4, 3, 3, 3, 3, 3, 3, 3, 3, 4, 4, 4, 4, 4, 4, 4, 4, 3, 3, 3, 3, 3, 3, 3, 3, 4, 4, 4, 4, 4, 4, 4, 4, 3, 3, 3, 3, 3, 3, 3, 3, 4, 4, 4, 4, 4, 4, 4, 4, 23, 23, 23, 23, 23, 22, 22, 22, 22, 22, 22, 25, 25, 25, 25, 25, 23, 23, 23, 23, 23, 22, 22, 22, 22, 22, 22, 25, 25, 25, 25, 25, 23, 23, 23, 23, 23, 22, 22, 22, 22, 22, 22, 25, 25, 25, 25, 25, 23, 23, 23, 23, 23, 23, 22, 22, 22, 22, 25, 25, 25, 25, 25, 25, 6, 23, 23, 23, 23, 23, 22, 22, 22, 22, 25, 25, 25, 25, 25, 11, 6, 6, 23, 23, 23, 23, 22, 22, 22, 22, 25, 25, 25, 25, 11, 11, 6, 6, 6, 6, 23, 23, 23, 22, 22, 25, 25, 25, 11, 11, 11, 11, 30, 30, 6, 6, 6, 23, 23, 22, 22, 25, 25, 11, 11, 11, 32, 32, 0, 0, 28, 28, 28, 28, 1, 1, 1, 18, 18, 18, 18, 2, 2, 2, 0, 0, 0, 0, 28, 28, 1, 1, 1, 18, 18, 18, 2, 2, 2, 2, 0, 0, 0, 0, 0, 28, 1, 1, 1, 18, 18, 2, 2, 2, 2, 2, 0, 0, 0, 0, 0, 0, 0, 1, 1, 2, 2, 2, 2, 2, 2, 2, 0, 0, 0, 0, 0, 0, 0, 0, 2, 2, 2, 2, 2, 2, 2, 2, 0, 0, 0, 0, 0, 0, 0, 0, 2, 2, 2, 2, 2, 2, 2, 2, 0, 0, 0, 0, 0, 0, 0, 0, 2, 2, 2, 2, 2, 2, 2, 2, 0, 0, 0, 0, 0, 0, 0, 0, 2, 2, 2, 2, 2, 2, 2, 2, 26, 26, 26, 26, 26, 26, 26, 26, 25, 25, 25, 25, 25, 25, 25, 25, 26, 26, 26, 26, 26, 26, 26, 26, 25, 25, 25, 25, 25, 25, 25, 25, 26, 26, 26, 26, 26, 26, 26, 26, 25, 25, 25, 25, 25, 25, 25, 25, 26, 26, 26, 26, 26, 26, 26, 26, 25, 25, 25, 25, 25, 25, 25, 25, 21, 21, 21, 21, 21, 26, 26, 26, 25, 25, 25, 25, 25, 25, 25, 25, 21, 21, 21, 21, 21, 21, 21, 21, 25, 22, 22, 22, 22, 22, 22, 22, 21, 21, 21, 21, 21, 21, 21, 21, 22, 22, 22, 22, 22, 22, 22, 22, 21, 21, 21, 21, 21, 21, 21, 21, 22, 22, 22, 22, 22, 22, 22, 22, 21, 21, 21, 21, 21, 21, 21, 21, 22, 22, 22, 22, 22, 22, 22, 22, 21, 21, 21, 21, 21, 21, 21, 21, 22, 22, 22, 22, 22, 22, 22, 22, 21, 21, 21, 24, 24, 24, 24, 24, 23, 22, 22, 22, 22, 22, 22, 22, 24, 24, 24, 24, 24, 24, 24, 24, 23, 23, 23, 23, 23, 23, 23, 23, 24, 24, 24, 24, 24, 24, 24, 24, 23, 23, 23, 23, 23, 23, 23, 23, 24, 24, 24, 24, 24, 24, 24, 24, 23, 23, 23, 23, 23, 23, 23, 23, 24, 24, 24, 24, 24, 24, 24, 24, 23, 23, 23, 23, 23, 23, 23, 23, 24, 24, 24, 24, 24, 24, 24, 24, 23, 23, 23, 23, 23, 23, 23, 23, 4, 4, 4, 4, 4, 14, 14, 14, 27, 27, 27, 2, 2, 2, 2, 2, 4, 4, 4, 4, 4, 14, 14, 14, 27, 27, 27, 2, 2, 2, 2, 2, 4, 4, 4, 4, 4, 4, 14, 14, 27, 27, 2, 2, 2, 2, 2, 2, 4, 4, 4, 4, 4, 4, 14, 14, 27, 27, 2, 2, 2, 2, 2, 2, 4, 4, 4, 4, 4, 4, 4, 14, 27, 27, 2, 2, 2, 2, 2, 2, 4, 4, 4, 4, 4, 4, 4, 14, 27, 2, 2, 2, 2, 2, 2, 2, 4, 4, 4, 4, 4, 4, 4, 14, 27, 2, 2, 2, 2, 2, 2, 2, 4, 4, 4, 4, 4, 4, 4, 4, 2, 2, 2, 2, 2, 2, 2, 2, 3, 3, 3, 3, 3, 3, 3, 3, 0, 0, 0, 0, 0, 0, 0, 0, 3, 3, 3, 3, 3, 3, 3, 17, 20, 0, 0, 0, 0, 0, 0, 0, 3, 3, 3, 3, 3, 3, 3, 17, 20, 0, 0, 0, 0, 0, 0, 0, 3, 3, 3, 3, 3, 3, 17, 17, 20, 20, 0, 0, 0, 0, 0, 0, 3, 3, 3, 3, 3, 3, 17, 17, 20, 20, 0, 0, 0, 0, 0, 0, 3, 3, 3, 3, 3, 17, 17, 17, 20, 20, 0, 0, 0, 0, 0, 0, 3, 3, 3, 3, 3, 17, 17, 17, 20, 20, 20, 0, 0, 0, 0, 0, 3, 3, 3, 3, 17, 17, 17, 17, 20, 20, 20, 0, 0, 0, 0, 0, 3, 3, 3, 3, 3, 3, 3, 3, 33, 8, 8, 8, 24, 24, 24, 24, 3, 3, 3, 3, 3, 3, 3, 3, 33, 8, 8, 8, 24, 24, 24, 24, 3, 3, 3, 3, 3, 3, 3, 3, 16, 8, 8, 8, 24, 24, 24, 24, 3, 3, 3, 3, 3, 3, 3, 3, 16, 16, 8, 8, 24, 24, 24, 24, 17, 17, 17, 17, 17, 17, 17, 17, 16, 16, 8, 8, 8, 24, 24, 24, 17, 17, 17, 17, 17, 17, 17, 17, 16, 16, 16, 8, 8, 24, 24, 24, 17, 17, 17, 17, 17, 17, 17, 17, 7, 7, 16, 8, 8, 24, 24, 24, 17, 17, 17, 17, 17, 17, 17, 17, 7, 7, 7, 7, 8, 24, 24, 24, 20, 20, 20, 20, 20, 20, 20, 20, 7, 7, 7, 7, 6, 6, 23, 23, 20, 20, 20, 20, 20, 20, 20, 20, 7, 12, 12, 6, 6, 23, 23, 23, 20, 20, 20, 20, 20, 20, 20, 20, 12, 12, 12, 6, 6, 23, 23, 23, 0, 0, 0, 0, 0, 0, 0, 0, 12, 12, 6, 6, 6, 23, 23, 23, 0, 0, 0, 0, 0, 0, 0, 0, 12, 30, 6, 6, 6, 23, 23, 23, 0, 0, 0, 0, 0, 0, 0, 0, 30, 6, 6, 6, 23, 23, 23, 23, 0, 0, 0, 0, 0, 0, 0, 0, 30, 6, 6, 6, 23, 23, 23, 23, 0, 0, 0, 0, 0, 0, 0, 0, 30, 6, 6, 6, 23, 23, 23, 23, 4, 4, 4, 4, 4, 4, 4, 4, 31, 9, 9, 26, 26, 26, 26, 26, 4, 4, 4, 4, 4, 4, 4, 4, 31, 9, 9, 26, 26, 26, 26, 26, 4, 4, 4, 4, 4, 4, 4, 4, 31, 9, 9, 9, 26, 26, 26, 26, 4, 4, 4, 4, 4, 4, 4, 4, 13, 31, 9, 9, 26, 26, 26, 26, 4, 4, 4, 4, 4, 4, 4, 4, 13, 13, 9, 9, 26, 26, 26, 26, 14, 14, 14, 14, 14, 14, 14, 14, 13, 13, 13, 9, 26, 26, 26, 26, 14, 14, 14, 14, 14, 14, 14, 14, 10, 13, 13, 9, 9, 26, 26, 26, 14, 14, 14, 14, 14, 14, 14, 14, 10, 10, 10, 10, 9, 26, 26, 26, 27, 27, 27, 27, 27, 27, 27, 27, 10, 10, 10, 10, 11, 11, 25, 25, 27, 27, 27, 27, 27, 27, 27, 27, 10, 10, 15, 11, 11, 25, 25, 25, 27, 27, 27, 27, 27, 27, 27, 27, 15, 15, 15, 11, 11, 25, 25, 25, 2, 2, 2, 2, 2, 2, 2, 2, 15, 15, 11, 11, 11, 25, 25, 25, 2, 2, 2, 2, 2, 2, 2, 2, 15, 15, 11, 11, 11, 25, 25, 25, 2, 2, 2, 2, 2, 2, 2, 2, 15, 11, 11, 11, 25, 25, 25, 25, 2, 2, 2, 2, 2, 2, 2, 2, 32, 11, 11, 11, 25, 25, 25, 25, 2, 2, 2, 2, 2, 2, 2, 2, 32, 11, 11, 11, 25, 25, 25, 25, 2, 2, 2, 2, 2, 2, 2, 2, 0, 0, 0, 0, 0, 0, 0, 0, 2, 2, 2, 2, 2, 2, 2, 2, 0, 0, 0, 0, 0, 0, 0, 0, 2, 2, 2, 2, 2, 2, 2, 2, 0, 0, 0, 0, 0, 0, 0, 0, 2, 2, 2, 2, 2, 2, 2, 2, 0, 0, 0, 0, 0, 0, 0, 0, 2, 2, 2, 2, 2, 2, 2, 1, 1, 0, 0, 0, 0, 0, 0, 0, 2, 2, 2, 2, 2, 18, 18, 1, 1, 1, 28, 0, 0, 0, 0, 0, 2, 2, 2, 2, 18, 18, 18, 1, 1, 1, 28, 28, 0, 0, 0, 0, 2, 2, 2, 18, 18, 18, 18, 1, 1, 1, 28, 28, 28, 28, 0, 0, 32, 32, 11, 11, 11, 25, 25, 22, 22, 23, 23, 6, 6, 6, 30, 30, 11, 11, 11, 11, 25, 25, 25, 22, 22, 23, 23, 23, 6, 6, 6, 6, 11, 11, 25, 25, 25, 25, 22, 22, 22, 22, 23, 23, 23, 23, 6, 6, 11, 25, 25, 25, 25, 25, 22, 22, 22, 22, 23, 23, 23, 23, 23, 6, 25, 25, 25, 25, 25, 25, 22, 22, 22, 22, 23, 23, 23, 23, 23, 23, 25, 25, 25, 25, 25, 22, 22, 22, 22, 22, 22, 23, 23, 23, 23, 23, 25, 25, 25, 25, 25, 22, 22, 22, 22, 22, 22, 23, 23, 23, 23, 23, 25, 25, 25, 25, 25, 22, 22, 22, 22, 22, 22, 23, 23, 23, 23, 23, 4, 4, 4, 4, 4, 4, 4, 4, 3, 3, 3, 3, 3, 3, 3, 3, 4, 4, 4, 4, 4, 4, 4, 4, 3, 3, 3, 3, 3, 3, 3, 3, 4, 4, 4, 4, 4, 4, 4, 4, 3, 3, 3, 3, 3, 3, 3, 3, 4, 4, 4, 4, 4, 4, 4, 4, 3, 3, 3, 3, 3, 3, 3, 3, 4, 4, 4, 4, 4, 4, 4, 5, 5, 3, 3, 3, 3, 3, 3, 3, 4, 4, 4, 4, 4, 29, 5, 5, 5, 19, 19, 3, 3, 3, 3, 3, 4, 4, 4, 4, 29, 29, 5, 5, 5, 19, 19, 19, 3, 3, 3, 3, 4, 4, 29, 29, 29, 29, 5, 5, 5, 19, 19, 19, 19, 3, 3, 3, 31, 31, 9, 9, 9, 26, 26, 21, 21, 24, 24, 8, 8, 8, 33, 33, 9, 9, 9, 26, 26, 26, 21, 21, 21, 24, 24, 24, 24, 8, 8, 8, 9, 9, 26, 26, 26, 26, 21, 21, 21, 24, 24, 24, 24, 24, 8, 8, 26, 26, 26, 26, 26, 21, 21, 21, 21, 21, 24, 24, 24, 24, 24, 8, 26, 26, 26, 26, 26, 21, 21, 21, 21, 21, 24, 24, 24, 24, 24, 24, 26, 26, 26, 26, 26, 21, 21, 21, 21, 21, 24, 24, 24, 24, 24, 24, 26, 26, 26, 26, 21, 21, 21, 21, 21, 21, 24, 24, 24, 24, 24, 24, 26, 26, 26, 26, 21, 21, 21, 21, 21, 21, 21, 24, 24, 24, 24, 24, 73, 67, 69, 1, 86, 65, 76, 69, 2, 0, 0, 0, 34, 0, 0, 0, 170, 0, 0, 0, 7, 0, 0, 0, 6, 6, 6, 6, 6, 6, 6, 6, 6, 6, 6, 7, 5, 5, 4, 5, 5, 4, 5, 5, 4, 5, 4, 4, 4, 5, 5, 4, 4, 4, 4, 4, 4, 4, 2, 1, 28, 30, 12, 20, 2, 18, 22, 23, 28, 0, 27, 15, 32, 18, 1, 0, 17, 16, 33, 19, 5, 4, 3, 5, 29, 31, 13, 14, 3, 19, 21, 26, 29, 4, 7, 12, 30, 28, 23, 8, 8, 16, 17, 20, 12, 6, 6, 24, 19, 33, 16, 7, 10, 13, 31, 29, 26, 11, 11, 15, 27, 14, 13, 9, 9, 26, 25, 18, 32, 15, 10, 7, 20, 0, 30, 6, 10, 14, 4, 31, 9, 4, 13, 10, 27, 11, 32, 2, 27, 10, 7, 8, 33, 3, 17, 20, 7, 16, 3, 2, 32, 11, 25, 1, 3, 33, 8, 24, 5, 0, 12, 7, 17, 22, 25, 26, 5, 24, 23, 1, 25, 21, 24, 6, 1, 22, 21, 19, 8, 23, 11, 26, 21, 22, 18, 9, 5, 21, 25, 11, 14, 10, 15, 2, 6, 30, 0, 1, 9, 31, 4, 5, 0, 28, 6, 12, 4, 29, 9, 13, 11, 18, 2, 15, 8, 19, 3, 16, 0, 0, 128, 191, 116, 11, 124, 60, 35, 105, 128, 60, 162, 132, 17, 60, 162, 132, 17, 60]
            }
        }

        over "Link2_cover"
        {
            over "collisions" (
                prepend apiSchemas = ["PhysxCookedDataAPI:convexHull"]
            )
            {
                uchar[] physxCookedData:convexHull:buffer = [9, 148, 92, 55, 133, 202, 187, 155, 19, 151, 90, 64, 129, 244, 46, 134, 244, 78, 88, 83, 1, 67, 86, 88, 77, 14, 0, 0, 0, 0, 0, 0, 0, 73, 67, 69, 1, 67, 76, 72, 76, 9, 0, 0, 0, 35, 0, 0, 0, 85, 128, 0, 0, 52, 0, 0, 0, 170, 0, 0, 0, 236, 81, 184, 60, 140, 200, 180, 163, 227, 165, 155, 60, 3, 120, 11, 61, 43, 166, 121, 188, 90, 245, 57, 60, 3, 120, 11, 61, 43, 166, 121, 60, 90, 245, 57, 60, 110, 208, 175, 187, 234, 113, 194, 59, 189, 220, 147, 60, 220, 8, 146, 60, 112, 255, 152, 60, 77, 205, 100, 59, 220, 8, 146, 60, 112, 255, 152, 60, 77, 205, 100, 187, 174, 48, 35, 187, 53, 31, 249, 59, 251, 164, 142, 188, 0, 94, 132, 60, 148, 84, 139, 60, 174, 193, 10, 188, 3, 120, 11, 61, 234, 251, 154, 60, 60, 200, 229, 186, 3, 120, 11, 61, 43, 166, 121, 60, 90, 245, 57, 188, 39, 190, 122, 60, 168, 85, 132, 188, 80, 224, 35, 188, 86, 5, 148, 60, 234, 251, 154, 188, 60, 200, 229, 186, 174, 48, 35, 187, 53, 31, 249, 187, 251, 164, 142, 188, 3, 120, 11, 61, 43, 166, 121, 188, 90, 245, 57, 188, 3, 120, 11, 61, 234, 251, 154, 188, 60, 200, 229, 186, 65, 126, 106, 60, 105, 107, 120, 60, 6, 153, 59, 60, 59, 163, 200, 60, 174, 193, 10, 188, 148, 84, 139, 60, 172, 141, 239, 187, 78, 235, 84, 187, 10, 91, 153, 60, 43, 172, 134, 187, 251, 231, 224, 187, 47, 35, 145, 60, 59, 163, 200, 60, 174, 193, 10, 60, 148, 84, 139, 60, 27, 205, 1, 188, 75, 169, 145, 58, 172, 97, 155, 60, 220, 8, 146, 60, 112, 255, 152, 188, 77, 205, 100, 59, 111, 18, 3, 188, 130, 151, 226, 34, 227, 165, 155, 188, 95, 7, 220, 187, 128, 128, 142, 187, 30, 132, 151, 188, 197, 107, 194, 60, 251, 231, 224, 187, 47, 35, 145, 188, 38, 32, 220, 187, 54, 90, 142, 59, 94, 134, 151, 188, 40, 218, 189, 60, 97, 97, 170, 59, 204, 180, 149, 188, 3, 120, 11, 61, 204, 180, 149, 188, 97, 97, 170, 59, 39, 190, 122, 60, 168, 85, 132, 188, 80, 224, 35, 60, 3, 120, 11, 61, 204, 180, 149, 60, 97, 97, 170, 59, 10, 147, 184, 60, 60, 200, 229, 186, 234, 251, 154, 188, 75, 57, 207, 60, 80, 224, 35, 60, 168, 85, 132, 188, 197, 31, 88, 60, 239, 12, 102, 60, 1, 184, 81, 188, 53, 60, 61, 60, 95, 41, 75, 188, 128, 220, 107, 60, 25, 178, 67, 60, 66, 159, 81, 188, 123, 35, 102, 188, 0, 0, 128, 63, 0, 0, 0, 0, 0, 0, 0, 0, 3, 120, 11, 189, 0, 0, 8, 22, 235, 92, 13, 63, 0, 0, 0, 0, 43, 110, 85, 63, 8, 140, 231, 188, 8, 0, 3, 22, 45, 19, 246, 190, 118, 126, 96, 63, 32, 31, 251, 58, 199, 18, 0, 188, 11, 0, 4, 14, 182, 155, 189, 60, 73, 9, 112, 63, 239, 147, 177, 190, 179, 193, 156, 188, 15, 0, 4, 21, 117, 99, 185, 190, 173, 227, 105, 191, 158, 75, 61, 190, 38, 80, 53, 188, 19, 0, 3, 29, 0, 0, 0, 0, 235, 197, 112, 191, 41, 242, 173, 190, 11, 165, 150, 188, 22, 0, 4, 29, 113, 197, 174, 190, 65, 255, 103, 63, 173, 104, 127, 62, 209, 223, 63, 188, 26, 0, 3, 14, 129, 142, 231, 62, 38, 241, 208, 189, 1, 211, 98, 63, 0, 69, 221, 188, 29, 0, 3, 22, 91, 22, 134, 60, 253, 135, 111, 190, 198, 220, 120, 63, 70, 83, 154, 188, 32, 0, 4, 25, 33, 30, 219, 59, 47, 190, 88, 62, 162, 49, 122, 63, 181, 89, 153, 188, 36, 0, 4, 23, 129, 142, 231, 62, 33, 241, 208, 61, 1, 211, 98, 63, 0, 69, 221, 188, 40, 0, 3, 22, 50, 112, 191, 58, 134, 225, 35, 63, 101, 171, 68, 63, 214, 190, 151, 188, 43, 0, 3, 34, 150, 123, 203, 188, 134, 179, 29, 63, 0, 143, 73, 63, 118, 116, 147, 188, 46, 0, 3, 34, 246, 224, 242, 190, 235, 92, 97, 191, 165, 223, 251, 185, 87, 204, 2, 188, 49, 0, 4, 8, 83, 147, 78, 187, 39, 192, 105, 189, 223, 148, 127, 63, 5, 208, 154, 188, 53, 0, 3, 22, 204, 127, 125, 191, 210, 164, 14, 190, 229, 228, 199, 59, 3, 201, 255, 187, 56, 0, 3, 8, 197, 96, 5, 187, 17, 232, 162, 190, 11, 178, 114, 191, 190, 22, 155, 188, 59, 0, 3, 3, 206, 186, 27, 191, 28, 42, 75, 191, 11, 7, 58, 188, 253, 209, 253, 187, 62, 0, 3, 8, 203, 98, 63, 191, 179, 2, 42, 191, 217, 242, 250, 59, 9, 125, 254, 187, 65, 0, 3, 8, 205, 112, 117, 191, 15, 125, 145, 190, 129, 203, 227, 187, 201, 168, 255, 187, 68, 0, 3, 8, 87, 197, 27, 191, 105, 33, 75, 63, 193, 159, 68, 188, 91, 43, 254, 187, 71, 0, 3, 14, 148, 15, 7, 187, 117, 220, 162, 62, 253, 179, 114, 191, 140, 22, 155, 188, 74, 0, 3, 18, 166, 120, 117, 191, 250, 73, 145, 62, 82, 250, 207, 187, 110, 80, 255, 187, 77, 0, 3, 14, 128, 233, 97, 191, 157, 191, 240, 62, 75, 222, 71, 60, 200, 203, 253, 187, 80, 0, 3, 14, 85, 207, 68, 60, 2, 133, 101, 191, 33, 177, 226, 62, 69, 110, 156, 188, 83, 0, 3, 7, 8, 213, 116, 60, 37, 225, 126, 63, 216, 241, 188, 61, 36, 38, 157, 188, 86, 0, 3, 11, 3, 24, 156, 188, 2, 239, 106, 63, 187, 40, 203, 62, 46, 249, 148, 188, 89, 0, 3, 13, 179, 157, 152, 186, 53, 137, 101, 63, 72, 181, 226, 62, 38, 196, 152, 188, 92, 0, 3, 10, 110, 5, 9, 60, 223, 19, 204, 61, 132, 183, 126, 191, 220, 81, 154, 188, 95, 0, 4, 17, 209, 24, 11, 63, 0, 0, 0, 0, 254, 233, 86, 191, 231, 157, 229, 188, 99, 0, 4, 20, 139, 124, 237, 62, 176, 176, 200, 189, 73, 103, 97, 191, 44, 123, 223, 188, 103, 0, 3, 20, 35, 8, 200, 59, 60, 12, 105, 190, 244, 70, 121, 191, 38, 79, 155, 188, 106, 0, 3, 3, 62, 152, 132, 187, 40, 93, 238, 189, 16, 66, 126, 191, 166, 218, 154, 188, 109, 0, 3, 0, 104, 31, 179, 62, 164, 171, 122, 62, 102, 125, 103, 191, 56, 56, 212, 188, 112, 0, 3, 17, 112, 116, 223, 59, 11, 131, 205, 62, 58, 119, 106, 191, 80, 129, 155, 188, 115, 0, 3, 18, 50, 5, 105, 190, 99, 118, 94, 63, 41, 248, 224, 190, 110, 225, 114, 188, 118, 0, 3, 1, 103, 107, 10, 188, 81, 225, 83, 63, 228, 168, 15, 191, 236, 33, 153, 188, 121, 0, 3, 1, 79, 39, 101, 60, 131, 203, 41, 63, 196, 141, 63, 191, 215, 67, 156, 188, 124, 0, 3, 33, 188, 94, 136, 188, 157, 215, 27, 63, 230, 13, 75, 191, 110, 101, 151, 188, 127, 0, 3, 33, 0, 0, 0, 0, 127, 83, 127, 191, 93, 127, 148, 61, 231, 136, 153, 188, 130, 0, 4, 8, 29, 181, 107, 188, 98, 42, 111, 191, 248, 115, 182, 62, 18, 7, 151, 188, 134, 0, 3, 7, 248, 1, 179, 190, 62, 73, 105, 191, 92, 206, 94, 62, 92, 45, 61, 188, 137, 0, 3, 8, 39, 211, 190, 190, 181, 8, 105, 63, 44, 129, 56, 190, 203, 254, 51, 188, 140, 0, 3, 27, 234, 212, 116, 188, 174, 248, 127, 63, 0, 0, 0, 0, 104, 204, 150, 188, 143, 0, 3, 14, 5, 197, 234, 60, 106, 242, 29, 191, 59, 85, 73, 63, 222, 33, 158, 188, 146, 0, 3, 6, 100, 117, 18, 188, 2, 106, 8, 191, 99, 157, 88, 63, 15, 18, 153, 188, 149, 0, 3, 31, 203, 1, 48, 190, 157, 16, 81, 191, 187, 9, 13, 63, 89, 170, 131, 188, 152, 0, 3, 9, 172, 193, 19, 188, 111, 151, 67, 191, 121, 38, 37, 63, 47, 214, 152, 188, 155, 0, 3, 9, 218, 66, 1, 188, 50, 187, 69, 191, 18, 150, 34, 191, 122, 67, 153, 188, 158, 0, 3, 2, 198, 97, 45, 190, 44, 153, 82, 191, 192, 241, 10, 191, 255, 27, 132, 188, 161, 0, 3, 2, 170, 79, 171, 59, 44, 163, 8, 191, 98, 123, 88, 191, 127, 194, 153, 188, 164, 0, 3, 19, 80, 231, 18, 61, 20, 149, 19, 191, 248, 249, 80, 191, 107, 221, 157, 188, 167, 0, 3, 3, 29, 2, 1, 27, 14, 13, 9, 8, 0, 1, 2, 3, 4, 5, 6, 7, 5, 8, 9, 10, 11, 12, 13, 14, 11, 10, 15, 4, 3, 16, 1, 0, 0, 17, 18, 16, 19, 3, 20, 0, 19, 0, 2, 19, 2, 15, 19, 15, 3, 12, 11, 21, 18, 20, 17, 0, 20, 22, 17, 23, 24, 12, 23, 12, 18, 23, 18, 17, 23, 17, 22, 25, 3, 6, 25, 6, 26, 25, 22, 20, 25, 20, 3, 27, 1, 28, 29, 8, 4, 29, 4, 15, 29, 15, 2, 30, 22, 25, 26, 30, 26, 9, 13, 30, 13, 24, 30, 24, 23, 30, 23, 22, 31, 9, 26, 31, 26, 6, 32, 6, 7, 32, 7, 9, 32, 9, 31, 32, 31, 6, 21, 11, 14, 27, 21, 27, 28, 21, 28, 18, 5, 7, 6, 5, 4, 8, 33, 1, 16, 33, 16, 18, 33, 18, 28, 33, 28, 1, 34, 13, 10, 34, 10, 12, 34, 12, 24, 34, 24, 13, 0, 27, 0, 1, 0, 24, 0, 39, 0, 5, 0, 29, 0, 3, 0, 25, 1, 7, 1, 10, 2, 6, 2, 43, 2, 42, 2, 20, 3, 42, 3, 43, 3, 36, 4, 5, 4, 13, 4, 49, 5, 39, 5, 48, 6, 26, 6, 12, 7, 44, 7, 8, 8, 14, 8, 18, 8, 45, 9, 12, 9, 23, 9, 14, 9, 10, 10, 11, 11, 27, 11, 12, 13, 39, 13, 41, 13, 17, 14, 15, 15, 22, 15, 19, 16, 31, 16, 50, 16, 17, 17, 18, 18, 19, 19, 32, 20, 23, 20, 21, 21, 34, 21, 28, 22, 28, 22, 23, 24, 47, 24, 40, 25, 43, 25, 26, 26, 27, 28, 32, 28, 29, 29, 33, 29, 30, 30, 51, 30, 31, 31, 32, 33, 37, 33, 34, 34, 38, 35, 38, 35, 42, 35, 36, 36, 37, 37, 38, 39, 40, 40, 41, 41, 46, 44, 47, 44, 45, 45, 46, 46, 47, 48, 51, 48, 49, 49, 50, 50, 51, 1, 7, 8, 0, 1, 7, 0, 1, 10, 2, 6, 9, 2, 6, 25, 2, 3, 42, 2, 20, 21, 3, 35, 36, 0, 3, 25, 0, 3, 29, 4, 5, 48, 4, 5, 13, 4, 13, 16, 0, 5, 29, 0, 5, 39, 6, 11, 12, 7, 8, 44, 8, 14, 15, 8, 13, 17, 9, 10, 11, 9, 14, 15, 13, 39, 40, 15, 19, 22, 16, 17, 18, 16, 30, 31, 20, 21, 22, 21, 28, 29, 0, 24, 39, 24, 40, 41, 0, 25, 26, 28, 29, 30, 33, 34, 37, 35, 36, 37, 44, 45, 46, 48, 49, 50, 29, 0, 2, 0, 2, 0, 1, 0, 1, 0, 27, 0, 27, 0, 14, 0, 14, 0, 13, 0, 13, 0, 9, 0, 9, 0, 8, 0, 8, 0, 29, 0, 0, 0, 1, 0, 2, 0, 0, 0, 3, 0, 4, 0, 4, 0, 5, 0, 5, 0, 6, 0, 6, 0, 3, 0, 7, 0, 5, 0, 5, 0, 8, 0, 9, 0, 7, 0, 10, 0, 11, 0, 11, 0, 12, 0, 12, 0, 10, 0, 14, 0, 11, 0, 10, 0, 13, 0, 15, 0, 4, 0, 3, 0, 15, 0, 16, 0, 1, 0, 0, 0, 16, 0, 0, 0, 17, 0, 17, 0, 18, 0, 18, 0, 16, 0, 19, 0, 3, 0, 3, 0, 20, 0, 20, 0, 0, 0, 0, 0, 19, 0, 2, 0, 19, 0, 2, 0, 15, 0, 15, 0, 19, 0, 11, 0, 21, 0, 21, 0, 18, 0, 18, 0, 12, 0, 20, 0, 17, 0, 20, 0, 22, 0, 22, 0, 17, 0, 23, 0, 24, 0, 24, 0, 12, 0, 12, 0, 23, 0, 18, 0, 23, 0, 17, 0, 23, 0, 22, 0, 23, 0, 25, 0, 3, 0, 6, 0, 25, 0, 6, 0, 26, 0, 26, 0, 25, 0, 25, 0, 22, 0, 20, 0, 25, 0, 1, 0, 28, 0, 28, 0, 27, 0, 8, 0, 4, 0, 4, 0, 29, 0, 15, 0, 29, 0, 30, 0, 22, 0, 26, 0, 30, 0, 26, 0, 9, 0, 13, 0, 30, 0, 13, 0, 24, 0, 24, 0, 30, 0, 23, 0, 30, 0, 31, 0, 9, 0, 26, 0, 31, 0, 6, 0, 31, 0, 32, 0, 6, 0, 6, 0, 7, 0, 7, 0, 32, 0, 9, 0, 32, 0, 31, 0, 32, 0, 27, 0, 21, 0, 28, 0, 21, 0, 28, 0, 18, 0, 33, 0, 1, 0, 16, 0, 33, 0, 18, 0, 33, 0, 28, 0, 33, 0, 34, 0, 13, 0, 10, 0, 34, 0, 12, 0, 34, 0, 24, 0, 34, 0, 0, 0, 0, 0, 112, 18, 3, 188, 234, 251, 154, 188, 227, 165, 155, 188, 3, 120, 11, 61, 234, 251, 154, 60, 227, 165, 155, 60, 141, 140, 24, 56, 24, 40, 198, 49, 151, 68, 158, 171, 108, 252, 60, 45, 151, 68, 158, 171, 165, 214, 139, 50, 206, 141, 172, 45, 108, 252, 60, 45, 206, 141, 172, 45, 31, 44, 134, 50, 250, 230, 126, 60, 32, 0, 138, 183, 0, 175, 25, 184, 0, 0, 128, 63, 73, 67, 69, 1, 83, 85, 80, 77, 0, 0, 0, 0, 73, 67, 69, 1, 71, 65, 85, 83, 0, 0, 0, 0, 16, 0, 0, 0, 0, 6, 0, 0, 13, 13, 13, 13, 13, 14, 14, 14, 14, 27, 27, 27, 1, 1, 1, 1, 13, 13, 13, 13, 13, 13, 14, 14, 14, 27, 27, 1, 1, 1, 1, 1, 13, 13, 13, 13, 13, 13, 14, 14, 14, 27, 27, 1, 1, 1, 1, 1, 13, 13, 13, 13, 13, 13, 14, 14, 27, 27, 1, 1, 1, 1, 1, 1, 13, 13, 13, 13, 13, 13, 13, 14, 27, 27, 1, 1, 1, 1, 1, 1, 13, 13, 13, 13, 13, 13, 13, 14, 27, 1, 1, 1, 1, 1, 1, 1, 13, 13, 13, 13, 13, 13, 13, 14, 27, 1, 1, 1, 1, 1, 1, 1, 13, 13, 13, 13, 13, 13, 13, 13, 1, 1, 1, 1, 1, 1, 1, 1, 9, 9, 9, 9, 9, 9, 9, 9, 2, 2, 2, 2, 2, 2, 2, 2, 9, 9, 9, 9, 9, 9, 9, 8, 29, 2, 2, 2, 2, 2, 2, 2, 9, 9, 9, 9, 9, 9, 9, 8, 29, 2, 2, 2, 2, 2, 2, 2, 9, 9, 9, 9, 9, 9, 9, 8, 29, 29, 2, 2, 2, 2, 2, 2, 9, 9, 9, 9, 9, 9, 8, 8, 29, 29, 2, 2, 2, 2, 2, 2, 9, 9, 9, 9, 9, 9, 8, 8, 8, 29, 29, 2, 2, 2, 2, 2, 9, 9, 9, 9, 9, 9, 8, 8, 8, 29, 29, 2, 2, 2, 2, 2, 9, 9, 9, 9, 9, 8, 8, 8, 8, 29, 29, 29, 2, 2, 2, 2, 23, 23, 23, 23, 23, 23, 23, 23, 18, 18, 18, 17, 17, 17, 17, 17, 23, 23, 23, 23, 23, 23, 23, 23, 17, 17, 17, 17, 17, 17, 17, 17, 23, 23, 23, 23, 23, 23, 23, 23, 17, 17, 17, 17, 17, 17, 17, 17, 23, 23, 23, 23, 23, 23, 23, 23, 17, 17, 17, 17, 17, 17, 17, 17, 23, 23, 23, 23, 23, 23, 23, 23, 17, 17, 17, 17, 17, 17, 17, 17, 22, 22, 22, 22, 22, 22, 23, 23, 17, 17, 17, 17, 17, 17, 17, 17, 22, 22, 22, 22, 22, 22, 22, 22, 17, 17, 17, 17, 17, 17, 17, 17, 22, 22, 22, 22, 22, 22, 22, 22, 20, 20, 20, 20, 20, 20, 20, 20, 22, 22, 22, 22, 22, 22, 22, 22, 20, 20, 20, 20, 20, 20, 20, 20, 22, 22, 22, 22, 22, 22, 22, 22, 20, 20, 20, 20, 20, 20, 20, 20, 22, 22, 22, 22, 22, 22, 25, 25, 20, 20, 20, 20, 20, 20, 20, 20, 25, 25, 25, 25, 25, 25, 25, 25, 20, 20, 20, 20, 20, 20, 20, 20, 25, 25, 25, 25, 25, 25, 25, 25, 3, 3, 3, 20, 20, 20, 20, 20, 25, 25, 25, 25, 25, 25, 25, 25, 3, 3, 3, 3, 3, 3, 3, 3, 25, 25, 25, 25, 25, 25, 25, 25, 3, 3, 3, 3, 3, 3, 3, 3, 25, 25, 25, 25, 25, 25, 25, 25, 3, 3, 3, 3, 3, 3, 3, 3, 25, 25, 25, 25, 6, 6, 6, 32, 9, 9, 9, 9, 9, 9, 9, 9, 25, 25, 25, 25, 6, 6, 6, 32, 9, 9, 9, 9, 9, 9, 9, 9, 25, 25, 25, 25, 6, 6, 6, 32, 9, 9, 9, 9, 9, 9, 9, 9, 25, 25, 25, 6, 6, 6, 32, 7, 9, 9, 9, 9, 9, 9, 9, 9, 25, 25, 25, 6, 6, 6, 7, 7, 9, 9, 9, 9, 9, 9, 9, 9, 25, 25, 25, 6, 6, 7, 7, 7, 8, 8, 8, 8, 8, 8, 8, 8, 25, 25, 25, 6, 6, 5, 5, 5, 8, 8, 8, 8, 8, 8, 8, 8, 25, 25, 6, 6, 5, 5, 5, 5, 8, 8, 8, 8, 8, 8, 8, 8, 3, 3, 3, 3, 4, 4, 4, 4, 8, 8, 8, 8, 8, 8, 8, 8, 3, 3, 3, 3, 3, 4, 4, 4, 29, 29, 29, 29, 29, 29, 29, 29, 3, 3, 3, 3, 3, 15, 4, 4, 29, 29, 29, 29, 29, 29, 29, 29, 3, 3, 3, 3, 3, 3, 15, 15, 29, 29, 29, 29, 29, 29, 29, 29, 3, 3, 3, 3, 3, 3, 15, 15, 2, 2, 2, 2, 2, 2, 2, 2, 3, 3, 3, 3, 3, 3, 15, 15, 2, 2, 2, 2, 2, 2, 2, 2, 3, 3, 3, 3, 3, 3, 3, 15, 2, 2, 2, 2, 2, 2, 2, 2, 3, 3, 3, 3, 3, 3, 3, 15, 2, 2, 2, 2, 2, 2, 2, 2, 23, 23, 23, 23, 12, 12, 12, 34, 13, 13, 13, 13, 13, 13, 13, 13, 23, 23, 23, 23, 12, 12, 12, 34, 13, 13, 13, 13, 13, 13, 13, 13, 23, 23, 23, 23, 12, 12, 12, 10, 13, 13, 13, 13, 13, 13, 13, 13, 23, 23, 23, 12, 12, 12, 10, 10, 13, 13, 13, 13, 13, 13, 13, 13, 23, 23, 23, 12, 12, 12, 10, 10, 13, 13, 13, 13, 13, 13, 13, 13, 23, 23, 23, 12, 12, 10, 10, 10, 14, 14, 14, 14, 14, 14, 14, 14, 23, 23, 23, 12, 12, 11, 11, 11, 14, 14, 14, 14, 14, 14, 14, 14, 23, 23, 12, 12, 11, 11, 11, 11, 14, 14, 14, 14, 14, 14, 14, 14, 18, 18, 18, 18, 21, 21, 21, 21, 14, 14, 14, 14, 14, 14, 14, 14, 18, 18, 18, 18, 18, 21, 21, 21, 27, 27, 27, 27, 27, 27, 27, 27, 18, 18, 18, 18, 18, 28, 28, 21, 27, 27, 27, 27, 27, 27, 27, 27, 17, 18, 18, 18, 18, 18, 28, 28, 27, 27, 27, 27, 27, 27, 27, 27, 17, 18, 18, 18, 18, 18, 28, 28, 1, 1, 1, 1, 1, 1, 1, 1, 17, 18, 18, 18, 18, 18, 18, 28, 1, 1, 1, 1, 1, 1, 1, 1, 17, 17, 18, 18, 18, 18, 18, 33, 1, 1, 1, 1, 1, 1, 1, 1, 17, 17, 18, 18, 18, 18, 18, 33, 1, 1, 1, 1, 1, 1, 1, 1, 17, 17, 17, 17, 17, 17, 17, 20, 20, 20, 20, 20, 20, 3, 3, 3, 17, 17, 17, 17, 17, 17, 17, 20, 20, 20, 20, 20, 20, 3, 3, 3, 18, 17, 17, 17, 17, 17, 17, 20, 20, 20, 20, 20, 3, 3, 3, 3, 18, 18, 17, 17, 17, 17, 17, 20, 20, 20, 20, 20, 3, 3, 3, 3, 18, 18, 18, 17, 17, 17, 17, 20, 20, 20, 20, 3, 3, 3, 3, 3, 18, 18, 18, 18, 17, 17, 17, 20, 20, 20, 20, 3, 3, 3, 3, 3, 18, 18, 18, 18, 18, 17, 17, 20, 20, 20, 3, 3, 3, 3, 3, 3, 33, 33, 18, 18, 18, 17, 17, 17, 20, 20, 3, 3, 3, 3, 15, 15, 1, 1, 16, 16, 16, 16, 0, 0, 0, 0, 19, 19, 19, 19, 2, 2, 1, 1, 1, 1, 16, 16, 16, 0, 0, 19, 19, 19, 2, 2, 2, 2, 1, 1, 1, 1, 1, 16, 16, 0, 0, 19, 19, 2, 2, 2, 2, 2, 1, 1, 1, 1, 1, 1, 1, 0, 0, 2, 2, 2, 2, 2, 2, 2, 1, 1, 1, 1, 1, 1, 1, 1, 2, 2, 2, 2, 2, 2, 2, 2, 1, 1, 1, 1, 1, 1, 1, 1, 2, 2, 2, 2, 2, 2, 2, 2, 1, 1, 1, 1, 1, 1, 1, 1, 2, 2, 2, 2, 2, 2, 2, 2, 1, 1, 1, 1, 1, 1, 1, 1, 2, 2, 2, 2, 2, 2, 2, 2, 23, 23, 23, 23, 23, 22, 22, 22, 22, 22, 22, 25, 25, 25, 25, 25, 23, 23, 23, 23, 23, 22, 22, 22, 22, 22, 22, 25, 25, 25, 25, 25, 23, 23, 23, 23, 23, 23, 22, 22, 22, 22, 25, 25, 25, 25, 25, 25, 23, 23, 23, 23, 23, 23, 22, 22, 22, 22, 25, 25, 25, 25, 25, 25, 12, 23, 23, 23, 23, 23, 22, 22, 22, 22, 25, 25, 25, 25, 25, 6, 12, 12, 23, 23, 23, 23, 22, 22, 22, 22, 25, 25, 25, 25, 6, 6, 12, 12, 12, 12, 23, 23, 23, 22, 22, 25, 25, 25, 6, 6, 6, 6, 34, 34, 12, 12, 12, 23, 23, 22, 22, 25, 25, 6, 6, 6, 6, 32, 13, 13, 13, 24, 24, 24, 30, 30, 30, 26, 26, 31, 31, 31, 9, 9, 13, 13, 13, 13, 24, 24, 24, 30, 30, 26, 26, 31, 9, 9, 9, 9, 13, 13, 13, 13, 13, 24, 24, 30, 26, 26, 31, 9, 9, 9, 9, 9, 13, 13, 13, 13, 13, 13, 13, 30, 26, 9, 9, 9, 9, 9, 9, 9, 13, 13, 13, 13, 13, 13, 13, 13, 9, 9, 9, 9, 9, 9, 9, 9, 13, 13, 13, 13, 13, 13, 13, 13, 9, 9, 9, 9, 9, 9, 9, 9, 13, 13, 13, 13, 13, 13, 13, 13, 9, 9, 9, 9, 9, 9, 9, 9, 13, 13, 13, 13, 13, 13, 13, 13, 9, 9, 9, 9, 9, 9, 9, 9, 3, 3, 3, 3, 3, 3, 3, 3, 25, 25, 25, 25, 25, 25, 25, 25, 3, 3, 3, 3, 3, 3, 3, 3, 25, 25, 25, 25, 25, 25, 25, 25, 3, 3, 3, 3, 3, 3, 3, 3, 25, 25, 25, 25, 25, 25, 25, 25, 20, 20, 20, 20, 20, 3, 3, 3, 25, 25, 25, 25, 25, 25, 25, 25, 20, 20, 20, 20, 20, 20, 20, 20, 25, 25, 25, 25, 25, 25, 25, 25, 20, 20, 20, 20, 20, 20, 20, 20, 25, 25, 22, 22, 22, 22, 22, 22, 20, 20, 20, 20, 20, 20, 20, 20, 22, 22, 22, 22, 22, 22, 22, 22, 20, 20, 20, 20, 20, 20, 20, 20, 22, 22, 22, 22, 22, 22, 22, 22, 20, 20, 20, 20, 20, 20, 20, 20, 22, 22, 22, 22, 22, 22, 22, 22, 17, 17, 17, 17, 17, 17, 17, 17, 22, 22, 22, 22, 22, 22, 22, 22, 17, 17, 17, 17, 17, 17, 17, 17, 23, 23, 22, 22, 22, 22, 22, 22, 17, 17, 17, 17, 17, 17, 17, 17, 23, 23, 23, 23, 23, 23, 23, 23, 17, 17, 17, 17, 17, 17, 17, 17, 23, 23, 23, 23, 23, 23, 23, 23, 17, 17, 17, 17, 17, 17, 17, 17, 23, 23, 23, 23, 23, 23, 23, 23, 17, 17, 17, 17, 17, 17, 17, 17, 23, 23, 23, 23, 23, 23, 23, 23, 17, 17, 17, 17, 17, 18, 18, 18, 23, 23, 23, 23, 23, 23, 23, 23, 2, 2, 2, 2, 29, 29, 29, 8, 8, 8, 8, 9, 9, 9, 9, 9, 2, 2, 2, 2, 2, 29, 29, 8, 8, 8, 9, 9, 9, 9, 9, 9, 2, 2, 2, 2, 2, 29, 29, 8, 8, 8, 9, 9, 9, 9, 9, 9, 2, 2, 2, 2, 2, 2, 29, 29, 8, 8, 9, 9, 9, 9, 9, 9, 2, 2, 2, 2, 2, 2, 29, 29, 8, 9, 9, 9, 9, 9, 9, 9, 2, 2, 2, 2, 2, 2, 2, 29, 8, 9, 9, 9, 9, 9, 9, 9, 2, 2, 2, 2, 2, 2, 2, 29, 8, 9, 9, 9, 9, 9, 9, 9, 2, 2, 2, 2, 2, 2, 2, 2, 9, 9, 9, 9, 9, 9, 9, 9, 1, 1, 1, 1, 1, 1, 1, 1, 13, 13, 13, 13, 13, 13, 13, 13, 1, 1, 1, 1, 1, 1, 1, 27, 14, 13, 13, 13, 13, 13, 13, 13, 1, 1, 1, 1, 1, 1, 1, 27, 14, 13, 13, 13, 13, 13, 13, 13, 1, 1, 1, 1, 1, 1, 27, 27, 14, 13, 13, 13, 13, 13, 13, 13, 1, 1, 1, 1, 1, 1, 27, 27, 14, 14, 13, 13, 13, 13, 13, 13, 1, 1, 1, 1, 1, 27, 27, 14, 14, 14, 13, 13, 13, 13, 13, 13, 1, 1, 1, 1, 1, 27, 27, 14, 14, 14, 13, 13, 13, 13, 13, 13, 1, 1, 1, 1, 27, 27, 27, 14, 14, 14, 14, 13, 13, 13, 13, 13, 1, 1, 1, 1, 1, 1, 1, 1, 33, 18, 18, 18, 18, 18, 17, 17, 1, 1, 1, 1, 1, 1, 1, 1, 33, 18, 18, 18, 18, 18, 17, 17, 1, 1, 1, 1, 1, 1, 1, 1, 28, 18, 18, 18, 18, 18, 18, 17, 1, 1, 1, 1, 1, 1, 1, 1, 28, 28, 18, 18, 18, 18, 18, 17, 27, 27, 27, 27, 27, 27, 27, 27, 28, 28, 18, 18, 18, 18, 18, 17, 27, 27, 27, 27, 27, 27, 27, 27, 21, 28, 28, 18, 18, 18, 18, 18, 27, 27, 27, 27, 27, 27, 27, 27, 21, 21, 21, 18, 18, 18, 18, 18, 14, 14, 14, 14, 14, 14, 14, 14, 21, 21, 21, 21, 18, 18, 18, 18, 14, 14, 14, 14, 14, 14, 14, 14, 11, 11, 11, 11, 12, 12, 23, 23, 14, 14, 14, 14, 14, 14, 14, 14, 11, 11, 11, 12, 12, 23, 23, 23, 14, 14, 14, 14, 14, 14, 14, 14, 10, 10, 10, 12, 12, 23, 23, 23, 13, 13, 13, 13, 13, 13, 13, 13, 10, 10, 12, 12, 12, 23, 23, 23, 13, 13, 13, 13, 13, 13, 13, 13, 10, 10, 12, 12, 12, 23, 23, 23, 13, 13, 13, 13, 13, 13, 13, 13, 10, 12, 12, 12, 23, 23, 23, 23, 13, 13, 13, 13, 13, 13, 13, 13, 34, 12, 12, 12, 23, 23, 23, 23, 13, 13, 13, 13, 13, 13, 13, 13, 34, 12, 12, 12, 23, 23, 23, 23, 2, 2, 2, 2, 2, 2, 2, 2, 15, 3, 3, 3, 3, 3, 3, 3, 2, 2, 2, 2, 2, 2, 2, 2, 15, 3, 3, 3, 3, 3, 3, 3, 2, 2, 2, 2, 2, 2, 2, 2, 15, 15, 3, 3, 3, 3, 3, 3, 2, 2, 2, 2, 2, 2, 2, 2, 15, 15, 3, 3, 3, 3, 3, 3, 29, 29, 29, 29, 29, 29, 29, 29, 15, 15, 3, 3, 3, 3, 3, 3, 29, 29, 29, 29, 29, 29, 29, 29, 4, 4, 15, 3, 3, 3, 3, 3, 29, 29, 29, 29, 29, 29, 29, 29, 4, 4, 4, 3, 3, 3, 3, 3, 8, 8, 8, 8, 8, 8, 8, 8, 4, 4, 4, 4, 3, 3, 3, 3, 8, 8, 8, 8, 8, 8, 8, 8, 5, 5, 5, 5, 6, 6, 25, 25, 8, 8, 8, 8, 8, 8, 8, 8, 5, 5, 5, 6, 6, 25, 25, 25, 8, 8, 8, 8, 8, 8, 8, 8, 7, 7, 7, 6, 6, 25, 25, 25, 9, 9, 9, 9, 9, 9, 9, 9, 7, 7, 6, 6, 6, 25, 25, 25, 9, 9, 9, 9, 9, 9, 9, 9, 7, 32, 6, 6, 6, 25, 25, 25, 9, 9, 9, 9, 9, 9, 9, 9, 32, 6, 6, 6, 25, 25, 25, 25, 9, 9, 9, 9, 9, 9, 9, 9, 32, 6, 6, 6, 25, 25, 25, 25, 9, 9, 9, 9, 9, 9, 9, 9, 32, 6, 6, 6, 25, 25, 25, 25, 9, 9, 9, 9, 9, 9, 9, 9, 13, 13, 13, 13, 13, 13, 13, 13, 9, 9, 9, 9, 9, 9, 9, 9, 13, 13, 13, 13, 13, 13, 13, 13, 9, 9, 9, 9, 9, 9, 9, 9, 13, 13, 13, 13, 13, 13, 13, 13, 9, 9, 9, 9, 9, 9, 9, 9, 13, 13, 13, 13, 13, 13, 13, 13, 9, 9, 9, 9, 9, 9, 9, 26, 30, 13, 13, 13, 13, 13, 13, 13, 9, 9, 9, 9, 9, 31, 26, 26, 30, 24, 24, 13, 13, 13, 13, 13, 9, 9, 9, 9, 31, 26, 26, 30, 30, 24, 24, 24, 13, 13, 13, 13, 9, 9, 31, 31, 31, 26, 26, 30, 30, 30, 24, 24, 24, 13, 13, 13, 32, 6, 6, 6, 6, 25, 25, 22, 22, 23, 23, 12, 12, 12, 34, 34, 6, 6, 6, 6, 25, 25, 25, 22, 22, 23, 23, 23, 12, 12, 12, 12, 6, 6, 25, 25, 25, 25, 22, 22, 22, 22, 23, 23, 23, 23, 12, 12, 6, 25, 25, 25, 25, 25, 22, 22, 22, 22, 23, 23, 23, 23, 23, 12, 25, 25, 25, 25, 25, 25, 22, 22, 22, 22, 23, 23, 23, 23, 23, 23, 25, 25, 25, 25, 25, 25, 22, 22, 22, 22, 23, 23, 23, 23, 23, 23, 25, 25, 25, 25, 25, 22, 22, 22, 22, 22, 22, 23, 23, 23, 23, 23, 25, 25, 25, 25, 25, 22, 22, 22, 22, 22, 22, 23, 23, 23, 23, 23, 2, 2, 2, 2, 2, 2, 2, 2, 1, 1, 1, 1, 1, 1, 1, 1, 2, 2, 2, 2, 2, 2, 2, 2, 1, 1, 1, 1, 1, 1, 1, 1, 2, 2, 2, 2, 2, 2, 2, 2, 1, 1, 1, 1, 1, 1, 1, 1, 2, 2, 2, 2, 2, 2, 2, 2, 1, 1, 1, 1, 1, 1, 1, 1, 2, 2, 2, 2, 2, 2, 2, 0, 0, 1, 1, 1, 1, 1, 1, 1, 2, 2, 2, 2, 2, 19, 19, 0, 0, 16, 16, 1, 1, 1, 1, 1, 2, 2, 2, 2, 19, 19, 19, 0, 0, 16, 16, 16, 1, 1, 1, 1, 2, 2, 19, 19, 19, 19, 0, 0, 0, 0, 16, 16, 16, 16, 1, 1, 15, 15, 3, 3, 3, 3, 20, 20, 17, 17, 17, 18, 18, 18, 33, 33, 3, 3, 3, 3, 3, 3, 20, 20, 20, 17, 17, 18, 18, 18, 18, 18, 3, 3, 3, 3, 3, 20, 20, 20, 20, 17, 17, 17, 18, 18, 18, 18, 3, 3, 3, 3, 3, 20, 20, 20, 20, 17, 17, 17, 17, 18, 18, 18, 3, 3, 3, 3, 20, 20, 20, 20, 20, 17, 17, 17, 17, 17, 18, 18, 3, 3, 3, 3, 20, 20, 20, 20, 20, 17, 17, 17, 17, 17, 17, 18, 3, 3, 3, 20, 20, 20, 20, 20, 20, 17, 17, 17, 17, 17, 17, 17, 3, 3, 3, 20, 20, 20, 20, 20, 20, 17, 17, 17, 17, 17, 17, 17, 73, 67, 69, 1, 86, 65, 76, 69, 2, 0, 0, 0, 35, 0, 0, 0, 170, 0, 0, 0, 7, 0, 0, 0, 6, 6, 5, 6, 5, 4, 7, 4, 4, 6, 4, 4, 6, 6, 3, 5, 4, 5, 7, 4, 5, 4, 5, 6, 5, 5, 5, 4, 5, 4, 5, 4, 4, 4, 4, 1, 16, 17, 20, 19, 2, 27, 28, 33, 16, 0, 2, 1, 0, 19, 15, 29, 4, 15, 19, 20, 25, 6, 5, 8, 29, 15, 3, 6, 7, 8, 4, 3, 25, 26, 31, 32, 7, 5, 5, 6, 32, 9, 29, 4, 5, 9, 8, 7, 32, 31, 26, 13, 11, 13, 34, 12, 12, 21, 14, 10, 10, 34, 24, 23, 18, 11, 9, 30, 24, 34, 10, 14, 13, 11, 27, 4, 29, 2, 19, 3, 1, 33, 18, 0, 18, 23, 22, 20, 0, 16, 33, 28, 21, 12, 23, 17, 3, 15, 2, 0, 0, 17, 22, 25, 3, 18, 28, 27, 11, 17, 23, 30, 25, 20, 24, 30, 22, 17, 18, 12, 12, 34, 13, 30, 23, 3, 20, 22, 26, 6, 25, 30, 9, 31, 6, 14, 21, 28, 1, 27, 21, 18, 33, 1, 2, 15, 4, 8, 22, 23, 24, 13, 26, 9, 32, 6, 26, 6, 31, 9, 7, 1, 28, 18, 16, 13, 24, 12, 10, 0, 0, 128, 191, 26, 210, 122, 60, 135, 137, 128, 60, 185, 207, 16, 60, 185, 207, 16, 60]
            }
        }

        over "Link9"
        {
            over "collisions" (
                prepend apiSchemas = ["PhysxCookedDataAPI:convexHull"]
            )
            {
                uchar[] physxCookedData:convexHull:buffer = [9, 183, 40, 25, 248, 116, 56, 57, 56, 169, 74, 225, 134, 158, 145, 202, 167, 78, 88, 83, 1, 67, 86, 88, 77, 14, 0, 0, 0, 0, 0, 0, 0, 73, 67, 69, 1, 67, 76, 72, 76, 9, 0, 0, 0, 34, 0, 0, 0, 93, 128, 0, 0, 61, 0, 0, 0, 186, 0, 0, 0, 19, 131, 192, 60, 118, 218, 137, 34, 188, 116, 147, 60, 156, 249, 62, 61, 205, 204, 76, 188, 199, 223, 45, 60, 229, 123, 57, 61, 244, 253, 84, 60, 109, 108, 50, 60, 19, 131, 192, 60, 191, 240, 4, 163, 188, 116, 147, 188, 229, 123, 57, 61, 244, 253, 84, 60, 109, 108, 50, 188, 156, 249, 62, 61, 205, 204, 76, 188, 199, 223, 45, 188, 30, 208, 113, 187, 190, 153, 232, 187, 127, 129, 135, 188, 53, 60, 61, 60, 95, 41, 75, 188, 159, 197, 85, 188, 181, 77, 140, 60, 73, 68, 147, 188, 38, 254, 110, 186, 94, 53, 2, 188, 126, 93, 112, 186, 186, 67, 147, 60, 111, 18, 3, 188, 228, 27, 6, 163, 188, 116, 147, 188, 2, 200, 113, 187, 190, 153, 232, 59, 127, 129, 135, 188, 181, 77, 140, 60, 73, 68, 147, 60, 38, 254, 110, 58, 221, 210, 71, 60, 6, 192, 85, 60, 67, 47, 75, 188, 37, 61, 221, 186, 137, 30, 0, 60, 117, 208, 132, 60, 55, 5, 129, 187, 31, 51, 228, 187, 4, 249, 135, 60, 105, 72, 91, 60, 146, 53, 105, 188, 116, 132, 52, 60, 3, 120, 11, 61, 110, 193, 145, 60, 168, 161, 50, 187, 158, 73, 81, 61, 205, 204, 76, 60, 95, 160, 246, 59, 158, 73, 81, 61, 205, 204, 76, 60, 95, 160, 246, 187, 172, 250, 92, 61, 205, 204, 76, 60, 51, 88, 12, 36, 87, 89, 108, 60, 127, 70, 122, 60, 114, 255, 27, 60, 45, 199, 215, 187, 32, 219, 148, 59, 206, 174, 142, 60, 242, 191, 84, 61, 205, 204, 76, 188, 216, 69, 211, 59, 49, 110, 92, 61, 244, 253, 84, 188, 230, 112, 53, 36, 3, 120, 11, 61, 73, 68, 147, 188, 38, 254, 110, 58, 242, 191, 84, 61, 205, 204, 76, 188, 216, 69, 211, 187, 3, 120, 11, 61, 245, 70, 138, 188, 86, 217, 204, 187, 85, 10, 211, 60, 18, 31, 15, 188, 123, 237, 128, 60, 85, 10, 211, 60, 18, 31, 15, 188, 123, 237, 128, 188, 3, 120, 11, 61, 176, 191, 142, 60, 68, 215, 147, 59, 81, 118, 204, 60, 190, 153, 232, 59, 127, 129, 135, 188, 81, 118, 204, 60, 190, 153, 232, 59, 127, 129, 135, 60, 3, 120, 11, 61, 253, 98, 132, 188, 165, 224, 1, 60, 10, 108, 202, 59, 86, 78, 114, 190, 135, 185, 120, 63, 100, 116, 144, 188, 0, 0, 4, 11, 19, 66, 157, 62, 96, 141, 189, 59, 5, 159, 115, 63, 113, 116, 199, 188, 4, 0, 3, 10, 19, 66, 157, 62, 115, 141, 189, 59, 5, 159, 115, 191, 113, 116, 199, 188, 7, 0, 3, 9, 107, 239, 126, 190, 225, 25, 107, 191, 188, 127, 157, 190, 69, 57, 77, 188, 10, 0, 3, 2, 170, 133, 90, 191, 74, 82, 5, 191, 32, 250, 68, 188, 155, 219, 230, 187, 13, 0, 3, 20, 225, 50, 146, 190, 219, 166, 109, 63, 41, 198, 115, 190, 228, 189, 61, 188, 16, 0, 3, 23, 221, 59, 240, 190, 236, 14, 98, 63, 138, 23, 23, 60, 86, 143, 0, 188, 19, 0, 3, 24, 187, 4, 168, 190, 182, 2, 109, 191, 145, 4, 64, 62, 236, 204, 49, 188, 22, 0, 3, 19, 241, 117, 85, 191, 62, 80, 13, 191, 169, 217, 130, 187, 119, 96, 231, 187, 25, 0, 3, 20, 205, 44, 237, 190, 107, 224, 98, 191, 154, 184, 8, 57, 197, 9, 3, 188, 28, 0, 3, 20, 42, 108, 190, 60, 200, 52, 96, 63, 101, 214, 246, 190, 253, 230, 144, 188, 31, 0, 3, 16, 172, 211, 117, 189, 204, 110, 113, 63, 7, 116, 167, 190, 15, 6, 128, 188, 34, 0, 3, 33, 174, 128, 0, 63, 140, 11, 139, 60, 113, 94, 93, 63, 233, 148, 4, 189, 37, 0, 3, 10, 174, 128, 0, 63, 137, 11, 139, 60, 112, 94, 93, 191, 233, 148, 4, 189, 40, 0, 3, 9, 19, 232, 100, 62, 75, 113, 113, 63, 142, 236, 123, 190, 143, 80, 205, 188, 43, 0, 3, 16, 225, 145, 137, 62, 195, 51, 117, 63, 122, 177, 208, 189, 199, 212, 216, 188, 46, 0, 3, 8, 84, 223, 179, 190, 116, 77, 107, 63, 154, 111, 54, 62, 3, 205, 46, 188, 49, 0, 3, 26, 193, 174, 13, 191, 115, 46, 85, 63, 213, 147, 125, 60, 168, 54, 252, 187, 52, 0, 3, 24, 2, 234, 89, 191, 97, 20, 6, 63, 208, 220, 7, 189, 79, 181, 242, 187, 55, 0, 3, 24, 159, 84, 120, 191, 6, 166, 120, 62, 146, 91, 249, 59, 82, 205, 249, 187, 58, 0, 3, 24, 117, 239, 116, 187, 141, 152, 210, 61, 35, 164, 126, 63, 45, 244, 145, 188, 61, 0, 3, 3, 245, 200, 117, 63, 183, 73, 165, 187, 77, 42, 143, 62, 66, 231, 83, 189, 64, 0, 3, 10, 22, 85, 111, 63, 97, 152, 133, 60, 139, 136, 181, 62, 58, 109, 79, 189, 67, 0, 3, 10, 208, 221, 29, 63, 82, 241, 86, 188, 105, 128, 73, 63, 124, 167, 24, 189, 70, 0, 3, 10, 11, 213, 125, 62, 232, 41, 117, 191, 40, 223, 21, 62, 33, 69, 211, 188, 73, 0, 3, 12, 208, 221, 29, 63, 78, 241, 86, 188, 105, 128, 73, 191, 124, 167, 24, 189, 76, 0, 3, 9, 22, 85, 111, 63, 97, 152, 133, 60, 139, 136, 181, 190, 58, 109, 79, 189, 79, 0, 3, 9, 245, 200, 117, 63, 175, 73, 165, 187, 77, 42, 143, 190, 65, 231, 83, 189, 82, 0, 3, 9, 239, 25, 113, 62, 17, 24, 118, 191, 44, 117, 18, 190, 16, 45, 206, 188, 85, 0, 3, 12, 136, 163, 133, 60, 163, 3, 125, 191, 153, 10, 27, 190, 0, 248, 148, 188, 88, 0, 3, 12, 13, 144, 131, 189, 223, 234, 106, 191, 176, 202, 200, 190, 255, 13, 129, 188, 91, 0, 3, 30, 150, 72, 46, 61, 237, 126, 67, 191, 158, 235, 36, 191, 241, 116, 150, 188, 94, 0, 3, 21, 77, 51, 102, 62, 227, 98, 110, 191, 30, 234, 146, 190, 46, 42, 206, 188, 97, 0, 3, 21, 241, 67, 111, 62, 18, 11, 118, 191, 12, 197, 22, 190, 130, 157, 205, 188, 100, 0, 3, 12, 83, 32, 121, 188, 139, 161, 33, 191, 34, 124, 70, 63, 33, 239, 141, 188, 103, 0, 3, 13, 224, 34, 77, 62, 173, 91, 73, 190, 248, 180, 117, 63, 194, 23, 180, 188, 106, 0, 3, 10, 215, 51, 22, 188, 243, 134, 17, 191, 150, 153, 82, 191, 227, 206, 144, 188, 109, 0, 3, 32, 165, 196, 7, 33, 137, 59, 106, 190, 112, 54, 121, 191, 231, 139, 143, 188, 112, 0, 4, 22, 220, 34, 77, 62, 173, 91, 73, 190, 248, 180, 117, 191, 193, 23, 180, 188, 116, 0, 3, 22, 171, 101, 65, 61, 234, 34, 52, 191, 248, 126, 53, 191, 115, 185, 151, 188, 119, 0, 3, 14, 174, 142, 104, 62, 225, 199, 112, 63, 1, 80, 129, 62, 30, 242, 206, 188, 122, 0, 3, 8, 30, 44, 133, 62, 60, 229, 117, 63, 173, 5, 202, 61, 3, 80, 213, 188, 125, 0, 3, 8, 86, 56, 128, 62, 62, 134, 119, 63, 39, 217, 72, 61, 119, 176, 209, 188, 128, 0, 3, 8, 191, 81, 178, 60, 96, 156, 127, 63, 235, 104, 79, 61, 162, 121, 150, 188, 131, 0, 3, 8, 181, 219, 250, 188, 94, 214, 116, 63, 156, 183, 148, 62, 221, 183, 138, 188, 134, 0, 3, 27, 182, 186, 34, 61, 102, 53, 90, 63, 130, 123, 5, 63, 130, 7, 152, 188, 137, 0, 3, 7, 36, 245, 238, 160, 42, 33, 78, 62, 121, 194, 122, 191, 4, 112, 144, 188, 140, 0, 4, 9, 0, 0, 0, 0, 162, 62, 18, 63, 141, 29, 82, 191, 5, 112, 144, 188, 144, 0, 3, 28, 19, 208, 21, 61, 151, 96, 31, 63, 51, 30, 72, 191, 105, 155, 149, 188, 147, 0, 3, 15, 2, 241, 100, 62, 33, 142, 27, 62, 123, 120, 118, 191, 16, 2, 185, 188, 150, 0, 3, 9, 63, 118, 12, 187, 52, 25, 178, 62, 42, 3, 112, 63, 29, 213, 146, 188, 153, 0, 3, 6, 75, 158, 53, 60, 209, 224, 75, 62, 206, 219, 122, 63, 234, 160, 146, 188, 156, 0, 3, 10, 3, 241, 100, 62, 33, 142, 27, 62, 123, 120, 118, 63, 16, 2, 185, 188, 159, 0, 3, 10, 12, 105, 128, 60, 232, 175, 41, 63, 6, 164, 63, 63, 62, 48, 143, 188, 162, 0, 3, 7, 54, 132, 11, 60, 45, 91, 40, 63, 41, 215, 64, 63, 170, 14, 142, 188, 165, 0, 3, 7, 150, 2, 77, 61, 55, 99, 50, 191, 112, 42, 55, 63, 194, 172, 152, 188, 168, 0, 3, 13, 117, 84, 39, 61, 82, 194, 51, 191, 123, 248, 53, 63, 209, 131, 150, 188, 171, 0, 3, 13, 213, 114, 62, 189, 220, 9, 117, 191, 30, 75, 146, 62, 177, 77, 132, 188, 174, 0, 3, 17, 221, 39, 221, 188, 200, 188, 119, 191, 137, 73, 128, 62, 198, 218, 136, 188, 177, 0, 3, 17, 19, 223, 90, 62, 188, 25, 114, 191, 143, 188, 122, 62, 97, 184, 200, 188, 180, 0, 3, 12, 206, 157, 91, 62, 133, 5, 112, 191, 231, 40, 140, 62, 96, 185, 201, 188, 183, 0, 3, 13, 28, 0, 9, 15, 0, 1, 2, 3, 4, 5, 6, 7, 8, 6, 9, 10, 11, 12, 13, 11, 14, 12, 15, 8, 16, 15, 9, 6, 15, 6, 8, 17, 4, 13, 17, 13, 12, 18, 2, 1, 19, 5, 4, 19, 4, 17, 19, 17, 20, 21, 12, 14, 22, 14, 11, 22, 11, 10, 22, 10, 9, 22, 9, 0, 23, 24, 20, 23, 20, 18, 23, 18, 1, 23, 25, 24, 26, 5, 19, 26, 19, 20, 26, 20, 24, 26, 24, 25, 27, 25, 8, 27, 8, 7, 27, 7, 5, 27, 5, 26, 27, 26, 25, 28, 15, 16, 28, 1, 0, 29, 7, 6, 29, 6, 10, 3, 29, 3, 5, 29, 5, 7, 30, 2, 18, 30, 18, 20, 30, 20, 17, 30, 17, 12, 30, 12, 21, 30, 21, 2, 31, 3, 10, 11, 31, 11, 13, 31, 13, 4, 31, 4, 3, 32, 14, 22, 32, 22, 0, 32, 0, 2, 32, 2, 21, 32, 21, 14, 33, 1, 28, 33, 28, 16, 33, 16, 8, 33, 8, 25, 33, 25, 23, 33, 23, 1, 0, 35, 0, 20, 0, 8, 0, 34, 1, 35, 1, 12, 1, 52, 2, 49, 2, 13, 2, 38, 3, 36, 3, 30, 3, 9, 4, 8, 4, 19, 4, 37, 5, 6, 5, 11, 5, 47, 6, 17, 6, 16, 7, 9, 7, 57, 7, 34, 8, 9, 10, 14, 10, 48, 10, 11, 11, 43, 12, 40, 12, 23, 13, 25, 13, 14, 14, 15, 15, 42, 15, 26, 16, 44, 16, 54, 17, 50, 17, 18, 18, 46, 18, 19, 19, 20, 20, 51, 21, 24, 21, 27, 21, 22, 22, 41, 22, 23, 23, 60, 24, 59, 24, 28, 25, 32, 25, 26, 26, 27, 27, 28, 28, 33, 29, 33, 29, 58, 29, 30, 30, 31, 31, 39, 31, 32, 32, 33, 34, 56, 35, 55, 36, 39, 36, 37, 37, 46, 37, 38, 38, 39, 40, 45, 40, 41, 41, 42, 42, 43, 43, 44, 44, 45, 45, 53, 46, 49, 46, 47, 47, 48, 48, 49, 50, 54, 50, 51, 51, 52, 52, 53, 53, 54, 55, 60, 55, 56, 56, 57, 57, 58, 58, 59, 59, 60, 0, 1, 20, 1, 12, 23, 1, 12, 40, 2, 37, 38, 2, 10, 13, 2, 13, 25, 3, 4, 8, 3, 30, 31, 3, 7, 9, 0, 4, 8, 4, 18, 19, 5, 6, 17, 5, 6, 11, 5, 10, 11, 6, 16, 17, 0, 7, 8, 7, 34, 56, 10, 11, 14, 12, 22, 23, 13, 14, 15, 15, 21, 22, 16, 44, 45, 17, 18, 19, 21, 22, 23, 21, 24, 27, 24, 28, 29, 25, 26, 27, 29, 30, 31, 0, 34, 35, 36, 37, 38, 40, 41, 42, 46, 47, 48, 50, 51, 52, 55, 56, 57, 28, 0, 0, 0, 0, 0, 9, 0, 9, 0, 15, 0, 15, 0, 28, 0, 0, 0, 1, 0, 1, 0, 2, 0, 2, 0, 0, 0, 3, 0, 4, 0, 4, 0, 5, 0, 5, 0, 3, 0, 6, 0, 7, 0, 7, 0, 8, 0, 8, 0, 6, 0, 6, 0, 9, 0, 9, 0, 10, 0, 10, 0, 6, 0, 11, 0, 12, 0, 12, 0, 13, 0, 13, 0, 11, 0, 11, 0, 14, 0, 14, 0, 12, 0, 15, 0, 8, 0, 8, 0, 16, 0, 16, 0, 15, 0, 6, 0, 15, 0, 17, 0, 4, 0, 4, 0, 13, 0, 13, 0, 17, 0, 12, 0, 17, 0, 18, 0, 2, 0, 1, 0, 18, 0, 19, 0, 5, 0, 4, 0, 19, 0, 17, 0, 19, 0, 17, 0, 20, 0, 20, 0, 19, 0, 21, 0, 12, 0, 14, 0, 21, 0, 22, 0, 14, 0, 11, 0, 22, 0, 11, 0, 10, 0, 10, 0, 22, 0, 9, 0, 22, 0, 0, 0, 22, 0, 23, 0, 24, 0, 24, 0, 20, 0, 20, 0, 23, 0, 20, 0, 18, 0, 18, 0, 23, 0, 1, 0, 23, 0, 23, 0, 25, 0, 25, 0, 24, 0, 26, 0, 5, 0, 19, 0, 26, 0, 20, 0, 26, 0, 24, 0, 26, 0, 25, 0, 26, 0, 27, 0, 25, 0, 25, 0, 8, 0, 8, 0, 27, 0, 7, 0, 27, 0, 7, 0, 5, 0, 5, 0, 27, 0, 26, 0, 27, 0, 16, 0, 28, 0, 28, 0, 1, 0, 29, 0, 7, 0, 6, 0, 29, 0, 10, 0, 3, 0, 3, 0, 29, 0, 5, 0, 29, 0, 30, 0, 2, 0, 18, 0, 30, 0, 20, 0, 30, 0, 17, 0, 30, 0, 12, 0, 30, 0, 21, 0, 30, 0, 21, 0, 2, 0, 31, 0, 3, 0, 11, 0, 31, 0, 13, 0, 31, 0, 4, 0, 31, 0, 32, 0, 14, 0, 22, 0, 32, 0, 0, 0, 32, 0, 2, 0, 32, 0, 21, 0, 32, 0, 33, 0, 1, 0, 28, 0, 33, 0, 16, 0, 33, 0, 8, 0, 33, 0, 25, 0, 33, 0, 23, 0, 33, 0, 0, 0, 0, 0, 112, 18, 3, 188, 73, 68, 147, 188, 188, 116, 147, 188, 172, 250, 92, 61, 73, 68, 147, 60, 188, 116, 147, 60, 40, 234, 61, 56, 44, 45, 210, 49, 49, 130, 9, 46, 30, 210, 83, 173, 49, 130, 9, 46, 77, 105, 31, 51, 7, 178, 63, 172, 30, 210, 83, 173, 7, 178, 63, 172, 67, 27, 30, 51, 150, 171, 186, 60, 112, 82, 166, 183, 48, 133, 255, 55, 0, 0, 128, 63, 73, 67, 69, 1, 83, 85, 80, 77, 0, 0, 0, 0, 73, 67, 69, 1, 71, 65, 85, 83, 0, 0, 0, 0, 16, 0, 0, 0, 0, 6, 0, 0, 26, 26, 26, 26, 26, 24, 24, 24, 24, 24, 24, 23, 23, 23, 23, 23, 26, 26, 26, 26, 26, 24, 24, 24, 24, 24, 24, 23, 23, 23, 23, 23, 26, 26, 26, 26, 26, 24, 24, 24, 24, 24, 24, 23, 23, 23, 23, 23, 26, 26, 26, 26, 26, 24, 24, 24, 24, 24, 24, 23, 23, 23, 23, 23, 26, 26, 26, 26, 26, 26, 24, 24, 24, 24, 23, 23, 23, 23, 23, 23, 26, 26, 26, 26, 26, 26, 24, 24, 24, 24, 23, 23, 23, 23, 23, 23, 26, 26, 26, 26, 26, 26, 24, 24, 24, 24, 23, 23, 23, 23, 23, 23, 26, 26, 26, 26, 26, 26, 24, 24, 24, 24, 23, 23, 23, 23, 23, 23, 19, 19, 19, 19, 19, 20, 20, 20, 20, 20, 20, 18, 18, 18, 18, 18, 19, 19, 19, 19, 19, 20, 20, 20, 20, 20, 20, 18, 18, 18, 18, 18, 19, 19, 19, 19, 19, 20, 20, 20, 20, 20, 20, 18, 18, 18, 18, 18, 19, 19, 19, 19, 19, 20, 20, 20, 20, 20, 20, 18, 18, 18, 18, 18, 19, 19, 19, 19, 19, 20, 20, 20, 20, 20, 20, 18, 18, 18, 18, 18, 19, 19, 19, 19, 19, 20, 20, 20, 20, 20, 20, 18, 18, 18, 18, 18, 19, 19, 19, 19, 19, 20, 20, 20, 20, 20, 20, 18, 18, 18, 18, 18, 19, 19, 19, 19, 19, 20, 20, 20, 20, 20, 20, 18, 18, 18, 18, 18, 6, 6, 6, 6, 6, 6, 6, 6, 15, 15, 15, 15, 15, 15, 15, 15, 6, 6, 6, 6, 6, 6, 6, 6, 15, 15, 15, 15, 15, 15, 15, 9, 10, 10, 10, 6, 6, 6, 6, 6, 15, 15, 9, 9, 9, 9, 9, 9, 10, 10, 10, 10, 10, 10, 10, 10, 9, 9, 9, 9, 9, 9, 9, 9, 10, 10, 10, 10, 10, 10, 10, 10, 9, 9, 9, 9, 9, 9, 9, 9, 10, 10, 10, 10, 10, 10, 10, 10, 9, 9, 9, 9, 9, 9, 9, 9, 10, 10, 10, 10, 10, 10, 10, 10, 9, 9, 9, 9, 9, 9, 9, 9, 10, 10, 10, 10, 10, 10, 10, 10, 9, 9, 9, 9, 9, 9, 9, 9, 10, 10, 10, 10, 10, 10, 10, 10, 9, 9, 9, 9, 9, 9, 9, 9, 10, 10, 10, 10, 10, 10, 10, 10, 9, 9, 9, 9, 9, 9, 9, 9, 10, 10, 10, 10, 10, 10, 10, 10, 22, 22, 22, 22, 22, 22, 9, 9, 10, 10, 10, 10, 10, 10, 10, 10, 22, 22, 22, 22, 22, 22, 22, 22, 10, 10, 10, 10, 10, 10, 10, 10, 22, 22, 22, 22, 22, 22, 22, 22, 10, 10, 10, 11, 11, 11, 11, 11, 22, 22, 22, 22, 22, 22, 22, 22, 11, 11, 11, 11, 11, 11, 11, 11, 22, 22, 22, 22, 22, 22, 22, 22, 11, 11, 11, 11, 11, 11, 11, 11, 22, 22, 22, 22, 22, 22, 22, 22, 11, 11, 11, 11, 11, 11, 11, 13, 4, 4, 4, 4, 4, 19, 19, 19, 11, 11, 11, 11, 11, 11, 11, 13, 4, 4, 4, 4, 19, 19, 19, 19, 11, 11, 11, 11, 11, 11, 11, 13, 4, 4, 4, 4, 19, 19, 19, 19, 11, 11, 11, 11, 11, 11, 13, 13, 4, 4, 4, 19, 19, 19, 19, 19, 11, 11, 11, 11, 11, 11, 13, 13, 17, 4, 4, 19, 19, 19, 19, 19, 11, 11, 11, 11, 11, 11, 13, 12, 17, 4, 19, 19, 19, 19, 19, 20, 11, 11, 11, 11, 11, 12, 12, 12, 17, 17, 19, 19, 20, 20, 20, 20, 11, 11, 11, 11, 12, 12, 12, 12, 17, 17, 20, 20, 20, 20, 20, 20, 22, 22, 22, 14, 12, 12, 12, 12, 30, 30, 20, 20, 20, 20, 20, 20, 22, 22, 22, 14, 14, 12, 12, 12, 30, 30, 18, 18, 20, 20, 20, 20, 22, 22, 22, 22, 14, 14, 21, 21, 30, 30, 18, 18, 18, 18, 18, 20, 22, 22, 22, 22, 14, 14, 21, 21, 30, 2, 2, 18, 18, 18, 18, 18, 22, 22, 22, 22, 14, 14, 21, 21, 2, 2, 2, 18, 18, 18, 18, 18, 22, 22, 22, 22, 14, 14, 14, 21, 2, 2, 2, 2, 18, 18, 18, 18, 22, 22, 22, 22, 22, 14, 14, 21, 2, 2, 2, 2, 18, 18, 18, 18, 22, 22, 22, 22, 22, 14, 14, 14, 2, 2, 2, 2, 2, 18, 18, 18, 6, 6, 6, 6, 6, 6, 6, 7, 5, 5, 5, 5, 5, 5, 26, 26, 6, 6, 6, 6, 6, 6, 6, 7, 5, 5, 5, 5, 5, 26, 26, 26, 6, 6, 6, 6, 6, 6, 6, 7, 27, 5, 5, 5, 26, 26, 26, 26, 6, 6, 6, 6, 6, 6, 7, 7, 27, 5, 5, 5, 26, 26, 26, 26, 6, 6, 6, 6, 6, 6, 7, 7, 27, 5, 5, 26, 26, 26, 26, 26, 6, 6, 6, 6, 6, 6, 8, 8, 27, 27, 26, 26, 26, 26, 26, 24, 6, 6, 6, 6, 6, 8, 8, 8, 27, 27, 26, 24, 24, 24, 24, 24, 6, 6, 6, 6, 8, 8, 8, 8, 25, 25, 24, 24, 24, 24, 24, 24, 15, 15, 15, 15, 8, 8, 8, 8, 25, 25, 24, 24, 24, 24, 24, 24, 15, 15, 15, 15, 15, 8, 8, 8, 25, 25, 23, 24, 24, 24, 24, 24, 15, 15, 15, 15, 15, 15, 16, 16, 33, 33, 23, 23, 23, 23, 23, 24, 15, 15, 15, 15, 15, 15, 16, 16, 33, 1, 1, 23, 23, 23, 23, 23, 15, 15, 15, 15, 15, 15, 16, 16, 33, 1, 1, 1, 23, 23, 23, 23, 15, 15, 15, 15, 15, 15, 15, 16, 33, 1, 1, 1, 23, 23, 23, 23, 15, 15, 15, 15, 15, 15, 15, 16, 33, 1, 1, 1, 1, 23, 23, 23, 15, 15, 15, 15, 15, 15, 15, 16, 33, 1, 1, 1, 1, 1, 23, 23, 15, 9, 9, 9, 9, 9, 9, 9, 9, 9, 9, 22, 22, 22, 22, 22, 15, 15, 9, 9, 9, 9, 9, 9, 9, 9, 22, 22, 22, 22, 22, 22, 15, 15, 15, 9, 9, 9, 9, 9, 9, 9, 22, 22, 22, 22, 22, 22, 15, 15, 15, 9, 9, 9, 9, 9, 9, 9, 22, 22, 22, 22, 22, 22, 15, 15, 15, 15, 9, 9, 9, 9, 9, 9, 22, 22, 22, 22, 22, 22, 15, 15, 15, 15, 15, 9, 9, 9, 9, 22, 22, 22, 22, 22, 14, 14, 15, 15, 15, 15, 15, 9, 9, 9, 9, 22, 22, 22, 22, 14, 14, 14, 16, 15, 15, 15, 15, 15, 9, 9, 9, 22, 22, 22, 14, 14, 14, 14, 33, 28, 28, 28, 28, 28, 0, 0, 0, 32, 32, 32, 32, 2, 2, 2, 1, 1, 1, 1, 1, 1, 0, 0, 0, 32, 2, 2, 2, 2, 2, 2, 1, 1, 1, 1, 1, 1, 1, 1, 2, 2, 2, 2, 2, 2, 2, 2, 1, 1, 1, 1, 1, 1, 1, 1, 2, 2, 2, 2, 2, 2, 2, 2, 1, 1, 1, 1, 1, 1, 1, 1, 18, 18, 2, 2, 2, 2, 2, 2, 1, 1, 1, 1, 1, 1, 1, 1, 18, 18, 18, 18, 18, 18, 18, 18, 23, 23, 23, 23, 23, 23, 23, 23, 18, 18, 18, 18, 18, 18, 18, 18, 23, 23, 23, 23, 23, 23, 23, 23, 18, 18, 18, 18, 18, 18, 18, 18, 6, 6, 10, 10, 10, 10, 10, 10, 10, 10, 10, 10, 10, 10, 11, 11, 6, 6, 6, 10, 10, 10, 10, 10, 10, 10, 10, 10, 10, 11, 11, 11, 6, 6, 6, 10, 10, 10, 10, 10, 10, 10, 10, 10, 10, 11, 11, 11, 6, 6, 6, 6, 10, 10, 10, 10, 10, 10, 10, 10, 11, 11, 11, 11, 6, 6, 6, 6, 10, 10, 10, 10, 10, 10, 10, 10, 11, 11, 11, 11, 6, 6, 6, 6, 6, 10, 10, 10, 10, 10, 10, 11, 11, 11, 11, 11, 6, 6, 6, 6, 6, 6, 10, 10, 10, 10, 11, 11, 11, 11, 11, 11, 7, 7, 6, 6, 6, 6, 10, 10, 10, 10, 11, 11, 11, 11, 11, 13, 5, 29, 29, 29, 29, 29, 3, 3, 3, 31, 31, 31, 31, 4, 4, 4, 5, 5, 5, 5, 5, 5, 3, 3, 3, 31, 4, 4, 4, 4, 4, 4, 5, 5, 5, 5, 5, 5, 5, 5, 4, 4, 4, 4, 4, 4, 4, 4, 5, 5, 5, 5, 5, 5, 5, 5, 4, 4, 4, 4, 4, 4, 4, 4, 5, 5, 5, 5, 5, 5, 5, 5, 19, 19, 4, 4, 4, 4, 4, 4, 5, 5, 5, 5, 5, 5, 5, 5, 19, 19, 19, 19, 19, 19, 19, 19, 26, 26, 26, 26, 26, 26, 26, 26, 19, 19, 19, 19, 19, 19, 19, 19, 26, 26, 26, 26, 26, 26, 26, 26, 19, 19, 19, 19, 19, 19, 19, 19, 22, 22, 22, 22, 22, 22, 22, 22, 11, 11, 11, 11, 11, 11, 11, 11, 22, 22, 22, 22, 22, 22, 22, 22, 11, 11, 11, 11, 11, 11, 11, 11, 22, 22, 22, 22, 22, 22, 22, 22, 11, 11, 11, 11, 11, 10, 10, 10, 22, 22, 22, 22, 22, 22, 22, 22, 10, 10, 10, 10, 10, 10, 10, 10, 22, 22, 22, 22, 22, 22, 22, 22, 10, 10, 10, 10, 10, 10, 10, 10, 9, 9, 22, 22, 22, 22, 22, 22, 10, 10, 10, 10, 10, 10, 10, 10, 9, 9, 9, 9, 9, 9, 9, 9, 10, 10, 10, 10, 10, 10, 10, 10, 9, 9, 9, 9, 9, 9, 9, 9, 10, 10, 10, 10, 10, 10, 10, 10, 9, 9, 9, 9, 9, 9, 9, 9, 10, 10, 10, 10, 10, 10, 10, 10, 9, 9, 9, 9, 9, 9, 9, 9, 10, 10, 10, 10, 10, 10, 10, 10, 9, 9, 9, 9, 9, 9, 9, 9, 10, 10, 10, 10, 10, 10, 10, 10, 9, 9, 9, 9, 9, 9, 9, 9, 10, 10, 10, 10, 10, 10, 10, 10, 9, 9, 9, 9, 9, 9, 9, 9, 10, 10, 10, 10, 10, 10, 10, 10, 9, 9, 9, 9, 9, 9, 15, 15, 6, 6, 6, 6, 6, 10, 10, 10, 9, 15, 15, 15, 15, 15, 15, 15, 6, 6, 6, 6, 6, 6, 6, 6, 15, 15, 15, 15, 15, 15, 15, 15, 6, 6, 6, 6, 6, 6, 6, 6, 18, 18, 18, 18, 18, 20, 20, 20, 20, 20, 20, 19, 19, 19, 19, 19, 18, 18, 18, 18, 18, 20, 20, 20, 20, 20, 20, 19, 19, 19, 19, 19, 18, 18, 18, 18, 18, 20, 20, 20, 20, 20, 20, 19, 19, 19, 19, 19, 18, 18, 18, 18, 18, 20, 20, 20, 20, 20, 20, 19, 19, 19, 19, 19, 18, 18, 18, 18, 18, 20, 20, 20, 20, 20, 20, 19, 19, 19, 19, 19, 18, 18, 18, 18, 18, 20, 20, 20, 20, 20, 20, 19, 19, 19, 19, 19, 18, 18, 18, 18, 18, 20, 20, 20, 20, 20, 20, 19, 19, 19, 19, 19, 18, 18, 18, 18, 18, 20, 20, 20, 20, 20, 20, 19, 19, 19, 19, 19, 23, 23, 23, 23, 23, 23, 24, 24, 24, 24, 26, 26, 26, 26, 26, 26, 23, 23, 23, 23, 23, 23, 24, 24, 24, 24, 26, 26, 26, 26, 26, 26, 23, 23, 23, 23, 23, 23, 24, 24, 24, 24, 26, 26, 26, 26, 26, 26, 23, 23, 23, 23, 23, 23, 24, 24, 24, 24, 26, 26, 26, 26, 26, 26, 23, 23, 23, 23, 23, 24, 24, 24, 24, 24, 24, 26, 26, 26, 26, 26, 23, 23, 23, 23, 23, 24, 24, 24, 24, 24, 24, 26, 26, 26, 26, 26, 23, 23, 23, 23, 23, 24, 24, 24, 24, 24, 24, 26, 26, 26, 26, 26, 23, 23, 23, 23, 23, 24, 24, 24, 24, 24, 24, 26, 26, 26, 26, 26, 23, 23, 1, 1, 1, 1, 1, 33, 16, 15, 15, 15, 15, 15, 15, 15, 23, 23, 23, 1, 1, 1, 1, 33, 16, 15, 15, 15, 15, 15, 15, 15, 23, 23, 23, 23, 1, 1, 1, 33, 16, 15, 15, 15, 15, 15, 15, 15, 23, 23, 23, 23, 1, 1, 1, 33, 16, 16, 15, 15, 15, 15, 15, 15, 23, 23, 23, 23, 23, 1, 1, 33, 16, 16, 15, 15, 15, 15, 15, 15, 24, 23, 23, 23, 23, 23, 33, 33, 16, 16, 15, 15, 15, 15, 15, 15, 24, 24, 24, 24, 24, 23, 25, 25, 8, 8, 8, 15, 15, 15, 15, 15, 24, 24, 24, 24, 24, 24, 25, 25, 8, 8, 8, 8, 15, 15, 15, 15, 24, 24, 24, 24, 24, 24, 25, 25, 8, 8, 8, 8, 6, 6, 6, 6, 24, 24, 24, 24, 24, 26, 27, 27, 8, 8, 8, 6, 6, 6, 6, 6, 24, 26, 26, 26, 26, 26, 27, 27, 8, 8, 6, 6, 6, 6, 6, 6, 26, 26, 26, 26, 26, 5, 5, 27, 7, 7, 6, 6, 6, 6, 6, 6, 26, 26, 26, 26, 5, 5, 5, 27, 7, 7, 6, 6, 6, 6, 6, 6, 26, 26, 26, 26, 5, 5, 5, 27, 7, 6, 6, 6, 6, 6, 6, 6, 26, 26, 26, 5, 5, 5, 5, 5, 7, 6, 6, 6, 6, 6, 6, 6, 26, 26, 5, 5, 5, 5, 5, 5, 7, 6, 6, 6, 6, 6, 6, 6, 18, 18, 18, 2, 2, 2, 2, 2, 14, 14, 14, 22, 22, 22, 22, 22, 18, 18, 18, 18, 2, 2, 2, 2, 21, 14, 14, 22, 22, 22, 22, 22, 18, 18, 18, 18, 2, 2, 2, 2, 21, 14, 14, 14, 22, 22, 22, 22, 18, 18, 18, 18, 18, 2, 2, 2, 21, 21, 14, 14, 22, 22, 22, 22, 18, 18, 18, 18, 18, 2, 2, 30, 21, 21, 14, 14, 22, 22, 22, 22, 20, 18, 18, 18, 18, 18, 30, 30, 21, 21, 14, 14, 22, 22, 22, 22, 20, 20, 20, 20, 18, 18, 30, 30, 12, 12, 12, 14, 14, 22, 22, 22, 20, 20, 20, 20, 20, 20, 30, 30, 12, 12, 12, 12, 14, 22, 22, 22, 20, 20, 20, 20, 20, 20, 17, 17, 12, 12, 12, 12, 11, 11, 11, 11, 20, 20, 20, 20, 19, 19, 17, 17, 12, 12, 12, 11, 11, 11, 11, 11, 20, 19, 19, 19, 19, 19, 4, 17, 12, 13, 11, 11, 11, 11, 11, 11, 19, 19, 19, 19, 19, 4, 4, 17, 13, 13, 11, 11, 11, 11, 11, 11, 19, 19, 19, 19, 19, 4, 4, 4, 13, 13, 11, 11, 11, 11, 11, 11, 19, 19, 19, 19, 4, 4, 4, 4, 13, 11, 11, 11, 11, 11, 11, 11, 19, 19, 19, 19, 4, 4, 4, 4, 13, 11, 11, 11, 11, 11, 11, 11, 19, 19, 19, 4, 4, 4, 4, 4, 13, 11, 11, 11, 11, 11, 11, 11, 19, 19, 19, 19, 19, 19, 19, 19, 26, 26, 26, 26, 26, 26, 26, 26, 19, 19, 19, 19, 19, 19, 19, 19, 26, 26, 26, 26, 26, 26, 26, 26, 19, 19, 19, 19, 19, 19, 19, 19, 5, 5, 5, 5, 5, 5, 5, 5, 4, 4, 4, 4, 4, 4, 19, 19, 5, 5, 5, 5, 5, 5, 5, 5, 4, 4, 4, 4, 4, 4, 4, 4, 5, 5, 5, 5, 5, 5, 5, 5, 4, 4, 4, 4, 4, 4, 4, 4, 5, 5, 5, 5, 5, 5, 5, 5, 4, 4, 4, 4, 4, 4, 31, 3, 3, 3, 5, 5, 5, 5, 5, 5, 4, 4, 4, 31, 31, 31, 31, 3, 3, 3, 29, 29, 29, 29, 29, 5, 13, 11, 11, 11, 11, 11, 10, 10, 10, 10, 6, 6, 6, 6, 7, 7, 11, 11, 11, 11, 11, 11, 10, 10, 10, 10, 6, 6, 6, 6, 6, 6, 11, 11, 11, 11, 11, 10, 10, 10, 10, 10, 10, 6, 6, 6, 6, 6, 11, 11, 11, 11, 10, 10, 10, 10, 10, 10, 10, 10, 6, 6, 6, 6, 11, 11, 11, 11, 10, 10, 10, 10, 10, 10, 10, 10, 6, 6, 6, 6, 11, 11, 11, 10, 10, 10, 10, 10, 10, 10, 10, 10, 10, 6, 6, 6, 11, 11, 11, 10, 10, 10, 10, 10, 10, 10, 10, 10, 10, 6, 6, 6, 11, 11, 10, 10, 10, 10, 10, 10, 10, 10, 10, 10, 10, 10, 6, 6, 18, 18, 18, 18, 18, 18, 18, 18, 23, 23, 23, 23, 23, 23, 23, 23, 18, 18, 18, 18, 18, 18, 18, 18, 23, 23, 23, 23, 23, 23, 23, 23, 18, 18, 18, 18, 18, 18, 18, 18, 1, 1, 1, 1, 1, 1, 1, 1, 2, 2, 2, 2, 2, 2, 18, 18, 1, 1, 1, 1, 1, 1, 1, 1, 2, 2, 2, 2, 2, 2, 2, 2, 1, 1, 1, 1, 1, 1, 1, 1, 2, 2, 2, 2, 2, 2, 2, 2, 1, 1, 1, 1, 1, 1, 1, 1, 2, 2, 2, 2, 2, 2, 32, 0, 0, 0, 1, 1, 1, 1, 1, 1, 2, 2, 2, 32, 32, 32, 32, 0, 0, 0, 28, 28, 28, 28, 28, 33, 14, 14, 14, 14, 22, 22, 22, 9, 9, 9, 15, 15, 15, 15, 15, 16, 14, 14, 14, 22, 22, 22, 22, 9, 9, 9, 9, 15, 15, 15, 15, 15, 14, 14, 22, 22, 22, 22, 22, 9, 9, 9, 9, 15, 15, 15, 15, 15, 22, 22, 22, 22, 22, 22, 9, 9, 9, 9, 9, 9, 15, 15, 15, 15, 22, 22, 22, 22, 22, 22, 9, 9, 9, 9, 9, 9, 9, 15, 15, 15, 22, 22, 22, 22, 22, 22, 9, 9, 9, 9, 9, 9, 9, 15, 15, 15, 22, 22, 22, 22, 22, 22, 9, 9, 9, 9, 9, 9, 9, 9, 15, 15, 22, 22, 22, 22, 22, 9, 9, 9, 9, 9, 9, 9, 9, 9, 9, 15, 73, 67, 69, 1, 86, 65, 76, 69, 2, 0, 0, 0, 34, 0, 0, 0, 186, 0, 0, 0, 7, 0, 0, 0, 6, 6, 6, 5, 6, 7, 6, 5, 7, 5, 5, 6, 6, 5, 5, 5, 4, 6, 5, 5, 7, 5, 6, 6, 4, 6, 6, 5, 5, 4, 6, 4, 5, 6, 9, 22, 32, 2, 1, 28, 2, 18, 23, 33, 28, 0, 0, 32, 21, 30, 18, 1, 4, 31, 10, 29, 5, 5, 19, 17, 13, 31, 3, 3, 29, 7, 27, 26, 19, 4, 7, 29, 10, 9, 15, 8, 8, 27, 5, 29, 6, 6, 15, 16, 33, 25, 27, 7, 15, 6, 10, 22, 0, 6, 3, 11, 22, 9, 12, 14, 22, 10, 31, 13, 13, 17, 30, 21, 14, 11, 11, 31, 4, 17, 12, 12, 21, 32, 22, 11, 28, 16, 8, 6, 9, 15, 28, 33, 8, 4, 19, 20, 30, 12, 13, 2, 30, 20, 23, 1, 5, 26, 20, 17, 4, 19, 26, 24, 23, 18, 30, 17, 12, 30, 2, 32, 14, 14, 32, 0, 9, 10, 11, 24, 25, 33, 1, 18, 20, 20, 26, 25, 23, 24, 26, 27, 8, 33, 23, 5, 27, 25, 24, 20, 19, 25, 26, 5, 7, 8, 0, 1, 33, 16, 15, 7, 5, 3, 6, 2, 21, 12, 17, 20, 18, 3, 4, 13, 11, 14, 21, 2, 0, 22, 1, 23, 25, 8, 16, 28, 0, 0, 128, 191, 51, 118, 139, 60, 244, 217, 170, 60, 90, 9, 33, 60, 90, 9, 33, 60]
            }
        }

        over "Link6_cover"
        {
            over "collisions" (
                prepend apiSchemas = ["PhysxCookedDataAPI:convexHull"]
            )
            {
                uchar[] physxCookedData:convexHull:buffer = [9, 63, 207, 124, 183, 186, 66, 9, 214, 212, 234, 55, 49, 25, 242, 200, 5, 78, 88, 83, 1, 67, 86, 88, 77, 14, 0, 0, 0, 0, 0, 0, 0, 73, 67, 69, 1, 67, 76, 72, 76, 9, 0, 0, 0, 34, 0, 0, 0, 85, 128, 0, 0, 53, 0, 0, 0, 170, 0, 0, 0, 3, 120, 11, 61, 43, 166, 121, 188, 90, 245, 57, 188, 202, 236, 184, 60, 182, 240, 13, 187, 41, 162, 154, 188, 3, 120, 11, 61, 43, 166, 121, 60, 90, 245, 57, 188, 3, 120, 11, 61, 43, 166, 121, 188, 90, 245, 57, 60, 3, 120, 11, 61, 43, 166, 121, 60, 90, 245, 57, 60, 166, 85, 185, 60, 182, 240, 13, 59, 41, 162, 154, 60, 254, 42, 58, 187, 152, 15, 245, 187, 93, 21, 143, 188, 15, 159, 148, 60, 163, 149, 155, 188, 235, 58, 14, 58, 16, 58, 15, 187, 44, 44, 252, 187, 29, 79, 142, 60, 16, 58, 15, 187, 44, 44, 252, 59, 29, 79, 142, 60, 15, 159, 148, 60, 163, 149, 155, 60, 235, 58, 14, 186, 148, 95, 58, 187, 154, 5, 245, 59, 110, 22, 143, 188, 112, 178, 130, 60, 4, 169, 137, 188, 140, 69, 17, 188, 112, 178, 130, 60, 4, 169, 137, 60, 140, 69, 17, 60, 3, 120, 11, 61, 80, 16, 154, 60, 74, 53, 49, 59, 209, 166, 124, 60, 253, 73, 133, 60, 161, 192, 32, 188, 209, 166, 124, 60, 253, 73, 133, 188, 161, 192, 32, 60, 3, 120, 11, 61, 211, 136, 150, 188, 57, 70, 158, 59, 247, 47, 196, 60, 65, 91, 242, 59, 253, 94, 143, 188, 209, 152, 196, 60, 65, 91, 242, 187, 253, 94, 143, 60, 3, 120, 11, 61, 67, 140, 152, 188, 28, 72, 119, 187, 163, 149, 2, 188, 12, 180, 52, 58, 168, 139, 155, 60, 111, 18, 3, 188, 160, 86, 147, 36, 227, 165, 155, 188, 217, 196, 215, 187, 141, 223, 148, 187, 250, 33, 151, 188, 181, 198, 215, 187, 219, 220, 148, 187, 36, 34, 151, 60, 181, 198, 215, 187, 219, 220, 148, 59, 36, 34, 151, 188, 54, 179, 205, 187, 144, 128, 162, 59, 175, 64, 150, 60, 3, 120, 11, 61, 67, 140, 152, 60, 28, 72, 119, 187, 77, 7, 204, 60, 18, 19, 25, 188, 167, 135, 135, 188, 41, 112, 204, 60, 18, 19, 25, 60, 167, 135, 135, 60, 89, 80, 81, 60, 130, 61, 95, 188, 49, 244, 88, 188, 89, 80, 81, 60, 130, 61, 95, 60, 49, 244, 88, 60, 53, 60, 61, 60, 95, 41, 75, 60, 128, 220, 107, 188, 107, 144, 68, 60, 148, 125, 82, 188, 54, 88, 101, 60, 0, 0, 128, 63, 0, 0, 0, 0, 0, 0, 0, 0, 3, 120, 11, 189, 0, 0, 8, 22, 209, 99, 12, 63, 0, 0, 0, 0, 88, 18, 86, 191, 62, 184, 230, 188, 8, 0, 3, 21, 147, 209, 12, 63, 0, 0, 0, 0, 53, 202, 85, 63, 160, 21, 231, 188, 11, 0, 3, 22, 91, 134, 247, 190, 253, 23, 96, 191, 131, 130, 110, 59, 215, 183, 0, 188, 14, 0, 3, 14, 252, 113, 247, 190, 158, 29, 96, 63, 234, 42, 111, 59, 234, 185, 0, 188, 17, 0, 3, 20, 53, 61, 203, 190, 30, 249, 104, 191, 16, 92, 244, 189, 213, 32, 36, 188, 20, 0, 3, 14, 24, 59, 205, 190, 21, 148, 104, 63, 210, 197, 241, 61, 226, 128, 34, 188, 23, 0, 3, 20, 141, 149, 226, 60, 9, 138, 108, 63, 161, 75, 195, 62, 50, 132, 158, 188, 26, 0, 3, 12, 20, 120, 8, 189, 154, 163, 121, 63, 70, 69, 96, 62, 35, 203, 145, 188, 29, 0, 3, 20, 24, 59, 191, 190, 10, 249, 105, 63, 89, 128, 34, 190, 63, 201, 46, 188, 32, 0, 3, 17, 120, 108, 19, 189, 148, 48, 118, 191, 40, 42, 139, 62, 51, 123, 145, 188, 35, 0, 3, 27, 43, 238, 103, 60, 218, 164, 102, 191, 17, 12, 222, 62, 194, 187, 156, 188, 38, 0, 3, 15, 82, 6, 193, 190, 93, 170, 105, 191, 71, 22, 33, 62, 223, 91, 45, 188, 41, 0, 3, 27, 168, 186, 249, 62, 98, 215, 97, 61, 136, 9, 95, 191, 40, 241, 223, 188, 44, 0, 3, 21, 111, 204, 250, 62, 70, 240, 95, 189, 154, 190, 94, 63, 64, 92, 224, 188, 47, 0, 3, 22, 187, 39, 254, 60, 188, 197, 127, 191, 221, 209, 233, 60, 27, 47, 160, 188, 50, 0, 3, 10, 14, 126, 21, 189, 215, 166, 121, 191, 117, 134, 95, 190, 247, 84, 145, 188, 53, 0, 3, 14, 252, 31, 189, 60, 112, 174, 105, 191, 214, 191, 208, 190, 106, 74, 158, 188, 56, 0, 3, 13, 174, 24, 118, 191, 128, 0, 141, 190, 35, 109, 188, 59, 49, 108, 248, 187, 59, 0, 4, 14, 50, 73, 25, 191, 3, 9, 77, 191, 189, 167, 98, 54, 19, 110, 248, 187, 63, 0, 4, 14, 255, 93, 126, 186, 80, 40, 166, 190, 240, 36, 114, 63, 80, 21, 155, 188, 67, 0, 3, 18, 154, 38, 31, 60, 55, 131, 1, 190, 153, 238, 125, 63, 202, 240, 152, 188, 70, 0, 4, 25, 241, 25, 151, 187, 92, 140, 249, 189, 245, 22, 126, 191, 234, 201, 154, 188, 74, 0, 3, 5, 205, 78, 136, 185, 203, 166, 162, 62, 33, 189, 114, 191, 29, 36, 155, 188, 77, 0, 3, 19, 108, 193, 91, 60, 120, 218, 7, 62, 189, 182, 125, 191, 5, 97, 153, 188, 80, 0, 4, 24, 189, 95, 116, 191, 83, 134, 152, 62, 172, 162, 152, 187, 152, 35, 253, 187, 84, 0, 3, 20, 44, 22, 14, 191, 236, 241, 84, 63, 238, 245, 172, 59, 97, 131, 252, 187, 87, 0, 3, 20, 86, 215, 29, 191, 16, 140, 73, 63, 35, 6, 118, 187, 50, 130, 252, 187, 90, 0, 3, 20, 86, 238, 109, 191, 12, 239, 188, 62, 247, 124, 107, 59, 89, 78, 253, 187, 93, 0, 3, 20, 252, 246, 113, 187, 65, 171, 26, 62, 168, 15, 125, 63, 153, 218, 154, 188, 96, 0, 3, 1, 151, 241, 138, 60, 199, 181, 105, 63, 101, 198, 208, 190, 196, 153, 156, 188, 99, 0, 3, 16, 64, 8, 7, 189, 238, 39, 118, 63, 130, 153, 139, 190, 3, 234, 145, 188, 102, 0, 3, 17, 33, 72, 143, 60, 64, 219, 127, 63, 169, 228, 233, 188, 63, 57, 158, 188, 105, 0, 3, 7, 200, 121, 51, 60, 243, 105, 156, 190, 209, 190, 115, 191, 93, 173, 154, 188, 108, 0, 4, 26, 251, 200, 208, 62, 98, 113, 35, 190, 42, 38, 102, 191, 128, 66, 217, 188, 112, 0, 3, 21, 14, 175, 72, 60, 90, 27, 158, 62, 215, 119, 115, 63, 18, 208, 154, 188, 115, 0, 4, 23, 175, 6, 210, 62, 76, 85, 34, 62, 111, 234, 101, 63, 67, 183, 217, 188, 119, 0, 3, 22, 170, 194, 30, 188, 203, 243, 79, 191, 173, 72, 21, 191, 233, 233, 152, 188, 122, 0, 3, 4, 105, 80, 87, 190, 118, 115, 91, 191, 223, 169, 240, 190, 178, 85, 121, 188, 125, 0, 3, 4, 158, 213, 78, 188, 156, 130, 22, 191, 94, 14, 79, 191, 141, 10, 152, 188, 128, 0, 3, 29, 192, 79, 157, 60, 84, 226, 36, 191, 150, 196, 67, 191, 46, 219, 156, 188, 131, 0, 3, 31, 170, 194, 30, 188, 203, 243, 79, 63, 173, 72, 21, 63, 233, 233, 152, 188, 134, 0, 3, 0, 5, 250, 86, 190, 25, 113, 91, 63, 211, 197, 240, 62, 36, 113, 121, 188, 137, 0, 3, 0, 133, 233, 55, 188, 3, 36, 23, 63, 5, 154, 78, 63, 28, 69, 152, 188, 140, 0, 3, 28, 171, 45, 157, 60, 105, 233, 36, 63, 164, 190, 67, 63, 80, 219, 156, 188, 143, 0, 3, 30, 3, 40, 37, 190, 128, 38, 81, 63, 212, 186, 13, 191, 72, 5, 133, 188, 146, 0, 3, 3, 123, 210, 39, 188, 9, 174, 68, 63, 25, 217, 35, 191, 127, 141, 152, 188, 149, 0, 3, 3, 233, 246, 15, 61, 211, 162, 22, 63, 77, 203, 78, 191, 115, 92, 158, 188, 152, 0, 3, 8, 142, 246, 4, 58, 2, 58, 7, 63, 189, 94, 89, 191, 79, 215, 153, 188, 155, 0, 3, 8, 21, 106, 49, 190, 234, 189, 83, 191, 107, 223, 8, 63, 45, 85, 131, 188, 158, 0, 3, 2, 39, 247, 15, 188, 38, 18, 71, 191, 170, 240, 32, 63, 142, 17, 153, 188, 161, 0, 3, 2, 103, 121, 6, 61, 24, 43, 23, 191, 43, 110, 78, 63, 158, 215, 157, 188, 164, 0, 3, 11, 89, 122, 7, 59, 46, 58, 11, 191, 55, 212, 86, 63, 244, 171, 153, 188, 167, 0, 3, 32, 27, 14, 4, 3, 17, 20, 0, 2, 0, 1, 2, 3, 4, 5, 6, 7, 8, 9, 10, 11, 12, 7, 6, 13, 10, 9, 13, 4, 14, 13, 14, 10, 15, 11, 10, 16, 7, 17, 16, 17, 3, 16, 8, 7, 18, 2, 1, 19, 3, 5, 20, 17, 7, 20, 7, 12, 20, 12, 0, 21, 22, 23, 24, 24, 23, 6, 8, 24, 8, 19, 19, 5, 21, 24, 23, 22, 1, 25, 11, 18, 18, 1, 22, 25, 25, 22, 21, 26, 9, 11, 26, 11, 25, 26, 25, 21, 26, 21, 5, 27, 2, 15, 27, 15, 10, 27, 10, 14, 28, 6, 23, 1, 28, 1, 0, 29, 9, 26, 5, 29, 5, 4, 30, 0, 12, 30, 12, 6, 30, 6, 28, 30, 28, 0, 31, 4, 13, 31, 13, 9, 31, 9, 29, 31, 29, 4, 32, 11, 15, 32, 15, 2, 32, 2, 18, 32, 18, 11, 33, 8, 16, 33, 16, 3, 33, 3, 19, 33, 19, 8, 0, 32, 0, 7, 0, 2, 0, 11, 0, 15, 0, 17, 0, 1, 0, 30, 1, 34, 1, 13, 2, 36, 2, 14, 3, 5, 3, 12, 3, 19, 4, 6, 4, 9, 4, 26, 5, 16, 5, 38, 6, 8, 6, 42, 7, 41, 7, 8, 8, 32, 9, 45, 9, 31, 10, 12, 10, 15, 10, 11, 11, 50, 12, 49, 13, 47, 13, 24, 14, 51, 14, 21, 15, 16, 16, 17, 17, 37, 18, 25, 18, 22, 18, 19, 18, 21, 19, 33, 19, 20, 20, 52, 20, 21, 21, 29, 22, 24, 22, 33, 23, 27, 23, 48, 23, 24, 24, 25, 25, 28, 26, 35, 26, 27, 27, 28, 28, 29, 29, 35, 30, 46, 30, 31, 31, 32, 33, 39, 33, 34, 34, 40, 35, 43, 35, 36, 36, 44, 37, 40, 37, 38, 38, 39, 39, 40, 41, 44, 41, 42, 42, 43, 43, 44, 45, 48, 45, 46, 46, 47, 47, 48, 49, 52, 49, 50, 50, 51, 51, 52, 0, 1, 17, 1, 13, 22, 0, 1, 13, 0, 2, 11, 0, 2, 7, 2, 14, 21, 3, 5, 19, 3, 5, 10, 3, 12, 19, 4, 6, 26, 4, 6, 8, 4, 9, 23, 5, 16, 17, 6, 7, 8, 0, 7, 8, 9, 30, 31, 10, 11, 12, 0, 10, 11, 13, 23, 24, 14, 20, 21, 0, 15, 16, 18, 21, 25, 18, 22, 24, 18, 19, 22, 18, 19, 20, 23, 24, 25, 26, 27, 28, 0, 30, 31, 33, 34, 39, 35, 36, 43, 37, 38, 39, 41, 42, 43, 45, 46, 47, 49, 50, 51, 27, 0, 14, 0, 14, 0, 4, 0, 4, 0, 3, 0, 3, 0, 17, 0, 17, 0, 20, 0, 20, 0, 0, 0, 0, 0, 2, 0, 2, 0, 27, 0, 0, 0, 1, 0, 1, 0, 2, 0, 4, 0, 5, 0, 5, 0, 3, 0, 6, 0, 7, 0, 7, 0, 8, 0, 8, 0, 6, 0, 9, 0, 10, 0, 10, 0, 11, 0, 11, 0, 9, 0, 12, 0, 7, 0, 6, 0, 12, 0, 13, 0, 10, 0, 9, 0, 13, 0, 13, 0, 4, 0, 14, 0, 13, 0, 14, 0, 10, 0, 15, 0, 11, 0, 10, 0, 15, 0, 16, 0, 7, 0, 7, 0, 17, 0, 17, 0, 16, 0, 3, 0, 16, 0, 16, 0, 8, 0, 18, 0, 2, 0, 1, 0, 18, 0, 19, 0, 3, 0, 5, 0, 19, 0, 7, 0, 20, 0, 12, 0, 20, 0, 12, 0, 0, 0, 21, 0, 22, 0, 22, 0, 23, 0, 23, 0, 24, 0, 24, 0, 21, 0, 23, 0, 6, 0, 8, 0, 24, 0, 8, 0, 19, 0, 19, 0, 24, 0, 5, 0, 21, 0, 22, 0, 1, 0, 1, 0, 23, 0, 25, 0, 11, 0, 11, 0, 18, 0, 18, 0, 25, 0, 22, 0, 25, 0, 21, 0, 25, 0, 26, 0, 9, 0, 11, 0, 26, 0, 25, 0, 26, 0, 21, 0, 26, 0, 5, 0, 26, 0, 2, 0, 15, 0, 15, 0, 27, 0, 10, 0, 27, 0, 28, 0, 6, 0, 1, 0, 28, 0, 0, 0, 28, 0, 29, 0, 9, 0, 5, 0, 29, 0, 4, 0, 29, 0, 30, 0, 0, 0, 12, 0, 30, 0, 6, 0, 30, 0, 28, 0, 30, 0, 31, 0, 4, 0, 13, 0, 31, 0, 9, 0, 31, 0, 29, 0, 31, 0, 32, 0, 11, 0, 15, 0, 32, 0, 2, 0, 32, 0, 18, 0, 32, 0, 33, 0, 8, 0, 16, 0, 33, 0, 3, 0, 33, 0, 19, 0, 33, 0, 0, 0, 0, 0, 112, 18, 3, 188, 163, 149, 155, 188, 228, 165, 155, 188, 3, 120, 11, 61, 163, 149, 155, 60, 168, 139, 155, 60, 200, 122, 24, 56, 233, 45, 198, 49, 249, 185, 71, 44, 42, 187, 14, 171, 249, 185, 71, 44, 150, 205, 139, 50, 207, 227, 210, 172, 42, 187, 14, 171, 207, 227, 210, 172, 93, 59, 134, 50, 3, 43, 127, 60, 0, 19, 68, 52, 251, 128, 40, 183, 0, 0, 128, 63, 73, 67, 69, 1, 83, 85, 80, 77, 0, 0, 0, 0, 73, 67, 69, 1, 71, 65, 85, 83, 0, 0, 0, 0, 16, 0, 0, 0, 0, 6, 0, 0, 0, 0, 0, 0, 0, 20, 20, 20, 17, 17, 17, 17, 3, 3, 3, 3, 0, 0, 0, 0, 0, 20, 20, 20, 17, 17, 17, 3, 3, 3, 3, 3, 0, 0, 0, 0, 0, 0, 20, 20, 17, 17, 17, 3, 3, 3, 3, 3, 0, 0, 0, 0, 0, 0, 20, 20, 17, 17, 3, 3, 3, 3, 3, 3, 0, 0, 0, 0, 0, 0, 20, 20, 17, 17, 3, 3, 3, 3, 3, 3, 0, 0, 0, 0, 0, 0, 0, 20, 17, 3, 3, 3, 3, 3, 3, 3, 0, 0, 0, 0, 0, 0, 0, 20, 17, 3, 3, 3, 3, 3, 3, 3, 0, 0, 0, 0, 0, 0, 0, 0, 3, 3, 3, 3, 3, 3, 3, 3, 2, 2, 2, 2, 2, 2, 2, 2, 4, 4, 4, 4, 4, 4, 4, 4, 2, 2, 2, 2, 2, 2, 2, 27, 14, 4, 4, 4, 4, 4, 4, 4, 2, 2, 2, 2, 2, 2, 2, 27, 14, 4, 4, 4, 4, 4, 4, 4, 2, 2, 2, 2, 2, 2, 27, 27, 14, 4, 4, 4, 4, 4, 4, 4, 2, 2, 2, 2, 2, 2, 27, 27, 14, 14, 4, 4, 4, 4, 4, 4, 2, 2, 2, 2, 2, 2, 27, 27, 14, 14, 4, 4, 4, 4, 4, 4, 2, 2, 2, 2, 2, 27, 27, 27, 14, 14, 14, 4, 4, 4, 4, 4, 2, 2, 2, 2, 2, 27, 27, 27, 14, 14, 14, 4, 4, 4, 4, 4, 23, 23, 23, 23, 23, 23, 23, 23, 24, 24, 24, 24, 24, 24, 24, 24, 23, 23, 23, 23, 23, 23, 23, 23, 24, 24, 24, 24, 24, 24, 24, 24, 23, 23, 23, 23, 23, 23, 23, 23, 24, 24, 24, 24, 24, 24, 24, 24, 23, 23, 23, 23, 23, 23, 23, 23, 24, 24, 24, 24, 24, 24, 24, 24, 23, 23, 23, 23, 23, 23, 23, 23, 24, 24, 24, 24, 24, 24, 24, 24, 22, 22, 22, 22, 22, 22, 22, 23, 24, 24, 24, 24, 24, 21, 21, 21, 22, 22, 22, 22, 22, 22, 22, 22, 21, 21, 21, 21, 21, 21, 21, 21, 22, 22, 22, 22, 22, 22, 22, 22, 21, 21, 21, 21, 21, 21, 21, 21, 22, 22, 22, 22, 22, 22, 22, 22, 21, 21, 21, 21, 21, 21, 21, 21, 22, 22, 22, 22, 22, 22, 22, 22, 21, 21, 21, 21, 21, 21, 21, 21, 22, 22, 22, 22, 22, 22, 22, 25, 21, 21, 21, 21, 21, 21, 21, 21, 25, 25, 25, 25, 25, 25, 25, 25, 26, 26, 26, 21, 21, 21, 21, 21, 25, 25, 25, 25, 25, 25, 25, 25, 26, 26, 26, 26, 26, 26, 26, 26, 25, 25, 25, 25, 25, 25, 25, 25, 26, 26, 26, 26, 26, 26, 26, 26, 25, 25, 25, 25, 25, 25, 25, 25, 26, 26, 26, 26, 26, 26, 26, 26, 25, 25, 25, 25, 25, 25, 25, 25, 26, 26, 26, 26, 26, 26, 26, 26, 25, 25, 25, 25, 11, 11, 11, 32, 2, 2, 2, 2, 2, 2, 2, 2, 25, 25, 25, 25, 11, 11, 11, 32, 2, 2, 2, 2, 2, 2, 2, 2, 25, 25, 25, 25, 11, 11, 11, 15, 2, 2, 2, 2, 2, 2, 2, 2, 25, 25, 25, 11, 11, 11, 15, 15, 2, 2, 2, 2, 2, 2, 2, 2, 25, 25, 25, 11, 11, 11, 15, 15, 2, 2, 2, 2, 2, 2, 2, 2, 25, 25, 25, 11, 11, 15, 15, 15, 27, 27, 27, 27, 27, 27, 27, 27, 25, 25, 25, 11, 11, 15, 10, 10, 27, 27, 27, 27, 27, 27, 27, 27, 25, 25, 11, 11, 10, 10, 10, 10, 27, 27, 27, 27, 27, 27, 27, 27, 26, 26, 26, 9, 10, 10, 10, 10, 14, 14, 14, 14, 14, 14, 14, 14, 26, 26, 26, 9, 9, 13, 13, 10, 14, 14, 14, 14, 14, 14, 14, 14, 26, 26, 26, 26, 9, 13, 13, 13, 14, 14, 14, 14, 14, 14, 14, 14, 26, 26, 26, 26, 9, 9, 13, 13, 4, 4, 4, 4, 4, 4, 4, 4, 26, 26, 26, 26, 9, 9, 31, 13, 4, 4, 4, 4, 4, 4, 4, 4, 26, 26, 26, 26, 9, 9, 9, 31, 4, 4, 4, 4, 4, 4, 4, 4, 26, 26, 26, 26, 26, 9, 9, 31, 4, 4, 4, 4, 4, 4, 4, 4, 26, 26, 26, 26, 26, 9, 9, 31, 4, 4, 4, 4, 4, 4, 4, 4, 23, 23, 23, 23, 6, 6, 6, 30, 0, 0, 0, 0, 0, 0, 0, 0, 23, 23, 23, 23, 6, 6, 6, 30, 0, 0, 0, 0, 0, 0, 0, 0, 23, 23, 23, 23, 6, 6, 6, 30, 0, 0, 0, 0, 0, 0, 0, 0, 23, 23, 23, 6, 6, 6, 30, 12, 0, 0, 0, 0, 0, 0, 0, 0, 23, 23, 23, 6, 6, 6, 12, 12, 0, 0, 0, 0, 0, 0, 0, 0, 23, 23, 23, 6, 6, 12, 12, 12, 20, 20, 20, 20, 20, 20, 20, 20, 23, 23, 23, 6, 6, 12, 12, 7, 20, 20, 20, 20, 20, 20, 20, 20, 23, 23, 6, 6, 7, 7, 7, 7, 20, 20, 20, 20, 20, 20, 20, 20, 24, 24, 24, 8, 7, 7, 7, 7, 17, 17, 17, 17, 17, 17, 17, 17, 24, 24, 24, 8, 8, 16, 7, 7, 17, 17, 17, 17, 17, 17, 17, 17, 24, 24, 24, 8, 8, 16, 16, 16, 17, 17, 17, 17, 17, 17, 17, 17, 24, 24, 24, 8, 8, 8, 16, 16, 17, 17, 17, 17, 17, 17, 17, 17, 24, 24, 24, 24, 8, 8, 16, 16, 3, 3, 3, 3, 3, 3, 3, 3, 24, 24, 24, 24, 8, 8, 8, 16, 3, 3, 3, 3, 3, 3, 3, 3, 24, 24, 24, 24, 8, 8, 8, 33, 3, 3, 3, 3, 3, 3, 3, 3, 24, 24, 24, 24, 8, 8, 8, 33, 3, 3, 3, 3, 3, 3, 3, 3, 24, 24, 24, 24, 24, 21, 21, 21, 21, 21, 21, 21, 26, 26, 26, 26, 24, 24, 24, 24, 24, 24, 21, 21, 21, 21, 21, 21, 26, 26, 26, 26, 24, 24, 24, 24, 24, 24, 21, 21, 21, 21, 21, 26, 26, 26, 26, 26, 24, 24, 24, 24, 24, 24, 21, 21, 21, 21, 21, 26, 26, 26, 26, 26, 8, 24, 24, 24, 24, 24, 21, 21, 21, 21, 21, 26, 26, 26, 26, 26, 8, 8, 24, 24, 24, 24, 24, 21, 21, 21, 26, 26, 26, 26, 9, 9, 8, 8, 8, 24, 24, 24, 24, 21, 21, 21, 26, 26, 26, 9, 9, 9, 33, 33, 8, 8, 8, 24, 24, 21, 21, 26, 26, 9, 9, 9, 31, 31, 3, 3, 3, 19, 19, 19, 19, 5, 5, 5, 29, 29, 29, 29, 4, 4, 3, 3, 3, 3, 19, 19, 19, 5, 5, 5, 29, 29, 4, 4, 4, 4, 3, 3, 3, 3, 3, 19, 19, 5, 5, 5, 29, 4, 4, 4, 4, 4, 3, 3, 3, 3, 3, 3, 3, 5, 5, 4, 4, 4, 4, 4, 4, 4, 3, 3, 3, 3, 3, 3, 3, 3, 4, 4, 4, 4, 4, 4, 4, 4, 3, 3, 3, 3, 3, 3, 3, 3, 4, 4, 4, 4, 4, 4, 4, 4, 3, 3, 3, 3, 3, 3, 3, 3, 4, 4, 4, 4, 4, 4, 4, 4, 3, 3, 3, 3, 3, 3, 3, 3, 4, 4, 4, 4, 4, 4, 4, 4, 23, 23, 23, 23, 23, 22, 22, 22, 22, 22, 22, 25, 25, 25, 25, 25, 23, 23, 23, 23, 23, 22, 22, 22, 22, 22, 22, 25, 25, 25, 25, 25, 23, 23, 23, 23, 23, 22, 22, 22, 22, 22, 22, 25, 25, 25, 25, 25, 23, 23, 23, 23, 23, 23, 22, 22, 22, 22, 25, 25, 25, 25, 25, 25, 6, 23, 23, 23, 23, 23, 22, 22, 22, 22, 25, 25, 25, 25, 25, 11, 6, 6, 23, 23, 23, 23, 22, 22, 22, 22, 25, 25, 25, 25, 11, 11, 6, 6, 6, 6, 23, 23, 23, 22, 22, 25, 25, 25, 11, 11, 11, 11, 30, 30, 6, 6, 6, 23, 23, 22, 22, 25, 25, 11, 11, 11, 32, 32, 0, 0, 28, 28, 28, 28, 1, 1, 1, 18, 18, 18, 18, 2, 2, 2, 0, 0, 0, 0, 28, 28, 1, 1, 1, 18, 18, 18, 2, 2, 2, 2, 0, 0, 0, 0, 0, 28, 1, 1, 1, 18, 18, 2, 2, 2, 2, 2, 0, 0, 0, 0, 0, 0, 0, 1, 1, 2, 2, 2, 2, 2, 2, 2, 0, 0, 0, 0, 0, 0, 0, 0, 2, 2, 2, 2, 2, 2, 2, 2, 0, 0, 0, 0, 0, 0, 0, 0, 2, 2, 2, 2, 2, 2, 2, 2, 0, 0, 0, 0, 0, 0, 0, 0, 2, 2, 2, 2, 2, 2, 2, 2, 0, 0, 0, 0, 0, 0, 0, 0, 2, 2, 2, 2, 2, 2, 2, 2, 26, 26, 26, 26, 26, 26, 26, 26, 25, 25, 25, 25, 25, 25, 25, 25, 26, 26, 26, 26, 26, 26, 26, 26, 25, 25, 25, 25, 25, 25, 25, 25, 26, 26, 26, 26, 26, 26, 26, 26, 25, 25, 25, 25, 25, 25, 25, 25, 26, 26, 26, 26, 26, 26, 26, 26, 25, 25, 25, 25, 25, 25, 25, 25, 21, 21, 21, 21, 21, 26, 26, 26, 25, 25, 25, 25, 25, 25, 25, 25, 21, 21, 21, 21, 21, 21, 21, 21, 25, 22, 22, 22, 22, 22, 22, 22, 21, 21, 21, 21, 21, 21, 21, 21, 22, 22, 22, 22, 22, 22, 22, 22, 21, 21, 21, 21, 21, 21, 21, 21, 22, 22, 22, 22, 22, 22, 22, 22, 21, 21, 21, 21, 21, 21, 21, 21, 22, 22, 22, 22, 22, 22, 22, 22, 21, 21, 21, 21, 21, 21, 21, 21, 22, 22, 22, 22, 22, 22, 22, 22, 21, 21, 21, 24, 24, 24, 24, 24, 23, 22, 22, 22, 22, 22, 22, 22, 24, 24, 24, 24, 24, 24, 24, 24, 23, 23, 23, 23, 23, 23, 23, 23, 24, 24, 24, 24, 24, 24, 24, 24, 23, 23, 23, 23, 23, 23, 23, 23, 24, 24, 24, 24, 24, 24, 24, 24, 23, 23, 23, 23, 23, 23, 23, 23, 24, 24, 24, 24, 24, 24, 24, 24, 23, 23, 23, 23, 23, 23, 23, 23, 24, 24, 24, 24, 24, 24, 24, 24, 23, 23, 23, 23, 23, 23, 23, 23, 4, 4, 4, 4, 4, 14, 14, 14, 27, 27, 27, 2, 2, 2, 2, 2, 4, 4, 4, 4, 4, 14, 14, 14, 27, 27, 27, 2, 2, 2, 2, 2, 4, 4, 4, 4, 4, 4, 14, 14, 27, 27, 2, 2, 2, 2, 2, 2, 4, 4, 4, 4, 4, 4, 14, 14, 27, 27, 2, 2, 2, 2, 2, 2, 4, 4, 4, 4, 4, 4, 4, 14, 27, 27, 2, 2, 2, 2, 2, 2, 4, 4, 4, 4, 4, 4, 4, 14, 27, 2, 2, 2, 2, 2, 2, 2, 4, 4, 4, 4, 4, 4, 4, 14, 27, 2, 2, 2, 2, 2, 2, 2, 4, 4, 4, 4, 4, 4, 4, 4, 2, 2, 2, 2, 2, 2, 2, 2, 3, 3, 3, 3, 3, 3, 3, 3, 0, 0, 0, 0, 0, 0, 0, 0, 3, 3, 3, 3, 3, 3, 3, 17, 20, 0, 0, 0, 0, 0, 0, 0, 3, 3, 3, 3, 3, 3, 3, 17, 20, 0, 0, 0, 0, 0, 0, 0, 3, 3, 3, 3, 3, 3, 17, 17, 20, 20, 0, 0, 0, 0, 0, 0, 3, 3, 3, 3, 3, 3, 17, 17, 20, 20, 0, 0, 0, 0, 0, 0, 3, 3, 3, 3, 3, 17, 17, 17, 20, 20, 0, 0, 0, 0, 0, 0, 3, 3, 3, 3, 3, 17, 17, 17, 20, 20, 20, 0, 0, 0, 0, 0, 3, 3, 3, 3, 17, 17, 17, 17, 20, 20, 20, 0, 0, 0, 0, 0, 3, 3, 3, 3, 3, 3, 3, 3, 33, 8, 8, 8, 24, 24, 24, 24, 3, 3, 3, 3, 3, 3, 3, 3, 33, 8, 8, 8, 24, 24, 24, 24, 3, 3, 3, 3, 3, 3, 3, 3, 16, 8, 8, 8, 24, 24, 24, 24, 3, 3, 3, 3, 3, 3, 3, 3, 16, 16, 8, 8, 24, 24, 24, 24, 17, 17, 17, 17, 17, 17, 17, 17, 16, 16, 8, 8, 8, 24, 24, 24, 17, 17, 17, 17, 17, 17, 17, 17, 16, 16, 16, 8, 8, 24, 24, 24, 17, 17, 17, 17, 17, 17, 17, 17, 7, 7, 16, 8, 8, 24, 24, 24, 17, 17, 17, 17, 17, 17, 17, 17, 7, 7, 7, 7, 8, 24, 24, 24, 20, 20, 20, 20, 20, 20, 20, 20, 7, 7, 7, 7, 6, 6, 23, 23, 20, 20, 20, 20, 20, 20, 20, 20, 7, 12, 12, 6, 6, 23, 23, 23, 20, 20, 20, 20, 20, 20, 20, 20, 12, 12, 12, 6, 6, 23, 23, 23, 0, 0, 0, 0, 0, 0, 0, 0, 12, 12, 6, 6, 6, 23, 23, 23, 0, 0, 0, 0, 0, 0, 0, 0, 12, 30, 6, 6, 6, 23, 23, 23, 0, 0, 0, 0, 0, 0, 0, 0, 30, 6, 6, 6, 23, 23, 23, 23, 0, 0, 0, 0, 0, 0, 0, 0, 30, 6, 6, 6, 23, 23, 23, 23, 0, 0, 0, 0, 0, 0, 0, 0, 30, 6, 6, 6, 23, 23, 23, 23, 4, 4, 4, 4, 4, 4, 4, 4, 31, 9, 9, 26, 26, 26, 26, 26, 4, 4, 4, 4, 4, 4, 4, 4, 31, 9, 9, 26, 26, 26, 26, 26, 4, 4, 4, 4, 4, 4, 4, 4, 31, 9, 9, 9, 26, 26, 26, 26, 4, 4, 4, 4, 4, 4, 4, 4, 13, 31, 9, 9, 26, 26, 26, 26, 4, 4, 4, 4, 4, 4, 4, 4, 13, 13, 9, 9, 26, 26, 26, 26, 14, 14, 14, 14, 14, 14, 14, 14, 13, 13, 13, 9, 26, 26, 26, 26, 14, 14, 14, 14, 14, 14, 14, 14, 10, 13, 13, 9, 9, 26, 26, 26, 14, 14, 14, 14, 14, 14, 14, 14, 10, 10, 10, 10, 9, 26, 26, 26, 27, 27, 27, 27, 27, 27, 27, 27, 10, 10, 10, 10, 11, 11, 25, 25, 27, 27, 27, 27, 27, 27, 27, 27, 10, 10, 15, 11, 11, 25, 25, 25, 27, 27, 27, 27, 27, 27, 27, 27, 15, 15, 15, 11, 11, 25, 25, 25, 2, 2, 2, 2, 2, 2, 2, 2, 15, 15, 11, 11, 11, 25, 25, 25, 2, 2, 2, 2, 2, 2, 2, 2, 15, 15, 11, 11, 11, 25, 25, 25, 2, 2, 2, 2, 2, 2, 2, 2, 15, 11, 11, 11, 25, 25, 25, 25, 2, 2, 2, 2, 2, 2, 2, 2, 32, 11, 11, 11, 25, 25, 25, 25, 2, 2, 2, 2, 2, 2, 2, 2, 32, 11, 11, 11, 25, 25, 25, 25, 2, 2, 2, 2, 2, 2, 2, 2, 0, 0, 0, 0, 0, 0, 0, 0, 2, 2, 2, 2, 2, 2, 2, 2, 0, 0, 0, 0, 0, 0, 0, 0, 2, 2, 2, 2, 2, 2, 2, 2, 0, 0, 0, 0, 0, 0, 0, 0, 2, 2, 2, 2, 2, 2, 2, 2, 0, 0, 0, 0, 0, 0, 0, 0, 2, 2, 2, 2, 2, 2, 2, 1, 1, 0, 0, 0, 0, 0, 0, 0, 2, 2, 2, 2, 2, 18, 18, 1, 1, 1, 28, 0, 0, 0, 0, 0, 2, 2, 2, 2, 18, 18, 18, 1, 1, 1, 28, 28, 0, 0, 0, 0, 2, 2, 2, 18, 18, 18, 18, 1, 1, 1, 28, 28, 28, 28, 0, 0, 32, 32, 11, 11, 11, 25, 25, 22, 22, 23, 23, 6, 6, 6, 30, 30, 11, 11, 11, 11, 25, 25, 25, 22, 22, 23, 23, 23, 6, 6, 6, 6, 11, 11, 25, 25, 25, 25, 22, 22, 22, 22, 23, 23, 23, 23, 6, 6, 11, 25, 25, 25, 25, 25, 22, 22, 22, 22, 23, 23, 23, 23, 23, 6, 25, 25, 25, 25, 25, 25, 22, 22, 22, 22, 23, 23, 23, 23, 23, 23, 25, 25, 25, 25, 25, 22, 22, 22, 22, 22, 22, 23, 23, 23, 23, 23, 25, 25, 25, 25, 25, 22, 22, 22, 22, 22, 22, 23, 23, 23, 23, 23, 25, 25, 25, 25, 25, 22, 22, 22, 22, 22, 22, 23, 23, 23, 23, 23, 4, 4, 4, 4, 4, 4, 4, 4, 3, 3, 3, 3, 3, 3, 3, 3, 4, 4, 4, 4, 4, 4, 4, 4, 3, 3, 3, 3, 3, 3, 3, 3, 4, 4, 4, 4, 4, 4, 4, 4, 3, 3, 3, 3, 3, 3, 3, 3, 4, 4, 4, 4, 4, 4, 4, 4, 3, 3, 3, 3, 3, 3, 3, 3, 4, 4, 4, 4, 4, 4, 4, 5, 5, 3, 3, 3, 3, 3, 3, 3, 4, 4, 4, 4, 4, 29, 5, 5, 5, 19, 19, 3, 3, 3, 3, 3, 4, 4, 4, 4, 29, 29, 5, 5, 5, 19, 19, 19, 3, 3, 3, 3, 4, 4, 29, 29, 29, 29, 5, 5, 5, 19, 19, 19, 19, 3, 3, 3, 31, 31, 9, 9, 9, 26, 26, 21, 21, 24, 24, 8, 8, 8, 33, 33, 9, 9, 9, 26, 26, 26, 21, 21, 21, 24, 24, 24, 24, 8, 8, 8, 9, 9, 26, 26, 26, 26, 21, 21, 21, 24, 24, 24, 24, 24, 8, 8, 26, 26, 26, 26, 26, 21, 21, 21, 21, 21, 24, 24, 24, 24, 24, 8, 26, 26, 26, 26, 26, 21, 21, 21, 21, 21, 24, 24, 24, 24, 24, 24, 26, 26, 26, 26, 26, 21, 21, 21, 21, 21, 24, 24, 24, 24, 24, 24, 26, 26, 26, 26, 21, 21, 21, 21, 21, 21, 24, 24, 24, 24, 24, 24, 26, 26, 26, 26, 21, 21, 21, 21, 21, 21, 21, 24, 24, 24, 24, 24, 73, 67, 69, 1, 86, 65, 76, 69, 2, 0, 0, 0, 34, 0, 0, 0, 170, 0, 0, 0, 7, 0, 0, 0, 6, 6, 6, 6, 6, 6, 6, 6, 6, 6, 6, 7, 5, 5, 4, 5, 5, 4, 5, 5, 4, 5, 4, 4, 4, 5, 5, 4, 4, 4, 4, 4, 4, 4, 2, 1, 28, 30, 12, 20, 2, 18, 22, 23, 28, 0, 27, 15, 32, 18, 1, 0, 17, 16, 33, 19, 5, 4, 3, 5, 29, 31, 13, 14, 3, 19, 21, 26, 29, 4, 7, 12, 30, 28, 23, 8, 8, 16, 17, 20, 12, 6, 6, 24, 19, 33, 16, 7, 10, 13, 31, 29, 26, 11, 11, 15, 27, 14, 13, 9, 9, 26, 25, 18, 32, 15, 10, 7, 20, 0, 30, 6, 10, 14, 4, 31, 9, 4, 13, 10, 27, 11, 32, 2, 27, 10, 7, 8, 33, 3, 17, 20, 7, 16, 3, 2, 32, 11, 25, 1, 3, 33, 8, 24, 5, 0, 12, 7, 17, 22, 25, 26, 5, 24, 23, 1, 25, 21, 24, 6, 1, 22, 21, 19, 8, 23, 11, 26, 21, 22, 18, 9, 5, 21, 25, 11, 14, 10, 15, 2, 6, 30, 0, 1, 9, 31, 4, 5, 0, 28, 6, 12, 4, 29, 9, 13, 11, 18, 2, 15, 8, 19, 3, 16, 0, 0, 128, 191, 116, 11, 124, 60, 35, 105, 128, 60, 162, 132, 17, 60, 162, 132, 17, 60]
            }
        }

        over "Link5"
        {
            over "collisions" (
                prepend apiSchemas = ["PhysxCookedDataAPI:convexHull"]
            )
            {
                uchar[] physxCookedData:convexHull:buffer = [9, 123, 181, 140, 87, 239, 74, 142, 68, 169, 63, 229, 141, 24, 118, 188, 250, 78, 88, 83, 1, 67, 86, 88, 77, 14, 0, 0, 0, 0, 0, 0, 0, 73, 67, 69, 1, 67, 76, 72, 76, 9, 0, 0, 0, 34, 0, 0, 0, 93, 128, 0, 0, 61, 0, 0, 0, 186, 0, 0, 0, 19, 131, 192, 60, 143, 146, 182, 34, 188, 116, 147, 60, 156, 249, 62, 61, 205, 204, 76, 188, 199, 223, 45, 60, 229, 123, 57, 61, 244, 253, 84, 60, 109, 108, 50, 60, 19, 131, 192, 60, 143, 146, 182, 34, 188, 116, 147, 188, 229, 123, 57, 61, 244, 253, 84, 60, 109, 108, 50, 188, 156, 249, 62, 61, 205, 204, 76, 188, 199, 223, 45, 188, 30, 208, 113, 187, 190, 153, 232, 187, 127, 129, 135, 188, 53, 60, 61, 60, 95, 41, 75, 188, 159, 197, 85, 188, 181, 77, 140, 60, 73, 68, 147, 188, 38, 254, 110, 186, 94, 53, 2, 188, 126, 93, 112, 186, 186, 67, 147, 60, 111, 18, 3, 188, 66, 146, 149, 159, 188, 116, 147, 188, 2, 200, 113, 187, 190, 153, 232, 59, 127, 129, 135, 188, 181, 77, 140, 60, 73, 68, 147, 60, 38, 254, 110, 58, 221, 210, 71, 60, 6, 192, 85, 60, 67, 47, 75, 188, 37, 61, 221, 186, 137, 30, 0, 60, 117, 208, 132, 60, 55, 5, 129, 187, 31, 51, 228, 187, 4, 249, 135, 60, 105, 72, 91, 60, 146, 53, 105, 188, 116, 132, 52, 60, 3, 120, 11, 61, 110, 193, 145, 60, 168, 161, 50, 187, 158, 73, 81, 61, 205, 204, 76, 60, 95, 160, 246, 59, 158, 73, 81, 61, 205, 204, 76, 60, 95, 160, 246, 187, 172, 250, 92, 61, 205, 204, 76, 60, 54, 114, 51, 164, 87, 89, 108, 60, 127, 70, 122, 60, 114, 255, 27, 60, 45, 199, 215, 187, 32, 219, 148, 59, 206, 174, 142, 60, 242, 191, 84, 61, 205, 204, 76, 188, 216, 69, 211, 59, 49, 110, 92, 61, 244, 253, 84, 188, 180, 101, 44, 164, 3, 120, 11, 61, 73, 68, 147, 188, 38, 254, 110, 58, 242, 191, 84, 61, 205, 204, 76, 188, 216, 69, 211, 187, 3, 120, 11, 61, 245, 70, 138, 188, 86, 217, 204, 187, 85, 10, 211, 60, 18, 31, 15, 188, 123, 237, 128, 60, 85, 10, 211, 60, 18, 31, 15, 188, 123, 237, 128, 188, 3, 120, 11, 61, 176, 191, 142, 60, 68, 215, 147, 59, 81, 118, 204, 60, 190, 153, 232, 59, 127, 129, 135, 188, 81, 118, 204, 60, 190, 153, 232, 59, 127, 129, 135, 60, 3, 120, 11, 61, 253, 98, 132, 188, 165, 224, 1, 60, 10, 108, 202, 59, 86, 78, 114, 190, 135, 185, 120, 63, 100, 116, 144, 188, 0, 0, 4, 11, 19, 66, 157, 62, 96, 141, 189, 59, 5, 159, 115, 63, 113, 116, 199, 188, 4, 0, 3, 10, 19, 66, 157, 62, 115, 141, 189, 59, 5, 159, 115, 191, 113, 116, 199, 188, 7, 0, 3, 9, 107, 239, 126, 190, 225, 25, 107, 191, 188, 127, 157, 190, 69, 57, 77, 188, 10, 0, 3, 2, 170, 133, 90, 191, 74, 82, 5, 191, 32, 250, 68, 188, 155, 219, 230, 187, 13, 0, 3, 20, 225, 50, 146, 190, 219, 166, 109, 63, 41, 198, 115, 190, 228, 189, 61, 188, 16, 0, 3, 23, 221, 59, 240, 190, 236, 14, 98, 63, 138, 23, 23, 60, 86, 143, 0, 188, 19, 0, 3, 24, 187, 4, 168, 190, 182, 2, 109, 191, 145, 4, 64, 62, 236, 204, 49, 188, 22, 0, 3, 19, 241, 117, 85, 191, 62, 80, 13, 191, 169, 217, 130, 187, 119, 96, 231, 187, 25, 0, 3, 20, 205, 44, 237, 190, 107, 224, 98, 191, 154, 184, 8, 57, 197, 9, 3, 188, 28, 0, 3, 20, 42, 108, 190, 60, 200, 52, 96, 63, 101, 214, 246, 190, 253, 230, 144, 188, 31, 0, 3, 16, 172, 211, 117, 189, 204, 110, 113, 63, 7, 116, 167, 190, 15, 6, 128, 188, 34, 0, 3, 33, 174, 128, 0, 63, 140, 11, 139, 60, 113, 94, 93, 63, 233, 148, 4, 189, 37, 0, 3, 10, 174, 128, 0, 63, 137, 11, 139, 60, 112, 94, 93, 191, 233, 148, 4, 189, 40, 0, 3, 9, 19, 232, 100, 62, 75, 113, 113, 63, 142, 236, 123, 190, 143, 80, 205, 188, 43, 0, 3, 16, 225, 145, 137, 62, 195, 51, 117, 63, 122, 177, 208, 189, 199, 212, 216, 188, 46, 0, 3, 8, 84, 223, 179, 190, 116, 77, 107, 63, 154, 111, 54, 62, 3, 205, 46, 188, 49, 0, 3, 26, 193, 174, 13, 191, 115, 46, 85, 63, 213, 147, 125, 60, 168, 54, 252, 187, 52, 0, 3, 24, 2, 234, 89, 191, 97, 20, 6, 63, 208, 220, 7, 189, 79, 181, 242, 187, 55, 0, 3, 24, 159, 84, 120, 191, 6, 166, 120, 62, 146, 91, 249, 59, 82, 205, 249, 187, 58, 0, 3, 24, 117, 239, 116, 187, 141, 152, 210, 61, 35, 164, 126, 63, 45, 244, 145, 188, 61, 0, 3, 3, 245, 200, 117, 63, 183, 73, 165, 187, 77, 42, 143, 62, 66, 231, 83, 189, 64, 0, 3, 10, 22, 85, 111, 63, 97, 152, 133, 60, 139, 136, 181, 62, 58, 109, 79, 189, 67, 0, 3, 10, 208, 221, 29, 63, 82, 241, 86, 188, 105, 128, 73, 63, 124, 167, 24, 189, 70, 0, 3, 10, 11, 213, 125, 62, 232, 41, 117, 191, 40, 223, 21, 62, 33, 69, 211, 188, 73, 0, 3, 12, 208, 221, 29, 63, 78, 241, 86, 188, 105, 128, 73, 191, 124, 167, 24, 189, 76, 0, 3, 9, 22, 85, 111, 63, 97, 152, 133, 60, 139, 136, 181, 190, 58, 109, 79, 189, 79, 0, 3, 9, 245, 200, 117, 63, 175, 73, 165, 187, 77, 42, 143, 190, 65, 231, 83, 189, 82, 0, 3, 9, 239, 25, 113, 62, 17, 24, 118, 191, 44, 117, 18, 190, 16, 45, 206, 188, 85, 0, 3, 12, 136, 163, 133, 60, 163, 3, 125, 191, 153, 10, 27, 190, 0, 248, 148, 188, 88, 0, 3, 12, 13, 144, 131, 189, 223, 234, 106, 191, 176, 202, 200, 190, 255, 13, 129, 188, 91, 0, 3, 30, 150, 72, 46, 61, 237, 126, 67, 191, 158, 235, 36, 191, 241, 116, 150, 188, 94, 0, 3, 21, 77, 51, 102, 62, 227, 98, 110, 191, 30, 234, 146, 190, 46, 42, 206, 188, 97, 0, 3, 21, 241, 67, 111, 62, 18, 11, 118, 191, 12, 197, 22, 190, 130, 157, 205, 188, 100, 0, 3, 12, 83, 32, 121, 188, 139, 161, 33, 191, 34, 124, 70, 63, 33, 239, 141, 188, 103, 0, 3, 13, 224, 34, 77, 62, 173, 91, 73, 190, 248, 180, 117, 63, 194, 23, 180, 188, 106, 0, 3, 10, 215, 51, 22, 188, 243, 134, 17, 191, 150, 153, 82, 191, 227, 206, 144, 188, 109, 0, 3, 32, 23, 216, 39, 36, 137, 59, 106, 190, 112, 54, 121, 191, 231, 139, 143, 188, 112, 0, 4, 22, 220, 34, 77, 62, 173, 91, 73, 190, 248, 180, 117, 191, 193, 23, 180, 188, 116, 0, 3, 22, 171, 101, 65, 61, 234, 34, 52, 191, 248, 126, 53, 191, 115, 185, 151, 188, 119, 0, 3, 14, 174, 142, 104, 62, 225, 199, 112, 63, 1, 80, 129, 62, 30, 242, 206, 188, 122, 0, 3, 8, 30, 44, 133, 62, 60, 229, 117, 63, 173, 5, 202, 61, 3, 80, 213, 188, 125, 0, 3, 8, 86, 56, 128, 62, 62, 134, 119, 63, 39, 217, 72, 61, 119, 176, 209, 188, 128, 0, 3, 8, 191, 81, 178, 60, 96, 156, 127, 63, 235, 104, 79, 61, 162, 121, 150, 188, 131, 0, 3, 8, 181, 219, 250, 188, 94, 214, 116, 63, 156, 183, 148, 62, 221, 183, 138, 188, 134, 0, 3, 27, 182, 186, 34, 61, 102, 53, 90, 63, 130, 123, 5, 63, 130, 7, 152, 188, 137, 0, 3, 7, 210, 180, 19, 164, 42, 33, 78, 62, 121, 194, 122, 191, 4, 112, 144, 188, 140, 0, 4, 9, 0, 0, 0, 0, 162, 62, 18, 63, 141, 29, 82, 191, 5, 112, 144, 188, 144, 0, 3, 28, 19, 208, 21, 61, 151, 96, 31, 63, 51, 30, 72, 191, 105, 155, 149, 188, 147, 0, 3, 15, 2, 241, 100, 62, 33, 142, 27, 62, 123, 120, 118, 191, 16, 2, 185, 188, 150, 0, 3, 9, 63, 118, 12, 187, 52, 25, 178, 62, 42, 3, 112, 63, 29, 213, 146, 188, 153, 0, 3, 6, 75, 158, 53, 60, 209, 224, 75, 62, 206, 219, 122, 63, 234, 160, 146, 188, 156, 0, 3, 10, 3, 241, 100, 62, 33, 142, 27, 62, 123, 120, 118, 63, 16, 2, 185, 188, 159, 0, 3, 10, 12, 105, 128, 60, 232, 175, 41, 63, 6, 164, 63, 63, 62, 48, 143, 188, 162, 0, 3, 7, 54, 132, 11, 60, 45, 91, 40, 63, 41, 215, 64, 63, 170, 14, 142, 188, 165, 0, 3, 7, 150, 2, 77, 61, 55, 99, 50, 191, 112, 42, 55, 63, 194, 172, 152, 188, 168, 0, 3, 13, 117, 84, 39, 61, 82, 194, 51, 191, 123, 248, 53, 63, 209, 131, 150, 188, 171, 0, 3, 13, 213, 114, 62, 189, 220, 9, 117, 191, 30, 75, 146, 62, 177, 77, 132, 188, 174, 0, 3, 17, 221, 39, 221, 188, 200, 188, 119, 191, 137, 73, 128, 62, 198, 218, 136, 188, 177, 0, 3, 17, 19, 223, 90, 62, 188, 25, 114, 191, 143, 188, 122, 62, 97, 184, 200, 188, 180, 0, 3, 12, 206, 157, 91, 62, 133, 5, 112, 191, 231, 40, 140, 62, 96, 185, 201, 188, 183, 0, 3, 13, 28, 0, 9, 15, 0, 1, 2, 3, 4, 5, 6, 7, 8, 6, 9, 10, 11, 12, 13, 11, 14, 12, 15, 8, 16, 15, 9, 6, 15, 6, 8, 17, 4, 13, 17, 13, 12, 18, 2, 1, 19, 5, 4, 19, 4, 17, 19, 17, 20, 21, 12, 14, 22, 14, 11, 22, 11, 10, 22, 10, 9, 22, 9, 0, 23, 24, 20, 23, 20, 18, 23, 18, 1, 23, 25, 24, 26, 5, 19, 26, 19, 20, 26, 20, 24, 26, 24, 25, 27, 25, 8, 27, 8, 7, 27, 7, 5, 27, 5, 26, 27, 26, 25, 28, 15, 16, 28, 1, 0, 29, 7, 6, 29, 6, 10, 3, 29, 3, 5, 29, 5, 7, 30, 2, 18, 30, 18, 20, 30, 20, 17, 30, 17, 12, 30, 12, 21, 30, 21, 2, 31, 3, 10, 11, 31, 11, 13, 31, 13, 4, 31, 4, 3, 32, 14, 22, 32, 22, 0, 32, 0, 2, 32, 2, 21, 32, 21, 14, 33, 1, 28, 33, 28, 16, 33, 16, 8, 33, 8, 25, 33, 25, 23, 33, 23, 1, 0, 35, 0, 20, 0, 8, 0, 34, 1, 35, 1, 12, 1, 52, 2, 49, 2, 13, 2, 38, 3, 36, 3, 30, 3, 9, 4, 8, 4, 19, 4, 37, 5, 6, 5, 11, 5, 47, 6, 17, 6, 16, 7, 9, 7, 57, 7, 34, 8, 9, 10, 14, 10, 48, 10, 11, 11, 43, 12, 40, 12, 23, 13, 25, 13, 14, 14, 15, 15, 42, 15, 26, 16, 44, 16, 54, 17, 50, 17, 18, 18, 46, 18, 19, 19, 20, 20, 51, 21, 24, 21, 27, 21, 22, 22, 41, 22, 23, 23, 60, 24, 59, 24, 28, 25, 32, 25, 26, 26, 27, 27, 28, 28, 33, 29, 33, 29, 58, 29, 30, 30, 31, 31, 39, 31, 32, 32, 33, 34, 56, 35, 55, 36, 39, 36, 37, 37, 46, 37, 38, 38, 39, 40, 45, 40, 41, 41, 42, 42, 43, 43, 44, 44, 45, 45, 53, 46, 49, 46, 47, 47, 48, 48, 49, 50, 54, 50, 51, 51, 52, 52, 53, 53, 54, 55, 60, 55, 56, 56, 57, 57, 58, 58, 59, 59, 60, 0, 1, 20, 1, 12, 23, 1, 12, 40, 2, 37, 38, 2, 10, 13, 2, 13, 25, 3, 4, 8, 3, 30, 31, 3, 7, 9, 0, 4, 8, 4, 18, 19, 5, 6, 17, 5, 6, 11, 5, 10, 11, 6, 16, 17, 0, 7, 8, 7, 34, 56, 10, 11, 14, 12, 22, 23, 13, 14, 15, 15, 21, 22, 16, 44, 45, 17, 18, 19, 21, 22, 23, 21, 24, 27, 24, 28, 29, 25, 26, 27, 29, 30, 31, 0, 34, 35, 36, 37, 38, 40, 41, 42, 46, 47, 48, 50, 51, 52, 55, 56, 57, 28, 0, 0, 0, 0, 0, 9, 0, 9, 0, 15, 0, 15, 0, 28, 0, 0, 0, 1, 0, 1, 0, 2, 0, 2, 0, 0, 0, 3, 0, 4, 0, 4, 0, 5, 0, 5, 0, 3, 0, 6, 0, 7, 0, 7, 0, 8, 0, 8, 0, 6, 0, 6, 0, 9, 0, 9, 0, 10, 0, 10, 0, 6, 0, 11, 0, 12, 0, 12, 0, 13, 0, 13, 0, 11, 0, 11, 0, 14, 0, 14, 0, 12, 0, 15, 0, 8, 0, 8, 0, 16, 0, 16, 0, 15, 0, 6, 0, 15, 0, 17, 0, 4, 0, 4, 0, 13, 0, 13, 0, 17, 0, 12, 0, 17, 0, 18, 0, 2, 0, 1, 0, 18, 0, 19, 0, 5, 0, 4, 0, 19, 0, 17, 0, 19, 0, 17, 0, 20, 0, 20, 0, 19, 0, 21, 0, 12, 0, 14, 0, 21, 0, 22, 0, 14, 0, 11, 0, 22, 0, 11, 0, 10, 0, 10, 0, 22, 0, 9, 0, 22, 0, 0, 0, 22, 0, 23, 0, 24, 0, 24, 0, 20, 0, 20, 0, 23, 0, 20, 0, 18, 0, 18, 0, 23, 0, 1, 0, 23, 0, 23, 0, 25, 0, 25, 0, 24, 0, 26, 0, 5, 0, 19, 0, 26, 0, 20, 0, 26, 0, 24, 0, 26, 0, 25, 0, 26, 0, 27, 0, 25, 0, 25, 0, 8, 0, 8, 0, 27, 0, 7, 0, 27, 0, 7, 0, 5, 0, 5, 0, 27, 0, 26, 0, 27, 0, 16, 0, 28, 0, 28, 0, 1, 0, 29, 0, 7, 0, 6, 0, 29, 0, 10, 0, 3, 0, 3, 0, 29, 0, 5, 0, 29, 0, 30, 0, 2, 0, 18, 0, 30, 0, 20, 0, 30, 0, 17, 0, 30, 0, 12, 0, 30, 0, 21, 0, 30, 0, 21, 0, 2, 0, 31, 0, 3, 0, 11, 0, 31, 0, 13, 0, 31, 0, 4, 0, 31, 0, 32, 0, 14, 0, 22, 0, 32, 0, 0, 0, 32, 0, 2, 0, 32, 0, 21, 0, 32, 0, 33, 0, 1, 0, 28, 0, 33, 0, 16, 0, 33, 0, 8, 0, 33, 0, 25, 0, 33, 0, 23, 0, 33, 0, 0, 0, 0, 0, 112, 18, 3, 188, 73, 68, 147, 188, 188, 116, 147, 188, 172, 250, 92, 61, 73, 68, 147, 60, 188, 116, 147, 60, 40, 234, 61, 56, 44, 45, 210, 49, 49, 130, 9, 46, 30, 210, 83, 173, 49, 130, 9, 46, 77, 105, 31, 51, 7, 178, 63, 172, 30, 210, 83, 173, 7, 178, 63, 172, 67, 27, 30, 51, 150, 171, 186, 60, 112, 82, 166, 183, 48, 133, 255, 55, 0, 0, 128, 63, 73, 67, 69, 1, 83, 85, 80, 77, 0, 0, 0, 0, 73, 67, 69, 1, 71, 65, 85, 83, 0, 0, 0, 0, 16, 0, 0, 0, 0, 6, 0, 0, 26, 26, 26, 26, 26, 24, 24, 24, 24, 24, 24, 23, 23, 23, 23, 23, 26, 26, 26, 26, 26, 24, 24, 24, 24, 24, 24, 23, 23, 23, 23, 23, 26, 26, 26, 26, 26, 24, 24, 24, 24, 24, 24, 23, 23, 23, 23, 23, 26, 26, 26, 26, 26, 24, 24, 24, 24, 24, 24, 23, 23, 23, 23, 23, 26, 26, 26, 26, 26, 26, 24, 24, 24, 24, 23, 23, 23, 23, 23, 23, 26, 26, 26, 26, 26, 26, 24, 24, 24, 24, 23, 23, 23, 23, 23, 23, 26, 26, 26, 26, 26, 26, 24, 24, 24, 24, 23, 23, 23, 23, 23, 23, 26, 26, 26, 26, 26, 26, 24, 24, 24, 24, 23, 23, 23, 23, 23, 23, 19, 19, 19, 19, 19, 20, 20, 20, 20, 20, 20, 18, 18, 18, 18, 18, 19, 19, 19, 19, 19, 20, 20, 20, 20, 20, 20, 18, 18, 18, 18, 18, 19, 19, 19, 19, 19, 20, 20, 20, 20, 20, 20, 18, 18, 18, 18, 18, 19, 19, 19, 19, 19, 20, 20, 20, 20, 20, 20, 18, 18, 18, 18, 18, 19, 19, 19, 19, 19, 20, 20, 20, 20, 20, 20, 18, 18, 18, 18, 18, 19, 19, 19, 19, 19, 20, 20, 20, 20, 20, 20, 18, 18, 18, 18, 18, 19, 19, 19, 19, 19, 20, 20, 20, 20, 20, 20, 18, 18, 18, 18, 18, 19, 19, 19, 19, 19, 20, 20, 20, 20, 20, 20, 18, 18, 18, 18, 18, 6, 6, 6, 6, 6, 6, 6, 6, 15, 15, 15, 15, 15, 15, 15, 15, 6, 6, 6, 6, 6, 6, 6, 6, 15, 15, 15, 15, 15, 15, 15, 9, 10, 10, 10, 6, 6, 6, 6, 6, 15, 15, 9, 9, 9, 9, 9, 9, 10, 10, 10, 10, 10, 10, 10, 10, 9, 9, 9, 9, 9, 9, 9, 9, 10, 10, 10, 10, 10, 10, 10, 10, 9, 9, 9, 9, 9, 9, 9, 9, 10, 10, 10, 10, 10, 10, 10, 10, 9, 9, 9, 9, 9, 9, 9, 9, 10, 10, 10, 10, 10, 10, 10, 10, 9, 9, 9, 9, 9, 9, 9, 9, 10, 10, 10, 10, 10, 10, 10, 10, 9, 9, 9, 9, 9, 9, 9, 9, 10, 10, 10, 10, 10, 10, 10, 10, 9, 9, 9, 9, 9, 9, 9, 9, 10, 10, 10, 10, 10, 10, 10, 10, 9, 9, 9, 9, 9, 9, 9, 9, 10, 10, 10, 10, 10, 10, 10, 10, 22, 22, 22, 22, 22, 22, 9, 9, 10, 10, 10, 10, 10, 10, 10, 10, 22, 22, 22, 22, 22, 22, 22, 22, 10, 10, 10, 10, 10, 10, 10, 10, 22, 22, 22, 22, 22, 22, 22, 22, 10, 10, 10, 11, 11, 11, 11, 11, 22, 22, 22, 22, 22, 22, 22, 22, 11, 11, 11, 11, 11, 11, 11, 11, 22, 22, 22, 22, 22, 22, 22, 22, 11, 11, 11, 11, 11, 11, 11, 11, 22, 22, 22, 22, 22, 22, 22, 22, 11, 11, 11, 11, 11, 11, 11, 13, 4, 4, 4, 4, 4, 19, 19, 19, 11, 11, 11, 11, 11, 11, 11, 13, 4, 4, 4, 4, 19, 19, 19, 19, 11, 11, 11, 11, 11, 11, 11, 13, 4, 4, 4, 4, 19, 19, 19, 19, 11, 11, 11, 11, 11, 11, 13, 13, 4, 4, 4, 19, 19, 19, 19, 19, 11, 11, 11, 11, 11, 11, 13, 13, 17, 4, 4, 19, 19, 19, 19, 19, 11, 11, 11, 11, 11, 11, 13, 12, 17, 4, 19, 19, 19, 19, 19, 20, 11, 11, 11, 11, 11, 12, 12, 12, 17, 17, 19, 19, 20, 20, 20, 20, 11, 11, 11, 11, 12, 12, 12, 12, 17, 17, 20, 20, 20, 20, 20, 20, 22, 22, 22, 14, 12, 12, 12, 12, 30, 30, 20, 20, 20, 20, 20, 20, 22, 22, 22, 14, 14, 12, 12, 12, 30, 30, 18, 18, 20, 20, 20, 20, 22, 22, 22, 22, 14, 14, 21, 21, 30, 30, 18, 18, 18, 18, 18, 20, 22, 22, 22, 22, 14, 14, 21, 21, 30, 2, 2, 18, 18, 18, 18, 18, 22, 22, 22, 22, 14, 14, 21, 21, 2, 2, 2, 18, 18, 18, 18, 18, 22, 22, 22, 22, 14, 14, 14, 21, 2, 2, 2, 2, 18, 18, 18, 18, 22, 22, 22, 22, 22, 14, 14, 21, 2, 2, 2, 2, 18, 18, 18, 18, 22, 22, 22, 22, 22, 14, 14, 14, 2, 2, 2, 2, 2, 18, 18, 18, 6, 6, 6, 6, 6, 6, 6, 7, 5, 5, 5, 5, 5, 5, 26, 26, 6, 6, 6, 6, 6, 6, 6, 7, 5, 5, 5, 5, 5, 26, 26, 26, 6, 6, 6, 6, 6, 6, 6, 7, 27, 5, 5, 5, 26, 26, 26, 26, 6, 6, 6, 6, 6, 6, 7, 7, 27, 5, 5, 5, 26, 26, 26, 26, 6, 6, 6, 6, 6, 6, 7, 7, 27, 5, 5, 26, 26, 26, 26, 26, 6, 6, 6, 6, 6, 6, 8, 8, 27, 27, 26, 26, 26, 26, 26, 24, 6, 6, 6, 6, 6, 8, 8, 8, 27, 27, 26, 24, 24, 24, 24, 24, 6, 6, 6, 6, 8, 8, 8, 8, 25, 25, 24, 24, 24, 24, 24, 24, 15, 15, 15, 15, 8, 8, 8, 8, 25, 25, 24, 24, 24, 24, 24, 24, 15, 15, 15, 15, 15, 8, 8, 8, 25, 25, 23, 24, 24, 24, 24, 24, 15, 15, 15, 15, 15, 15, 16, 16, 33, 33, 23, 23, 23, 23, 23, 24, 15, 15, 15, 15, 15, 15, 16, 16, 33, 1, 1, 23, 23, 23, 23, 23, 15, 15, 15, 15, 15, 15, 16, 16, 33, 1, 1, 1, 23, 23, 23, 23, 15, 15, 15, 15, 15, 15, 15, 16, 33, 1, 1, 1, 23, 23, 23, 23, 15, 15, 15, 15, 15, 15, 15, 16, 33, 1, 1, 1, 1, 23, 23, 23, 15, 15, 15, 15, 15, 15, 15, 16, 33, 1, 1, 1, 1, 1, 23, 23, 15, 9, 9, 9, 9, 9, 9, 9, 9, 9, 9, 22, 22, 22, 22, 22, 15, 15, 9, 9, 9, 9, 9, 9, 9, 9, 22, 22, 22, 22, 22, 22, 15, 15, 15, 9, 9, 9, 9, 9, 9, 9, 22, 22, 22, 22, 22, 22, 15, 15, 15, 9, 9, 9, 9, 9, 9, 9, 22, 22, 22, 22, 22, 22, 15, 15, 15, 15, 9, 9, 9, 9, 9, 9, 22, 22, 22, 22, 22, 22, 15, 15, 15, 15, 15, 9, 9, 9, 9, 22, 22, 22, 22, 22, 14, 14, 15, 15, 15, 15, 15, 9, 9, 9, 9, 22, 22, 22, 22, 14, 14, 14, 16, 15, 15, 15, 15, 15, 9, 9, 9, 22, 22, 22, 14, 14, 14, 14, 33, 28, 28, 28, 28, 28, 0, 0, 0, 32, 32, 32, 32, 2, 2, 2, 1, 1, 1, 1, 1, 1, 0, 0, 0, 32, 2, 2, 2, 2, 2, 2, 1, 1, 1, 1, 1, 1, 1, 1, 2, 2, 2, 2, 2, 2, 2, 2, 1, 1, 1, 1, 1, 1, 1, 1, 2, 2, 2, 2, 2, 2, 2, 2, 1, 1, 1, 1, 1, 1, 1, 1, 18, 18, 2, 2, 2, 2, 2, 2, 1, 1, 1, 1, 1, 1, 1, 1, 18, 18, 18, 18, 18, 18, 18, 18, 23, 23, 23, 23, 23, 23, 23, 23, 18, 18, 18, 18, 18, 18, 18, 18, 23, 23, 23, 23, 23, 23, 23, 23, 18, 18, 18, 18, 18, 18, 18, 18, 6, 6, 10, 10, 10, 10, 10, 10, 10, 10, 10, 10, 10, 10, 11, 11, 6, 6, 6, 10, 10, 10, 10, 10, 10, 10, 10, 10, 10, 11, 11, 11, 6, 6, 6, 10, 10, 10, 10, 10, 10, 10, 10, 10, 10, 11, 11, 11, 6, 6, 6, 6, 10, 10, 10, 10, 10, 10, 10, 10, 11, 11, 11, 11, 6, 6, 6, 6, 10, 10, 10, 10, 10, 10, 10, 10, 11, 11, 11, 11, 6, 6, 6, 6, 6, 10, 10, 10, 10, 10, 10, 11, 11, 11, 11, 11, 6, 6, 6, 6, 6, 6, 10, 10, 10, 10, 11, 11, 11, 11, 11, 11, 7, 7, 6, 6, 6, 6, 10, 10, 10, 10, 11, 11, 11, 11, 11, 13, 5, 29, 29, 29, 29, 29, 3, 3, 3, 31, 31, 31, 31, 4, 4, 4, 5, 5, 5, 5, 5, 5, 3, 3, 3, 31, 4, 4, 4, 4, 4, 4, 5, 5, 5, 5, 5, 5, 5, 5, 4, 4, 4, 4, 4, 4, 4, 4, 5, 5, 5, 5, 5, 5, 5, 5, 4, 4, 4, 4, 4, 4, 4, 4, 5, 5, 5, 5, 5, 5, 5, 5, 19, 19, 4, 4, 4, 4, 4, 4, 5, 5, 5, 5, 5, 5, 5, 5, 19, 19, 19, 19, 19, 19, 19, 19, 26, 26, 26, 26, 26, 26, 26, 26, 19, 19, 19, 19, 19, 19, 19, 19, 26, 26, 26, 26, 26, 26, 26, 26, 19, 19, 19, 19, 19, 19, 19, 19, 22, 22, 22, 22, 22, 22, 22, 22, 11, 11, 11, 11, 11, 11, 11, 11, 22, 22, 22, 22, 22, 22, 22, 22, 11, 11, 11, 11, 11, 11, 11, 11, 22, 22, 22, 22, 22, 22, 22, 22, 11, 11, 11, 11, 11, 10, 10, 10, 22, 22, 22, 22, 22, 22, 22, 22, 10, 10, 10, 10, 10, 10, 10, 10, 22, 22, 22, 22, 22, 22, 22, 22, 10, 10, 10, 10, 10, 10, 10, 10, 9, 9, 22, 22, 22, 22, 22, 22, 10, 10, 10, 10, 10, 10, 10, 10, 9, 9, 9, 9, 9, 9, 9, 9, 10, 10, 10, 10, 10, 10, 10, 10, 9, 9, 9, 9, 9, 9, 9, 9, 10, 10, 10, 10, 10, 10, 10, 10, 9, 9, 9, 9, 9, 9, 9, 9, 10, 10, 10, 10, 10, 10, 10, 10, 9, 9, 9, 9, 9, 9, 9, 9, 10, 10, 10, 10, 10, 10, 10, 10, 9, 9, 9, 9, 9, 9, 9, 9, 10, 10, 10, 10, 10, 10, 10, 10, 9, 9, 9, 9, 9, 9, 9, 9, 10, 10, 10, 10, 10, 10, 10, 10, 9, 9, 9, 9, 9, 9, 9, 9, 10, 10, 10, 10, 10, 10, 10, 10, 9, 9, 9, 9, 9, 9, 15, 15, 6, 6, 6, 6, 6, 10, 10, 10, 9, 15, 15, 15, 15, 15, 15, 15, 6, 6, 6, 6, 6, 6, 6, 6, 15, 15, 15, 15, 15, 15, 15, 15, 6, 6, 6, 6, 6, 6, 6, 6, 18, 18, 18, 18, 18, 20, 20, 20, 20, 20, 20, 19, 19, 19, 19, 19, 18, 18, 18, 18, 18, 20, 20, 20, 20, 20, 20, 19, 19, 19, 19, 19, 18, 18, 18, 18, 18, 20, 20, 20, 20, 20, 20, 19, 19, 19, 19, 19, 18, 18, 18, 18, 18, 20, 20, 20, 20, 20, 20, 19, 19, 19, 19, 19, 18, 18, 18, 18, 18, 20, 20, 20, 20, 20, 20, 19, 19, 19, 19, 19, 18, 18, 18, 18, 18, 20, 20, 20, 20, 20, 20, 19, 19, 19, 19, 19, 18, 18, 18, 18, 18, 20, 20, 20, 20, 20, 20, 19, 19, 19, 19, 19, 18, 18, 18, 18, 18, 20, 20, 20, 20, 20, 20, 19, 19, 19, 19, 19, 23, 23, 23, 23, 23, 23, 24, 24, 24, 24, 26, 26, 26, 26, 26, 26, 23, 23, 23, 23, 23, 23, 24, 24, 24, 24, 26, 26, 26, 26, 26, 26, 23, 23, 23, 23, 23, 23, 24, 24, 24, 24, 26, 26, 26, 26, 26, 26, 23, 23, 23, 23, 23, 23, 24, 24, 24, 24, 26, 26, 26, 26, 26, 26, 23, 23, 23, 23, 23, 24, 24, 24, 24, 24, 24, 26, 26, 26, 26, 26, 23, 23, 23, 23, 23, 24, 24, 24, 24, 24, 24, 26, 26, 26, 26, 26, 23, 23, 23, 23, 23, 24, 24, 24, 24, 24, 24, 26, 26, 26, 26, 26, 23, 23, 23, 23, 23, 24, 24, 24, 24, 24, 24, 26, 26, 26, 26, 26, 23, 23, 1, 1, 1, 1, 1, 33, 16, 15, 15, 15, 15, 15, 15, 15, 23, 23, 23, 1, 1, 1, 1, 33, 16, 15, 15, 15, 15, 15, 15, 15, 23, 23, 23, 23, 1, 1, 1, 33, 16, 15, 15, 15, 15, 15, 15, 15, 23, 23, 23, 23, 1, 1, 1, 33, 16, 16, 15, 15, 15, 15, 15, 15, 23, 23, 23, 23, 23, 1, 1, 33, 16, 16, 15, 15, 15, 15, 15, 15, 24, 23, 23, 23, 23, 23, 33, 33, 16, 16, 15, 15, 15, 15, 15, 15, 24, 24, 24, 24, 24, 23, 25, 25, 8, 8, 8, 15, 15, 15, 15, 15, 24, 24, 24, 24, 24, 24, 25, 25, 8, 8, 8, 8, 15, 15, 15, 15, 24, 24, 24, 24, 24, 24, 25, 25, 8, 8, 8, 8, 6, 6, 6, 6, 24, 24, 24, 24, 24, 26, 27, 27, 8, 8, 8, 6, 6, 6, 6, 6, 24, 26, 26, 26, 26, 26, 27, 27, 8, 8, 6, 6, 6, 6, 6, 6, 26, 26, 26, 26, 26, 5, 5, 27, 7, 7, 6, 6, 6, 6, 6, 6, 26, 26, 26, 26, 5, 5, 5, 27, 7, 7, 6, 6, 6, 6, 6, 6, 26, 26, 26, 26, 5, 5, 5, 27, 7, 6, 6, 6, 6, 6, 6, 6, 26, 26, 26, 5, 5, 5, 5, 5, 7, 6, 6, 6, 6, 6, 6, 6, 26, 26, 5, 5, 5, 5, 5, 5, 7, 6, 6, 6, 6, 6, 6, 6, 18, 18, 18, 2, 2, 2, 2, 2, 14, 14, 14, 22, 22, 22, 22, 22, 18, 18, 18, 18, 2, 2, 2, 2, 21, 14, 14, 22, 22, 22, 22, 22, 18, 18, 18, 18, 2, 2, 2, 2, 21, 14, 14, 14, 22, 22, 22, 22, 18, 18, 18, 18, 18, 2, 2, 2, 21, 21, 14, 14, 22, 22, 22, 22, 18, 18, 18, 18, 18, 2, 2, 30, 21, 21, 14, 14, 22, 22, 22, 22, 20, 18, 18, 18, 18, 18, 30, 30, 21, 21, 14, 14, 22, 22, 22, 22, 20, 20, 20, 20, 18, 18, 30, 30, 12, 12, 12, 14, 14, 22, 22, 22, 20, 20, 20, 20, 20, 20, 30, 30, 12, 12, 12, 12, 14, 22, 22, 22, 20, 20, 20, 20, 20, 20, 17, 17, 12, 12, 12, 12, 11, 11, 11, 11, 20, 20, 20, 20, 19, 19, 17, 17, 12, 12, 12, 11, 11, 11, 11, 11, 20, 19, 19, 19, 19, 19, 4, 17, 12, 13, 11, 11, 11, 11, 11, 11, 19, 19, 19, 19, 19, 4, 4, 17, 13, 13, 11, 11, 11, 11, 11, 11, 19, 19, 19, 19, 19, 4, 4, 4, 13, 13, 11, 11, 11, 11, 11, 11, 19, 19, 19, 19, 4, 4, 4, 4, 13, 11, 11, 11, 11, 11, 11, 11, 19, 19, 19, 19, 4, 4, 4, 4, 13, 11, 11, 11, 11, 11, 11, 11, 19, 19, 19, 4, 4, 4, 4, 4, 13, 11, 11, 11, 11, 11, 11, 11, 19, 19, 19, 19, 19, 19, 19, 19, 26, 26, 26, 26, 26, 26, 26, 26, 19, 19, 19, 19, 19, 19, 19, 19, 26, 26, 26, 26, 26, 26, 26, 26, 19, 19, 19, 19, 19, 19, 19, 19, 5, 5, 5, 5, 5, 5, 5, 5, 4, 4, 4, 4, 4, 4, 19, 19, 5, 5, 5, 5, 5, 5, 5, 5, 4, 4, 4, 4, 4, 4, 4, 4, 5, 5, 5, 5, 5, 5, 5, 5, 4, 4, 4, 4, 4, 4, 4, 4, 5, 5, 5, 5, 5, 5, 5, 5, 4, 4, 4, 4, 4, 4, 31, 3, 3, 3, 5, 5, 5, 5, 5, 5, 4, 4, 4, 31, 31, 31, 31, 3, 3, 3, 29, 29, 29, 29, 29, 5, 13, 11, 11, 11, 11, 11, 10, 10, 10, 10, 6, 6, 6, 6, 7, 7, 11, 11, 11, 11, 11, 11, 10, 10, 10, 10, 6, 6, 6, 6, 6, 6, 11, 11, 11, 11, 11, 10, 10, 10, 10, 10, 10, 6, 6, 6, 6, 6, 11, 11, 11, 11, 10, 10, 10, 10, 10, 10, 10, 10, 6, 6, 6, 6, 11, 11, 11, 11, 10, 10, 10, 10, 10, 10, 10, 10, 6, 6, 6, 6, 11, 11, 11, 10, 10, 10, 10, 10, 10, 10, 10, 10, 10, 6, 6, 6, 11, 11, 11, 10, 10, 10, 10, 10, 10, 10, 10, 10, 10, 6, 6, 6, 11, 11, 10, 10, 10, 10, 10, 10, 10, 10, 10, 10, 10, 10, 6, 6, 18, 18, 18, 18, 18, 18, 18, 18, 23, 23, 23, 23, 23, 23, 23, 23, 18, 18, 18, 18, 18, 18, 18, 18, 23, 23, 23, 23, 23, 23, 23, 23, 18, 18, 18, 18, 18, 18, 18, 18, 1, 1, 1, 1, 1, 1, 1, 1, 2, 2, 2, 2, 2, 2, 18, 18, 1, 1, 1, 1, 1, 1, 1, 1, 2, 2, 2, 2, 2, 2, 2, 2, 1, 1, 1, 1, 1, 1, 1, 1, 2, 2, 2, 2, 2, 2, 2, 2, 1, 1, 1, 1, 1, 1, 1, 1, 2, 2, 2, 2, 2, 2, 32, 0, 0, 0, 1, 1, 1, 1, 1, 1, 2, 2, 2, 32, 32, 32, 32, 0, 0, 0, 28, 28, 28, 28, 28, 33, 14, 14, 14, 14, 22, 22, 22, 9, 9, 9, 15, 15, 15, 15, 15, 16, 14, 14, 14, 22, 22, 22, 22, 9, 9, 9, 9, 15, 15, 15, 15, 15, 14, 14, 22, 22, 22, 22, 22, 9, 9, 9, 9, 15, 15, 15, 15, 15, 22, 22, 22, 22, 22, 22, 9, 9, 9, 9, 9, 9, 15, 15, 15, 15, 22, 22, 22, 22, 22, 22, 9, 9, 9, 9, 9, 9, 9, 15, 15, 15, 22, 22, 22, 22, 22, 22, 9, 9, 9, 9, 9, 9, 9, 15, 15, 15, 22, 22, 22, 22, 22, 22, 9, 9, 9, 9, 9, 9, 9, 9, 15, 15, 22, 22, 22, 22, 22, 9, 9, 9, 9, 9, 9, 9, 9, 9, 9, 15, 73, 67, 69, 1, 86, 65, 76, 69, 2, 0, 0, 0, 34, 0, 0, 0, 186, 0, 0, 0, 7, 0, 0, 0, 6, 6, 6, 5, 6, 7, 6, 5, 7, 5, 5, 6, 6, 5, 5, 5, 4, 6, 5, 5, 7, 5, 6, 6, 4, 6, 6, 5, 5, 4, 6, 4, 5, 6, 9, 22, 32, 2, 1, 28, 2, 18, 23, 33, 28, 0, 0, 32, 21, 30, 18, 1, 4, 31, 10, 29, 5, 5, 19, 17, 13, 31, 3, 3, 29, 7, 27, 26, 19, 4, 7, 29, 10, 9, 15, 8, 8, 27, 5, 29, 6, 6, 15, 16, 33, 25, 27, 7, 15, 6, 10, 22, 0, 6, 3, 11, 22, 9, 12, 14, 22, 10, 31, 13, 13, 17, 30, 21, 14, 11, 11, 31, 4, 17, 12, 12, 21, 32, 22, 11, 28, 16, 8, 6, 9, 15, 28, 33, 8, 4, 19, 20, 30, 12, 13, 2, 30, 20, 23, 1, 5, 26, 20, 17, 4, 19, 26, 24, 23, 18, 30, 17, 12, 30, 2, 32, 14, 14, 32, 0, 9, 10, 11, 24, 25, 33, 1, 18, 20, 20, 26, 25, 23, 24, 26, 27, 8, 33, 23, 5, 27, 25, 24, 20, 19, 25, 26, 5, 7, 8, 0, 1, 33, 16, 15, 7, 5, 3, 6, 2, 21, 12, 17, 20, 18, 3, 4, 13, 11, 14, 21, 2, 0, 22, 1, 23, 25, 8, 16, 28, 0, 0, 128, 191, 51, 118, 139, 60, 244, 217, 170, 60, 90, 9, 33, 60, 90, 9, 33, 60]
            }
        }

        over "Link14"
        {
            over "collisions" (
                prepend apiSchemas = ["PhysxCookedDataAPI:convexHull"]
            )
            {
                uchar[] physxCookedData:convexHull:buffer = [9, 103, 122, 122, 29, 136, 74, 197, 48, 235, 121, 249, 53, 110, 44, 28, 16, 78, 88, 83, 1, 67, 86, 88, 77, 14, 0, 0, 0, 0, 0, 0, 0, 73, 67, 69, 1, 67, 76, 72, 76, 9, 0, 0, 0, 34, 0, 0, 0, 93, 128, 0, 0, 61, 0, 0, 0, 186, 0, 0, 0, 19, 131, 192, 60, 89, 165, 143, 162, 188, 116, 147, 60, 156, 249, 62, 61, 205, 204, 76, 188, 199, 223, 45, 60, 229, 123, 57, 61, 244, 253, 84, 60, 109, 108, 50, 60, 19, 131, 192, 60, 223, 70, 249, 161, 188, 116, 147, 188, 229, 123, 57, 61, 244, 253, 84, 60, 109, 108, 50, 188, 156, 249, 62, 61, 205, 204, 76, 188, 199, 223, 45, 188, 30, 208, 113, 187, 190, 153, 232, 187, 127, 129, 135, 188, 53, 60, 61, 60, 95, 41, 75, 188, 159, 197, 85, 188, 181, 77, 140, 60, 73, 68, 147, 188, 38, 254, 110, 186, 94, 53, 2, 188, 126, 93, 112, 186, 186, 67, 147, 60, 111, 18, 3, 188, 29, 213, 107, 34, 188, 116, 147, 188, 2, 200, 113, 187, 190, 153, 232, 59, 127, 129, 135, 188, 181, 77, 140, 60, 73, 68, 147, 60, 38, 254, 110, 58, 221, 210, 71, 60, 6, 192, 85, 60, 67, 47, 75, 188, 37, 61, 221, 186, 137, 30, 0, 60, 117, 208, 132, 60, 55, 5, 129, 187, 31, 51, 228, 187, 4, 249, 135, 60, 105, 72, 91, 60, 146, 53, 105, 188, 116, 132, 52, 60, 3, 120, 11, 61, 110, 193, 145, 60, 168, 161, 50, 187, 158, 73, 81, 61, 205, 204, 76, 60, 95, 160, 246, 59, 158, 73, 81, 61, 205, 204, 76, 60, 95, 160, 246, 187, 172, 250, 92, 61, 205, 204, 76, 60, 236, 133, 71, 162, 87, 89, 108, 60, 127, 70, 122, 60, 114, 255, 27, 60, 45, 199, 215, 187, 32, 219, 148, 59, 206, 174, 142, 60, 242, 191, 84, 61, 205, 204, 76, 188, 216, 69, 211, 59, 49, 110, 92, 61, 244, 253, 84, 188, 117, 98, 85, 162, 3, 120, 11, 61, 73, 68, 147, 188, 38, 254, 110, 58, 242, 191, 84, 61, 205, 204, 76, 188, 216, 69, 211, 187, 3, 120, 11, 61, 245, 70, 138, 188, 86, 217, 204, 187, 85, 10, 211, 60, 18, 31, 15, 188, 123, 237, 128, 60, 85, 10, 211, 60, 18, 31, 15, 188, 123, 237, 128, 188, 3, 120, 11, 61, 176, 191, 142, 60, 68, 215, 147, 59, 81, 118, 204, 60, 190, 153, 232, 59, 127, 129, 135, 188, 81, 118, 204, 60, 190, 153, 232, 59, 127, 129, 135, 60, 3, 120, 11, 61, 253, 98, 132, 188, 165, 224, 1, 60, 10, 108, 202, 59, 86, 78, 114, 190, 135, 185, 120, 63, 100, 116, 144, 188, 0, 0, 4, 11, 19, 66, 157, 62, 96, 141, 189, 59, 5, 159, 115, 63, 113, 116, 199, 188, 4, 0, 3, 10, 19, 66, 157, 62, 115, 141, 189, 59, 5, 159, 115, 191, 113, 116, 199, 188, 7, 0, 3, 9, 107, 239, 126, 190, 225, 25, 107, 191, 188, 127, 157, 190, 69, 57, 77, 188, 10, 0, 3, 2, 170, 133, 90, 191, 74, 82, 5, 191, 32, 250, 68, 188, 155, 219, 230, 187, 13, 0, 3, 20, 225, 50, 146, 190, 219, 166, 109, 63, 41, 198, 115, 190, 228, 189, 61, 188, 16, 0, 3, 23, 221, 59, 240, 190, 236, 14, 98, 63, 138, 23, 23, 60, 86, 143, 0, 188, 19, 0, 3, 24, 187, 4, 168, 190, 182, 2, 109, 191, 145, 4, 64, 62, 236, 204, 49, 188, 22, 0, 3, 19, 241, 117, 85, 191, 62, 80, 13, 191, 169, 217, 130, 187, 119, 96, 231, 187, 25, 0, 3, 20, 205, 44, 237, 190, 107, 224, 98, 191, 154, 184, 8, 57, 197, 9, 3, 188, 28, 0, 3, 20, 42, 108, 190, 60, 200, 52, 96, 63, 101, 214, 246, 190, 253, 230, 144, 188, 31, 0, 3, 16, 172, 211, 117, 189, 204, 110, 113, 63, 7, 116, 167, 190, 15, 6, 128, 188, 34, 0, 3, 33, 174, 128, 0, 63, 140, 11, 139, 60, 113, 94, 93, 63, 233, 148, 4, 189, 37, 0, 3, 10, 174, 128, 0, 63, 137, 11, 139, 60, 112, 94, 93, 191, 233, 148, 4, 189, 40, 0, 3, 9, 19, 232, 100, 62, 75, 113, 113, 63, 142, 236, 123, 190, 143, 80, 205, 188, 43, 0, 3, 16, 225, 145, 137, 62, 195, 51, 117, 63, 122, 177, 208, 189, 199, 212, 216, 188, 46, 0, 3, 8, 84, 223, 179, 190, 116, 77, 107, 63, 154, 111, 54, 62, 3, 205, 46, 188, 49, 0, 3, 26, 193, 174, 13, 191, 115, 46, 85, 63, 213, 147, 125, 60, 168, 54, 252, 187, 52, 0, 3, 24, 2, 234, 89, 191, 97, 20, 6, 63, 208, 220, 7, 189, 79, 181, 242, 187, 55, 0, 3, 24, 159, 84, 120, 191, 6, 166, 120, 62, 146, 91, 249, 59, 82, 205, 249, 187, 58, 0, 3, 24, 117, 239, 116, 187, 141, 152, 210, 61, 35, 164, 126, 63, 45, 244, 145, 188, 61, 0, 3, 3, 245, 200, 117, 63, 183, 73, 165, 187, 77, 42, 143, 62, 66, 231, 83, 189, 64, 0, 3, 10, 22, 85, 111, 63, 97, 152, 133, 60, 139, 136, 181, 62, 58, 109, 79, 189, 67, 0, 3, 10, 208, 221, 29, 63, 82, 241, 86, 188, 105, 128, 73, 63, 124, 167, 24, 189, 70, 0, 3, 10, 11, 213, 125, 62, 232, 41, 117, 191, 40, 223, 21, 62, 33, 69, 211, 188, 73, 0, 3, 12, 208, 221, 29, 63, 78, 241, 86, 188, 105, 128, 73, 191, 124, 167, 24, 189, 76, 0, 3, 9, 22, 85, 111, 63, 97, 152, 133, 60, 139, 136, 181, 190, 58, 109, 79, 189, 79, 0, 3, 9, 245, 200, 117, 63, 175, 73, 165, 187, 77, 42, 143, 190, 65, 231, 83, 189, 82, 0, 3, 9, 239, 25, 113, 62, 17, 24, 118, 191, 44, 117, 18, 190, 16, 45, 206, 188, 85, 0, 3, 12, 136, 163, 133, 60, 163, 3, 125, 191, 153, 10, 27, 190, 0, 248, 148, 188, 88, 0, 3, 12, 13, 144, 131, 189, 223, 234, 106, 191, 176, 202, 200, 190, 255, 13, 129, 188, 91, 0, 3, 30, 150, 72, 46, 61, 237, 126, 67, 191, 158, 235, 36, 191, 241, 116, 150, 188, 94, 0, 3, 21, 77, 51, 102, 62, 227, 98, 110, 191, 30, 234, 146, 190, 46, 42, 206, 188, 97, 0, 3, 21, 241, 67, 111, 62, 18, 11, 118, 191, 12, 197, 22, 190, 130, 157, 205, 188, 100, 0, 3, 12, 83, 32, 121, 188, 139, 161, 33, 191, 34, 124, 70, 63, 33, 239, 141, 188, 103, 0, 3, 13, 224, 34, 77, 62, 173, 91, 73, 190, 248, 180, 117, 63, 194, 23, 180, 188, 106, 0, 3, 10, 215, 51, 22, 188, 243, 134, 17, 191, 150, 153, 82, 191, 227, 206, 144, 188, 109, 0, 3, 32, 245, 153, 35, 164, 137, 59, 106, 190, 112, 54, 121, 191, 231, 139, 143, 188, 112, 0, 4, 22, 220, 34, 77, 62, 173, 91, 73, 190, 248, 180, 117, 191, 193, 23, 180, 188, 116, 0, 3, 22, 171, 101, 65, 61, 234, 34, 52, 191, 248, 126, 53, 191, 115, 185, 151, 188, 119, 0, 3, 14, 174, 142, 104, 62, 225, 199, 112, 63, 1, 80, 129, 62, 30, 242, 206, 188, 122, 0, 3, 8, 30, 44, 133, 62, 60, 229, 117, 63, 173, 5, 202, 61, 3, 80, 213, 188, 125, 0, 3, 8, 86, 56, 128, 62, 62, 134, 119, 63, 39, 217, 72, 61, 119, 176, 209, 188, 128, 0, 3, 8, 191, 81, 178, 60, 96, 156, 127, 63, 235, 104, 79, 61, 162, 121, 150, 188, 131, 0, 3, 8, 181, 219, 250, 188, 94, 214, 116, 63, 156, 183, 148, 62, 221, 183, 138, 188, 134, 0, 3, 27, 182, 186, 34, 61, 102, 53, 90, 63, 130, 123, 5, 63, 130, 7, 152, 188, 137, 0, 3, 7, 255, 248, 15, 36, 42, 33, 78, 62, 121, 194, 122, 191, 4, 112, 144, 188, 140, 0, 4, 9, 0, 0, 0, 0, 162, 62, 18, 63, 141, 29, 82, 191, 5, 112, 144, 188, 144, 0, 3, 28, 19, 208, 21, 61, 151, 96, 31, 63, 51, 30, 72, 191, 105, 155, 149, 188, 147, 0, 3, 15, 2, 241, 100, 62, 33, 142, 27, 62, 123, 120, 118, 191, 16, 2, 185, 188, 150, 0, 3, 9, 63, 118, 12, 187, 52, 25, 178, 62, 42, 3, 112, 63, 29, 213, 146, 188, 153, 0, 3, 6, 75, 158, 53, 60, 209, 224, 75, 62, 206, 219, 122, 63, 234, 160, 146, 188, 156, 0, 3, 10, 3, 241, 100, 62, 33, 142, 27, 62, 123, 120, 118, 63, 16, 2, 185, 188, 159, 0, 3, 10, 12, 105, 128, 60, 232, 175, 41, 63, 6, 164, 63, 63, 62, 48, 143, 188, 162, 0, 3, 7, 54, 132, 11, 60, 45, 91, 40, 63, 41, 215, 64, 63, 170, 14, 142, 188, 165, 0, 3, 7, 150, 2, 77, 61, 55, 99, 50, 191, 112, 42, 55, 63, 194, 172, 152, 188, 168, 0, 3, 13, 117, 84, 39, 61, 82, 194, 51, 191, 123, 248, 53, 63, 209, 131, 150, 188, 171, 0, 3, 13, 213, 114, 62, 189, 220, 9, 117, 191, 30, 75, 146, 62, 177, 77, 132, 188, 174, 0, 3, 17, 221, 39, 221, 188, 200, 188, 119, 191, 137, 73, 128, 62, 198, 218, 136, 188, 177, 0, 3, 17, 19, 223, 90, 62, 188, 25, 114, 191, 143, 188, 122, 62, 97, 184, 200, 188, 180, 0, 3, 12, 206, 157, 91, 62, 133, 5, 112, 191, 231, 40, 140, 62, 96, 185, 201, 188, 183, 0, 3, 13, 28, 0, 9, 15, 0, 1, 2, 3, 4, 5, 6, 7, 8, 6, 9, 10, 11, 12, 13, 11, 14, 12, 15, 8, 16, 15, 9, 6, 15, 6, 8, 17, 4, 13, 17, 13, 12, 18, 2, 1, 19, 5, 4, 19, 4, 17, 19, 17, 20, 21, 12, 14, 22, 14, 11, 22, 11, 10, 22, 10, 9, 22, 9, 0, 23, 24, 20, 23, 20, 18, 23, 18, 1, 23, 25, 24, 26, 5, 19, 26, 19, 20, 26, 20, 24, 26, 24, 25, 27, 25, 8, 27, 8, 7, 27, 7, 5, 27, 5, 26, 27, 26, 25, 28, 15, 16, 28, 1, 0, 29, 7, 6, 29, 6, 10, 3, 29, 3, 5, 29, 5, 7, 30, 2, 18, 30, 18, 20, 30, 20, 17, 30, 17, 12, 30, 12, 21, 30, 21, 2, 31, 3, 10, 11, 31, 11, 13, 31, 13, 4, 31, 4, 3, 32, 14, 22, 32, 22, 0, 32, 0, 2, 32, 2, 21, 32, 21, 14, 33, 1, 28, 33, 28, 16, 33, 16, 8, 33, 8, 25, 33, 25, 23, 33, 23, 1, 0, 35, 0, 20, 0, 8, 0, 34, 1, 35, 1, 12, 1, 52, 2, 49, 2, 13, 2, 38, 3, 36, 3, 30, 3, 9, 4, 8, 4, 19, 4, 37, 5, 6, 5, 11, 5, 47, 6, 17, 6, 16, 7, 9, 7, 57, 7, 34, 8, 9, 10, 14, 10, 48, 10, 11, 11, 43, 12, 40, 12, 23, 13, 25, 13, 14, 14, 15, 15, 42, 15, 26, 16, 44, 16, 54, 17, 50, 17, 18, 18, 46, 18, 19, 19, 20, 20, 51, 21, 24, 21, 27, 21, 22, 22, 41, 22, 23, 23, 60, 24, 59, 24, 28, 25, 32, 25, 26, 26, 27, 27, 28, 28, 33, 29, 33, 29, 58, 29, 30, 30, 31, 31, 39, 31, 32, 32, 33, 34, 56, 35, 55, 36, 39, 36, 37, 37, 46, 37, 38, 38, 39, 40, 45, 40, 41, 41, 42, 42, 43, 43, 44, 44, 45, 45, 53, 46, 49, 46, 47, 47, 48, 48, 49, 50, 54, 50, 51, 51, 52, 52, 53, 53, 54, 55, 60, 55, 56, 56, 57, 57, 58, 58, 59, 59, 60, 0, 1, 20, 1, 12, 23, 1, 12, 40, 2, 37, 38, 2, 10, 13, 2, 13, 25, 3, 4, 8, 3, 30, 31, 3, 7, 9, 0, 4, 8, 4, 18, 19, 5, 6, 17, 5, 6, 11, 5, 10, 11, 6, 16, 17, 0, 7, 8, 7, 34, 56, 10, 11, 14, 12, 22, 23, 13, 14, 15, 15, 21, 22, 16, 44, 45, 17, 18, 19, 21, 22, 23, 21, 24, 27, 24, 28, 29, 25, 26, 27, 29, 30, 31, 0, 34, 35, 36, 37, 38, 40, 41, 42, 46, 47, 48, 50, 51, 52, 55, 56, 57, 28, 0, 0, 0, 0, 0, 9, 0, 9, 0, 15, 0, 15, 0, 28, 0, 0, 0, 1, 0, 1, 0, 2, 0, 2, 0, 0, 0, 3, 0, 4, 0, 4, 0, 5, 0, 5, 0, 3, 0, 6, 0, 7, 0, 7, 0, 8, 0, 8, 0, 6, 0, 6, 0, 9, 0, 9, 0, 10, 0, 10, 0, 6, 0, 11, 0, 12, 0, 12, 0, 13, 0, 13, 0, 11, 0, 11, 0, 14, 0, 14, 0, 12, 0, 15, 0, 8, 0, 8, 0, 16, 0, 16, 0, 15, 0, 6, 0, 15, 0, 17, 0, 4, 0, 4, 0, 13, 0, 13, 0, 17, 0, 12, 0, 17, 0, 18, 0, 2, 0, 1, 0, 18, 0, 19, 0, 5, 0, 4, 0, 19, 0, 17, 0, 19, 0, 17, 0, 20, 0, 20, 0, 19, 0, 21, 0, 12, 0, 14, 0, 21, 0, 22, 0, 14, 0, 11, 0, 22, 0, 11, 0, 10, 0, 10, 0, 22, 0, 9, 0, 22, 0, 0, 0, 22, 0, 23, 0, 24, 0, 24, 0, 20, 0, 20, 0, 23, 0, 20, 0, 18, 0, 18, 0, 23, 0, 1, 0, 23, 0, 23, 0, 25, 0, 25, 0, 24, 0, 26, 0, 5, 0, 19, 0, 26, 0, 20, 0, 26, 0, 24, 0, 26, 0, 25, 0, 26, 0, 27, 0, 25, 0, 25, 0, 8, 0, 8, 0, 27, 0, 7, 0, 27, 0, 7, 0, 5, 0, 5, 0, 27, 0, 26, 0, 27, 0, 16, 0, 28, 0, 28, 0, 1, 0, 29, 0, 7, 0, 6, 0, 29, 0, 10, 0, 3, 0, 3, 0, 29, 0, 5, 0, 29, 0, 30, 0, 2, 0, 18, 0, 30, 0, 20, 0, 30, 0, 17, 0, 30, 0, 12, 0, 30, 0, 21, 0, 30, 0, 21, 0, 2, 0, 31, 0, 3, 0, 11, 0, 31, 0, 13, 0, 31, 0, 4, 0, 31, 0, 32, 0, 14, 0, 22, 0, 32, 0, 0, 0, 32, 0, 2, 0, 32, 0, 21, 0, 32, 0, 33, 0, 1, 0, 28, 0, 33, 0, 16, 0, 33, 0, 8, 0, 33, 0, 25, 0, 33, 0, 23, 0, 33, 0, 0, 0, 0, 0, 112, 18, 3, 188, 73, 68, 147, 188, 188, 116, 147, 188, 172, 250, 92, 61, 73, 68, 147, 60, 188, 116, 147, 60, 40, 234, 61, 56, 44, 45, 210, 49, 49, 130, 9, 46, 30, 210, 83, 173, 49, 130, 9, 46, 77, 105, 31, 51, 7, 178, 63, 172, 30, 210, 83, 173, 7, 178, 63, 172, 67, 27, 30, 51, 150, 171, 186, 60, 112, 82, 166, 183, 48, 133, 255, 55, 0, 0, 128, 63, 73, 67, 69, 1, 83, 85, 80, 77, 0, 0, 0, 0, 73, 67, 69, 1, 71, 65, 85, 83, 0, 0, 0, 0, 16, 0, 0, 0, 0, 6, 0, 0, 26, 26, 26, 26, 26, 24, 24, 24, 24, 24, 24, 23, 23, 23, 23, 23, 26, 26, 26, 26, 26, 24, 24, 24, 24, 24, 24, 23, 23, 23, 23, 23, 26, 26, 26, 26, 26, 24, 24, 24, 24, 24, 24, 23, 23, 23, 23, 23, 26, 26, 26, 26, 26, 24, 24, 24, 24, 24, 24, 23, 23, 23, 23, 23, 26, 26, 26, 26, 26, 26, 24, 24, 24, 24, 23, 23, 23, 23, 23, 23, 26, 26, 26, 26, 26, 26, 24, 24, 24, 24, 23, 23, 23, 23, 23, 23, 26, 26, 26, 26, 26, 26, 24, 24, 24, 24, 23, 23, 23, 23, 23, 23, 26, 26, 26, 26, 26, 26, 24, 24, 24, 24, 23, 23, 23, 23, 23, 23, 19, 19, 19, 19, 19, 20, 20, 20, 20, 20, 20, 18, 18, 18, 18, 18, 19, 19, 19, 19, 19, 20, 20, 20, 20, 20, 20, 18, 18, 18, 18, 18, 19, 19, 19, 19, 19, 20, 20, 20, 20, 20, 20, 18, 18, 18, 18, 18, 19, 19, 19, 19, 19, 20, 20, 20, 20, 20, 20, 18, 18, 18, 18, 18, 19, 19, 19, 19, 19, 20, 20, 20, 20, 20, 20, 18, 18, 18, 18, 18, 19, 19, 19, 19, 19, 20, 20, 20, 20, 20, 20, 18, 18, 18, 18, 18, 19, 19, 19, 19, 19, 20, 20, 20, 20, 20, 20, 18, 18, 18, 18, 18, 19, 19, 19, 19, 19, 20, 20, 20, 20, 20, 20, 18, 18, 18, 18, 18, 6, 6, 6, 6, 6, 6, 6, 6, 15, 15, 15, 15, 15, 15, 15, 15, 6, 6, 6, 6, 6, 6, 6, 6, 15, 15, 15, 15, 15, 15, 15, 9, 10, 10, 10, 6, 6, 6, 6, 6, 15, 15, 9, 9, 9, 9, 9, 9, 10, 10, 10, 10, 10, 10, 10, 10, 9, 9, 9, 9, 9, 9, 9, 9, 10, 10, 10, 10, 10, 10, 10, 10, 9, 9, 9, 9, 9, 9, 9, 9, 10, 10, 10, 10, 10, 10, 10, 10, 9, 9, 9, 9, 9, 9, 9, 9, 10, 10, 10, 10, 10, 10, 10, 10, 9, 9, 9, 9, 9, 9, 9, 9, 10, 10, 10, 10, 10, 10, 10, 10, 9, 9, 9, 9, 9, 9, 9, 9, 10, 10, 10, 10, 10, 10, 10, 10, 9, 9, 9, 9, 9, 9, 9, 9, 10, 10, 10, 10, 10, 10, 10, 10, 9, 9, 9, 9, 9, 9, 9, 9, 10, 10, 10, 10, 10, 10, 10, 10, 22, 22, 22, 22, 22, 22, 9, 9, 10, 10, 10, 10, 10, 10, 10, 10, 22, 22, 22, 22, 22, 22, 22, 22, 10, 10, 10, 10, 10, 10, 10, 10, 22, 22, 22, 22, 22, 22, 22, 22, 10, 10, 10, 11, 11, 11, 11, 11, 22, 22, 22, 22, 22, 22, 22, 22, 11, 11, 11, 11, 11, 11, 11, 11, 22, 22, 22, 22, 22, 22, 22, 22, 11, 11, 11, 11, 11, 11, 11, 11, 22, 22, 22, 22, 22, 22, 22, 22, 11, 11, 11, 11, 11, 11, 11, 13, 4, 4, 4, 4, 4, 19, 19, 19, 11, 11, 11, 11, 11, 11, 11, 13, 4, 4, 4, 4, 19, 19, 19, 19, 11, 11, 11, 11, 11, 11, 11, 13, 4, 4, 4, 4, 19, 19, 19, 19, 11, 11, 11, 11, 11, 11, 13, 13, 4, 4, 4, 19, 19, 19, 19, 19, 11, 11, 11, 11, 11, 11, 13, 13, 17, 4, 4, 19, 19, 19, 19, 19, 11, 11, 11, 11, 11, 11, 13, 12, 17, 4, 19, 19, 19, 19, 19, 20, 11, 11, 11, 11, 11, 12, 12, 12, 17, 17, 19, 19, 20, 20, 20, 20, 11, 11, 11, 11, 12, 12, 12, 12, 17, 17, 20, 20, 20, 20, 20, 20, 22, 22, 22, 14, 12, 12, 12, 12, 30, 30, 20, 20, 20, 20, 20, 20, 22, 22, 22, 14, 14, 12, 12, 12, 30, 30, 18, 18, 20, 20, 20, 20, 22, 22, 22, 22, 14, 14, 21, 21, 30, 30, 18, 18, 18, 18, 18, 20, 22, 22, 22, 22, 14, 14, 21, 21, 30, 2, 2, 18, 18, 18, 18, 18, 22, 22, 22, 22, 14, 14, 21, 21, 2, 2, 2, 18, 18, 18, 18, 18, 22, 22, 22, 22, 14, 14, 14, 21, 2, 2, 2, 2, 18, 18, 18, 18, 22, 22, 22, 22, 22, 14, 14, 21, 2, 2, 2, 2, 18, 18, 18, 18, 22, 22, 22, 22, 22, 14, 14, 14, 2, 2, 2, 2, 2, 18, 18, 18, 6, 6, 6, 6, 6, 6, 6, 7, 5, 5, 5, 5, 5, 5, 26, 26, 6, 6, 6, 6, 6, 6, 6, 7, 5, 5, 5, 5, 5, 26, 26, 26, 6, 6, 6, 6, 6, 6, 6, 7, 27, 5, 5, 5, 26, 26, 26, 26, 6, 6, 6, 6, 6, 6, 7, 7, 27, 5, 5, 5, 26, 26, 26, 26, 6, 6, 6, 6, 6, 6, 7, 7, 27, 5, 5, 26, 26, 26, 26, 26, 6, 6, 6, 6, 6, 6, 8, 8, 27, 27, 26, 26, 26, 26, 26, 24, 6, 6, 6, 6, 6, 8, 8, 8, 27, 27, 26, 24, 24, 24, 24, 24, 6, 6, 6, 6, 8, 8, 8, 8, 25, 25, 24, 24, 24, 24, 24, 24, 15, 15, 15, 15, 8, 8, 8, 8, 25, 25, 24, 24, 24, 24, 24, 24, 15, 15, 15, 15, 15, 8, 8, 8, 25, 25, 23, 24, 24, 24, 24, 24, 15, 15, 15, 15, 15, 15, 16, 16, 33, 33, 23, 23, 23, 23, 23, 24, 15, 15, 15, 15, 15, 15, 16, 16, 33, 1, 1, 23, 23, 23, 23, 23, 15, 15, 15, 15, 15, 15, 16, 16, 33, 1, 1, 1, 23, 23, 23, 23, 15, 15, 15, 15, 15, 15, 15, 16, 33, 1, 1, 1, 23, 23, 23, 23, 15, 15, 15, 15, 15, 15, 15, 16, 33, 1, 1, 1, 1, 23, 23, 23, 15, 15, 15, 15, 15, 15, 15, 16, 33, 1, 1, 1, 1, 1, 23, 23, 15, 9, 9, 9, 9, 9, 9, 9, 9, 9, 9, 22, 22, 22, 22, 22, 15, 15, 9, 9, 9, 9, 9, 9, 9, 9, 22, 22, 22, 22, 22, 22, 15, 15, 15, 9, 9, 9, 9, 9, 9, 9, 22, 22, 22, 22, 22, 22, 15, 15, 15, 9, 9, 9, 9, 9, 9, 9, 22, 22, 22, 22, 22, 22, 15, 15, 15, 15, 9, 9, 9, 9, 9, 9, 22, 22, 22, 22, 22, 22, 15, 15, 15, 15, 15, 9, 9, 9, 9, 22, 22, 22, 22, 22, 14, 14, 15, 15, 15, 15, 15, 9, 9, 9, 9, 22, 22, 22, 22, 14, 14, 14, 16, 15, 15, 15, 15, 15, 9, 9, 9, 22, 22, 22, 14, 14, 14, 14, 33, 28, 28, 28, 28, 28, 0, 0, 0, 32, 32, 32, 32, 2, 2, 2, 1, 1, 1, 1, 1, 1, 0, 0, 0, 32, 2, 2, 2, 2, 2, 2, 1, 1, 1, 1, 1, 1, 1, 1, 2, 2, 2, 2, 2, 2, 2, 2, 1, 1, 1, 1, 1, 1, 1, 1, 2, 2, 2, 2, 2, 2, 2, 2, 1, 1, 1, 1, 1, 1, 1, 1, 18, 18, 2, 2, 2, 2, 2, 2, 1, 1, 1, 1, 1, 1, 1, 1, 18, 18, 18, 18, 18, 18, 18, 18, 23, 23, 23, 23, 23, 23, 23, 23, 18, 18, 18, 18, 18, 18, 18, 18, 23, 23, 23, 23, 23, 23, 23, 23, 18, 18, 18, 18, 18, 18, 18, 18, 6, 6, 10, 10, 10, 10, 10, 10, 10, 10, 10, 10, 10, 10, 11, 11, 6, 6, 6, 10, 10, 10, 10, 10, 10, 10, 10, 10, 10, 11, 11, 11, 6, 6, 6, 10, 10, 10, 10, 10, 10, 10, 10, 10, 10, 11, 11, 11, 6, 6, 6, 6, 10, 10, 10, 10, 10, 10, 10, 10, 11, 11, 11, 11, 6, 6, 6, 6, 10, 10, 10, 10, 10, 10, 10, 10, 11, 11, 11, 11, 6, 6, 6, 6, 6, 10, 10, 10, 10, 10, 10, 11, 11, 11, 11, 11, 6, 6, 6, 6, 6, 6, 10, 10, 10, 10, 11, 11, 11, 11, 11, 11, 7, 7, 6, 6, 6, 6, 10, 10, 10, 10, 11, 11, 11, 11, 11, 13, 5, 29, 29, 29, 29, 29, 3, 3, 3, 31, 31, 31, 31, 4, 4, 4, 5, 5, 5, 5, 5, 5, 3, 3, 3, 31, 4, 4, 4, 4, 4, 4, 5, 5, 5, 5, 5, 5, 5, 5, 4, 4, 4, 4, 4, 4, 4, 4, 5, 5, 5, 5, 5, 5, 5, 5, 4, 4, 4, 4, 4, 4, 4, 4, 5, 5, 5, 5, 5, 5, 5, 5, 19, 19, 4, 4, 4, 4, 4, 4, 5, 5, 5, 5, 5, 5, 5, 5, 19, 19, 19, 19, 19, 19, 19, 19, 26, 26, 26, 26, 26, 26, 26, 26, 19, 19, 19, 19, 19, 19, 19, 19, 26, 26, 26, 26, 26, 26, 26, 26, 19, 19, 19, 19, 19, 19, 19, 19, 22, 22, 22, 22, 22, 22, 22, 22, 11, 11, 11, 11, 11, 11, 11, 11, 22, 22, 22, 22, 22, 22, 22, 22, 11, 11, 11, 11, 11, 11, 11, 11, 22, 22, 22, 22, 22, 22, 22, 22, 11, 11, 11, 11, 11, 10, 10, 10, 22, 22, 22, 22, 22, 22, 22, 22, 10, 10, 10, 10, 10, 10, 10, 10, 22, 22, 22, 22, 22, 22, 22, 22, 10, 10, 10, 10, 10, 10, 10, 10, 9, 9, 22, 22, 22, 22, 22, 22, 10, 10, 10, 10, 10, 10, 10, 10, 9, 9, 9, 9, 9, 9, 9, 9, 10, 10, 10, 10, 10, 10, 10, 10, 9, 9, 9, 9, 9, 9, 9, 9, 10, 10, 10, 10, 10, 10, 10, 10, 9, 9, 9, 9, 9, 9, 9, 9, 10, 10, 10, 10, 10, 10, 10, 10, 9, 9, 9, 9, 9, 9, 9, 9, 10, 10, 10, 10, 10, 10, 10, 10, 9, 9, 9, 9, 9, 9, 9, 9, 10, 10, 10, 10, 10, 10, 10, 10, 9, 9, 9, 9, 9, 9, 9, 9, 10, 10, 10, 10, 10, 10, 10, 10, 9, 9, 9, 9, 9, 9, 9, 9, 10, 10, 10, 10, 10, 10, 10, 10, 9, 9, 9, 9, 9, 9, 15, 15, 6, 6, 6, 6, 6, 10, 10, 10, 9, 15, 15, 15, 15, 15, 15, 15, 6, 6, 6, 6, 6, 6, 6, 6, 15, 15, 15, 15, 15, 15, 15, 15, 6, 6, 6, 6, 6, 6, 6, 6, 18, 18, 18, 18, 18, 20, 20, 20, 20, 20, 20, 19, 19, 19, 19, 19, 18, 18, 18, 18, 18, 20, 20, 20, 20, 20, 20, 19, 19, 19, 19, 19, 18, 18, 18, 18, 18, 20, 20, 20, 20, 20, 20, 19, 19, 19, 19, 19, 18, 18, 18, 18, 18, 20, 20, 20, 20, 20, 20, 19, 19, 19, 19, 19, 18, 18, 18, 18, 18, 20, 20, 20, 20, 20, 20, 19, 19, 19, 19, 19, 18, 18, 18, 18, 18, 20, 20, 20, 20, 20, 20, 19, 19, 19, 19, 19, 18, 18, 18, 18, 18, 20, 20, 20, 20, 20, 20, 19, 19, 19, 19, 19, 18, 18, 18, 18, 18, 20, 20, 20, 20, 20, 20, 19, 19, 19, 19, 19, 23, 23, 23, 23, 23, 23, 24, 24, 24, 24, 26, 26, 26, 26, 26, 26, 23, 23, 23, 23, 23, 23, 24, 24, 24, 24, 26, 26, 26, 26, 26, 26, 23, 23, 23, 23, 23, 23, 24, 24, 24, 24, 26, 26, 26, 26, 26, 26, 23, 23, 23, 23, 23, 23, 24, 24, 24, 24, 26, 26, 26, 26, 26, 26, 23, 23, 23, 23, 23, 24, 24, 24, 24, 24, 24, 26, 26, 26, 26, 26, 23, 23, 23, 23, 23, 24, 24, 24, 24, 24, 24, 26, 26, 26, 26, 26, 23, 23, 23, 23, 23, 24, 24, 24, 24, 24, 24, 26, 26, 26, 26, 26, 23, 23, 23, 23, 23, 24, 24, 24, 24, 24, 24, 26, 26, 26, 26, 26, 23, 23, 1, 1, 1, 1, 1, 33, 16, 15, 15, 15, 15, 15, 15, 15, 23, 23, 23, 1, 1, 1, 1, 33, 16, 15, 15, 15, 15, 15, 15, 15, 23, 23, 23, 23, 1, 1, 1, 33, 16, 15, 15, 15, 15, 15, 15, 15, 23, 23, 23, 23, 1, 1, 1, 33, 16, 16, 15, 15, 15, 15, 15, 15, 23, 23, 23, 23, 23, 1, 1, 33, 16, 16, 15, 15, 15, 15, 15, 15, 24, 23, 23, 23, 23, 23, 33, 33, 16, 16, 15, 15, 15, 15, 15, 15, 24, 24, 24, 24, 24, 23, 25, 25, 8, 8, 8, 15, 15, 15, 15, 15, 24, 24, 24, 24, 24, 24, 25, 25, 8, 8, 8, 8, 15, 15, 15, 15, 24, 24, 24, 24, 24, 24, 25, 25, 8, 8, 8, 8, 6, 6, 6, 6, 24, 24, 24, 24, 24, 26, 27, 27, 8, 8, 8, 6, 6, 6, 6, 6, 24, 26, 26, 26, 26, 26, 27, 27, 8, 8, 6, 6, 6, 6, 6, 6, 26, 26, 26, 26, 26, 5, 5, 27, 7, 7, 6, 6, 6, 6, 6, 6, 26, 26, 26, 26, 5, 5, 5, 27, 7, 7, 6, 6, 6, 6, 6, 6, 26, 26, 26, 26, 5, 5, 5, 27, 7, 6, 6, 6, 6, 6, 6, 6, 26, 26, 26, 5, 5, 5, 5, 5, 7, 6, 6, 6, 6, 6, 6, 6, 26, 26, 5, 5, 5, 5, 5, 5, 7, 6, 6, 6, 6, 6, 6, 6, 18, 18, 18, 2, 2, 2, 2, 2, 14, 14, 14, 22, 22, 22, 22, 22, 18, 18, 18, 18, 2, 2, 2, 2, 21, 14, 14, 22, 22, 22, 22, 22, 18, 18, 18, 18, 2, 2, 2, 2, 21, 14, 14, 14, 22, 22, 22, 22, 18, 18, 18, 18, 18, 2, 2, 2, 21, 21, 14, 14, 22, 22, 22, 22, 18, 18, 18, 18, 18, 2, 2, 30, 21, 21, 14, 14, 22, 22, 22, 22, 20, 18, 18, 18, 18, 18, 30, 30, 21, 21, 14, 14, 22, 22, 22, 22, 20, 20, 20, 20, 18, 18, 30, 30, 12, 12, 12, 14, 14, 22, 22, 22, 20, 20, 20, 20, 20, 20, 30, 30, 12, 12, 12, 12, 14, 22, 22, 22, 20, 20, 20, 20, 20, 20, 17, 17, 12, 12, 12, 12, 11, 11, 11, 11, 20, 20, 20, 20, 19, 19, 17, 17, 12, 12, 12, 11, 11, 11, 11, 11, 20, 19, 19, 19, 19, 19, 4, 17, 12, 13, 11, 11, 11, 11, 11, 11, 19, 19, 19, 19, 19, 4, 4, 17, 13, 13, 11, 11, 11, 11, 11, 11, 19, 19, 19, 19, 19, 4, 4, 4, 13, 13, 11, 11, 11, 11, 11, 11, 19, 19, 19, 19, 4, 4, 4, 4, 13, 11, 11, 11, 11, 11, 11, 11, 19, 19, 19, 19, 4, 4, 4, 4, 13, 11, 11, 11, 11, 11, 11, 11, 19, 19, 19, 4, 4, 4, 4, 4, 13, 11, 11, 11, 11, 11, 11, 11, 19, 19, 19, 19, 19, 19, 19, 19, 26, 26, 26, 26, 26, 26, 26, 26, 19, 19, 19, 19, 19, 19, 19, 19, 26, 26, 26, 26, 26, 26, 26, 26, 19, 19, 19, 19, 19, 19, 19, 19, 5, 5, 5, 5, 5, 5, 5, 5, 4, 4, 4, 4, 4, 4, 19, 19, 5, 5, 5, 5, 5, 5, 5, 5, 4, 4, 4, 4, 4, 4, 4, 4, 5, 5, 5, 5, 5, 5, 5, 5, 4, 4, 4, 4, 4, 4, 4, 4, 5, 5, 5, 5, 5, 5, 5, 5, 4, 4, 4, 4, 4, 4, 31, 3, 3, 3, 5, 5, 5, 5, 5, 5, 4, 4, 4, 31, 31, 31, 31, 3, 3, 3, 29, 29, 29, 29, 29, 5, 13, 11, 11, 11, 11, 11, 10, 10, 10, 10, 6, 6, 6, 6, 7, 7, 11, 11, 11, 11, 11, 11, 10, 10, 10, 10, 6, 6, 6, 6, 6, 6, 11, 11, 11, 11, 11, 10, 10, 10, 10, 10, 10, 6, 6, 6, 6, 6, 11, 11, 11, 11, 10, 10, 10, 10, 10, 10, 10, 10, 6, 6, 6, 6, 11, 11, 11, 11, 10, 10, 10, 10, 10, 10, 10, 10, 6, 6, 6, 6, 11, 11, 11, 10, 10, 10, 10, 10, 10, 10, 10, 10, 10, 6, 6, 6, 11, 11, 11, 10, 10, 10, 10, 10, 10, 10, 10, 10, 10, 6, 6, 6, 11, 11, 10, 10, 10, 10, 10, 10, 10, 10, 10, 10, 10, 10, 6, 6, 18, 18, 18, 18, 18, 18, 18, 18, 23, 23, 23, 23, 23, 23, 23, 23, 18, 18, 18, 18, 18, 18, 18, 18, 23, 23, 23, 23, 23, 23, 23, 23, 18, 18, 18, 18, 18, 18, 18, 18, 1, 1, 1, 1, 1, 1, 1, 1, 2, 2, 2, 2, 2, 2, 18, 18, 1, 1, 1, 1, 1, 1, 1, 1, 2, 2, 2, 2, 2, 2, 2, 2, 1, 1, 1, 1, 1, 1, 1, 1, 2, 2, 2, 2, 2, 2, 2, 2, 1, 1, 1, 1, 1, 1, 1, 1, 2, 2, 2, 2, 2, 2, 32, 0, 0, 0, 1, 1, 1, 1, 1, 1, 2, 2, 2, 32, 32, 32, 32, 0, 0, 0, 28, 28, 28, 28, 28, 33, 14, 14, 14, 14, 22, 22, 22, 9, 9, 9, 15, 15, 15, 15, 15, 16, 14, 14, 14, 22, 22, 22, 22, 9, 9, 9, 9, 15, 15, 15, 15, 15, 14, 14, 22, 22, 22, 22, 22, 9, 9, 9, 9, 15, 15, 15, 15, 15, 22, 22, 22, 22, 22, 22, 9, 9, 9, 9, 9, 9, 15, 15, 15, 15, 22, 22, 22, 22, 22, 22, 9, 9, 9, 9, 9, 9, 9, 15, 15, 15, 22, 22, 22, 22, 22, 22, 9, 9, 9, 9, 9, 9, 9, 15, 15, 15, 22, 22, 22, 22, 22, 22, 9, 9, 9, 9, 9, 9, 9, 9, 15, 15, 22, 22, 22, 22, 22, 9, 9, 9, 9, 9, 9, 9, 9, 9, 9, 15, 73, 67, 69, 1, 86, 65, 76, 69, 2, 0, 0, 0, 34, 0, 0, 0, 186, 0, 0, 0, 7, 0, 0, 0, 6, 6, 6, 5, 6, 7, 6, 5, 7, 5, 5, 6, 6, 5, 5, 5, 4, 6, 5, 5, 7, 5, 6, 6, 4, 6, 6, 5, 5, 4, 6, 4, 5, 6, 9, 22, 32, 2, 1, 28, 2, 18, 23, 33, 28, 0, 0, 32, 21, 30, 18, 1, 4, 31, 10, 29, 5, 5, 19, 17, 13, 31, 3, 3, 29, 7, 27, 26, 19, 4, 7, 29, 10, 9, 15, 8, 8, 27, 5, 29, 6, 6, 15, 16, 33, 25, 27, 7, 15, 6, 10, 22, 0, 6, 3, 11, 22, 9, 12, 14, 22, 10, 31, 13, 13, 17, 30, 21, 14, 11, 11, 31, 4, 17, 12, 12, 21, 32, 22, 11, 28, 16, 8, 6, 9, 15, 28, 33, 8, 4, 19, 20, 30, 12, 13, 2, 30, 20, 23, 1, 5, 26, 20, 17, 4, 19, 26, 24, 23, 18, 30, 17, 12, 30, 2, 32, 14, 14, 32, 0, 9, 10, 11, 24, 25, 33, 1, 18, 20, 20, 26, 25, 23, 24, 26, 27, 8, 33, 23, 5, 27, 25, 24, 20, 19, 25, 26, 5, 7, 8, 0, 1, 33, 16, 15, 7, 5, 3, 6, 2, 21, 12, 17, 20, 18, 3, 4, 13, 11, 14, 21, 2, 0, 22, 1, 23, 25, 8, 16, 28, 0, 0, 128, 191, 51, 118, 139, 60, 244, 217, 170, 60, 90, 9, 33, 60, 90, 9, 33, 60]
            }
        }

        over "Link5_cover"
        {
            over "collisions" (
                prepend apiSchemas = ["PhysxCookedDataAPI:convexHull"]
            )
            {
                uchar[] physxCookedData:convexHull:buffer = [9, 110, 105, 242, 15, 114, 65, 108, 193, 8, 100, 91, 17, 110, 107, 255, 213, 78, 88, 83, 1, 67, 86, 88, 77, 14, 0, 0, 0, 0, 0, 0, 0, 73, 67, 69, 1, 67, 76, 72, 76, 9, 0, 0, 0, 34, 0, 0, 0, 85, 128, 0, 0, 53, 0, 0, 0, 170, 0, 0, 0, 3, 120, 11, 61, 43, 166, 121, 188, 90, 245, 57, 188, 202, 236, 184, 60, 182, 240, 13, 187, 41, 162, 154, 188, 3, 120, 11, 61, 43, 166, 121, 60, 90, 245, 57, 188, 3, 120, 11, 61, 43, 166, 121, 188, 90, 245, 57, 60, 3, 120, 11, 61, 43, 166, 121, 60, 90, 245, 57, 60, 166, 85, 185, 60, 182, 240, 13, 59, 41, 162, 154, 60, 254, 42, 58, 187, 152, 15, 245, 187, 93, 21, 143, 188, 15, 159, 148, 60, 163, 149, 155, 188, 235, 58, 14, 58, 16, 58, 15, 187, 44, 44, 252, 187, 29, 79, 142, 60, 16, 58, 15, 187, 44, 44, 252, 59, 29, 79, 142, 60, 15, 159, 148, 60, 163, 149, 155, 60, 235, 58, 14, 186, 148, 95, 58, 187, 154, 5, 245, 59, 110, 22, 143, 188, 112, 178, 130, 60, 4, 169, 137, 188, 140, 69, 17, 188, 112, 178, 130, 60, 4, 169, 137, 60, 140, 69, 17, 60, 3, 120, 11, 61, 80, 16, 154, 60, 74, 53, 49, 59, 209, 166, 124, 60, 253, 73, 133, 60, 161, 192, 32, 188, 209, 166, 124, 60, 253, 73, 133, 188, 161, 192, 32, 60, 3, 120, 11, 61, 211, 136, 150, 188, 57, 70, 158, 59, 247, 47, 196, 60, 65, 91, 242, 59, 253, 94, 143, 188, 209, 152, 196, 60, 65, 91, 242, 187, 253, 94, 143, 60, 3, 120, 11, 61, 67, 140, 152, 188, 28, 72, 119, 187, 163, 149, 2, 188, 12, 180, 52, 58, 168, 139, 155, 60, 111, 18, 3, 188, 151, 39, 27, 33, 227, 165, 155, 188, 217, 196, 215, 187, 141, 223, 148, 187, 250, 33, 151, 188, 181, 198, 215, 187, 219, 220, 148, 187, 36, 34, 151, 60, 181, 198, 215, 187, 219, 220, 148, 59, 36, 34, 151, 188, 54, 179, 205, 187, 144, 128, 162, 59, 175, 64, 150, 60, 3, 120, 11, 61, 67, 140, 152, 60, 28, 72, 119, 187, 77, 7, 204, 60, 18, 19, 25, 188, 167, 135, 135, 188, 41, 112, 204, 60, 18, 19, 25, 60, 167, 135, 135, 60, 89, 80, 81, 60, 130, 61, 95, 188, 49, 244, 88, 188, 89, 80, 81, 60, 130, 61, 95, 60, 49, 244, 88, 60, 53, 60, 61, 60, 95, 41, 75, 60, 128, 220, 107, 188, 107, 144, 68, 60, 148, 125, 82, 188, 54, 88, 101, 60, 0, 0, 128, 63, 0, 0, 0, 0, 0, 0, 0, 0, 3, 120, 11, 189, 0, 0, 8, 22, 209, 99, 12, 63, 0, 0, 0, 0, 88, 18, 86, 191, 62, 184, 230, 188, 8, 0, 3, 21, 147, 209, 12, 63, 0, 0, 0, 0, 53, 202, 85, 63, 160, 21, 231, 188, 11, 0, 3, 22, 91, 134, 247, 190, 253, 23, 96, 191, 131, 130, 110, 59, 215, 183, 0, 188, 14, 0, 3, 14, 252, 113, 247, 190, 158, 29, 96, 63, 234, 42, 111, 59, 234, 185, 0, 188, 17, 0, 3, 20, 53, 61, 203, 190, 30, 249, 104, 191, 16, 92, 244, 189, 213, 32, 36, 188, 20, 0, 3, 14, 24, 59, 205, 190, 21, 148, 104, 63, 210, 197, 241, 61, 226, 128, 34, 188, 23, 0, 3, 20, 141, 149, 226, 60, 9, 138, 108, 63, 161, 75, 195, 62, 50, 132, 158, 188, 26, 0, 3, 12, 20, 120, 8, 189, 154, 163, 121, 63, 70, 69, 96, 62, 35, 203, 145, 188, 29, 0, 3, 20, 24, 59, 191, 190, 10, 249, 105, 63, 89, 128, 34, 190, 63, 201, 46, 188, 32, 0, 3, 17, 120, 108, 19, 189, 148, 48, 118, 191, 40, 42, 139, 62, 51, 123, 145, 188, 35, 0, 3, 27, 43, 238, 103, 60, 218, 164, 102, 191, 17, 12, 222, 62, 194, 187, 156, 188, 38, 0, 3, 15, 82, 6, 193, 190, 93, 170, 105, 191, 71, 22, 33, 62, 223, 91, 45, 188, 41, 0, 3, 27, 168, 186, 249, 62, 98, 215, 97, 61, 136, 9, 95, 191, 40, 241, 223, 188, 44, 0, 3, 21, 111, 204, 250, 62, 70, 240, 95, 189, 154, 190, 94, 63, 64, 92, 224, 188, 47, 0, 3, 22, 187, 39, 254, 60, 188, 197, 127, 191, 221, 209, 233, 60, 27, 47, 160, 188, 50, 0, 3, 10, 14, 126, 21, 189, 215, 166, 121, 191, 117, 134, 95, 190, 247, 84, 145, 188, 53, 0, 3, 14, 252, 31, 189, 60, 112, 174, 105, 191, 214, 191, 208, 190, 106, 74, 158, 188, 56, 0, 3, 13, 174, 24, 118, 191, 128, 0, 141, 190, 35, 109, 188, 59, 49, 108, 248, 187, 59, 0, 4, 14, 50, 73, 25, 191, 3, 9, 77, 191, 189, 167, 98, 54, 19, 110, 248, 187, 63, 0, 4, 14, 255, 93, 126, 186, 80, 40, 166, 190, 240, 36, 114, 63, 80, 21, 155, 188, 67, 0, 3, 18, 154, 38, 31, 60, 55, 131, 1, 190, 153, 238, 125, 63, 202, 240, 152, 188, 70, 0, 4, 25, 241, 25, 151, 187, 92, 140, 249, 189, 245, 22, 126, 191, 234, 201, 154, 188, 74, 0, 3, 5, 205, 78, 136, 185, 203, 166, 162, 62, 33, 189, 114, 191, 29, 36, 155, 188, 77, 0, 3, 19, 108, 193, 91, 60, 120, 218, 7, 62, 189, 182, 125, 191, 5, 97, 153, 188, 80, 0, 4, 24, 189, 95, 116, 191, 83, 134, 152, 62, 172, 162, 152, 187, 152, 35, 253, 187, 84, 0, 3, 20, 44, 22, 14, 191, 236, 241, 84, 63, 238, 245, 172, 59, 97, 131, 252, 187, 87, 0, 3, 20, 86, 215, 29, 191, 16, 140, 73, 63, 35, 6, 118, 187, 50, 130, 252, 187, 90, 0, 3, 20, 86, 238, 109, 191, 12, 239, 188, 62, 247, 124, 107, 59, 89, 78, 253, 187, 93, 0, 3, 20, 252, 246, 113, 187, 65, 171, 26, 62, 168, 15, 125, 63, 153, 218, 154, 188, 96, 0, 3, 1, 151, 241, 138, 60, 199, 181, 105, 63, 101, 198, 208, 190, 196, 153, 156, 188, 99, 0, 3, 16, 64, 8, 7, 189, 238, 39, 118, 63, 130, 153, 139, 190, 3, 234, 145, 188, 102, 0, 3, 17, 33, 72, 143, 60, 64, 219, 127, 63, 169, 228, 233, 188, 63, 57, 158, 188, 105, 0, 3, 7, 200, 121, 51, 60, 243, 105, 156, 190, 209, 190, 115, 191, 93, 173, 154, 188, 108, 0, 4, 26, 251, 200, 208, 62, 98, 113, 35, 190, 42, 38, 102, 191, 128, 66, 217, 188, 112, 0, 3, 21, 14, 175, 72, 60, 90, 27, 158, 62, 215, 119, 115, 63, 18, 208, 154, 188, 115, 0, 4, 23, 175, 6, 210, 62, 76, 85, 34, 62, 111, 234, 101, 63, 67, 183, 217, 188, 119, 0, 3, 22, 170, 194, 30, 188, 203, 243, 79, 191, 173, 72, 21, 191, 233, 233, 152, 188, 122, 0, 3, 4, 105, 80, 87, 190, 118, 115, 91, 191, 223, 169, 240, 190, 178, 85, 121, 188, 125, 0, 3, 4, 158, 213, 78, 188, 156, 130, 22, 191, 94, 14, 79, 191, 141, 10, 152, 188, 128, 0, 3, 29, 192, 79, 157, 60, 84, 226, 36, 191, 150, 196, 67, 191, 46, 219, 156, 188, 131, 0, 3, 31, 170, 194, 30, 188, 203, 243, 79, 63, 173, 72, 21, 63, 233, 233, 152, 188, 134, 0, 3, 0, 5, 250, 86, 190, 25, 113, 91, 63, 211, 197, 240, 62, 36, 113, 121, 188, 137, 0, 3, 0, 133, 233, 55, 188, 3, 36, 23, 63, 5, 154, 78, 63, 28, 69, 152, 188, 140, 0, 3, 28, 171, 45, 157, 60, 105, 233, 36, 63, 164, 190, 67, 63, 80, 219, 156, 188, 143, 0, 3, 30, 3, 40, 37, 190, 128, 38, 81, 63, 212, 186, 13, 191, 72, 5, 133, 188, 146, 0, 3, 3, 123, 210, 39, 188, 9, 174, 68, 63, 25, 217, 35, 191, 127, 141, 152, 188, 149, 0, 3, 3, 233, 246, 15, 61, 211, 162, 22, 63, 77, 203, 78, 191, 115, 92, 158, 188, 152, 0, 3, 8, 142, 246, 4, 58, 2, 58, 7, 63, 189, 94, 89, 191, 79, 215, 153, 188, 155, 0, 3, 8, 21, 106, 49, 190, 234, 189, 83, 191, 107, 223, 8, 63, 45, 85, 131, 188, 158, 0, 3, 2, 39, 247, 15, 188, 38, 18, 71, 191, 170, 240, 32, 63, 142, 17, 153, 188, 161, 0, 3, 2, 103, 121, 6, 61, 24, 43, 23, 191, 43, 110, 78, 63, 158, 215, 157, 188, 164, 0, 3, 11, 89, 122, 7, 59, 46, 58, 11, 191, 55, 212, 86, 63, 244, 171, 153, 188, 167, 0, 3, 32, 27, 14, 4, 3, 17, 20, 0, 2, 0, 1, 2, 3, 4, 5, 6, 7, 8, 9, 10, 11, 12, 7, 6, 13, 10, 9, 13, 4, 14, 13, 14, 10, 15, 11, 10, 16, 7, 17, 16, 17, 3, 16, 8, 7, 18, 2, 1, 19, 3, 5, 20, 17, 7, 20, 7, 12, 20, 12, 0, 21, 22, 23, 24, 24, 23, 6, 8, 24, 8, 19, 19, 5, 21, 24, 23, 22, 1, 25, 11, 18, 18, 1, 22, 25, 25, 22, 21, 26, 9, 11, 26, 11, 25, 26, 25, 21, 26, 21, 5, 27, 2, 15, 27, 15, 10, 27, 10, 14, 28, 6, 23, 1, 28, 1, 0, 29, 9, 26, 5, 29, 5, 4, 30, 0, 12, 30, 12, 6, 30, 6, 28, 30, 28, 0, 31, 4, 13, 31, 13, 9, 31, 9, 29, 31, 29, 4, 32, 11, 15, 32, 15, 2, 32, 2, 18, 32, 18, 11, 33, 8, 16, 33, 16, 3, 33, 3, 19, 33, 19, 8, 0, 32, 0, 7, 0, 2, 0, 11, 0, 15, 0, 17, 0, 1, 0, 30, 1, 34, 1, 13, 2, 36, 2, 14, 3, 5, 3, 12, 3, 19, 4, 6, 4, 9, 4, 26, 5, 16, 5, 38, 6, 8, 6, 42, 7, 41, 7, 8, 8, 32, 9, 45, 9, 31, 10, 12, 10, 15, 10, 11, 11, 50, 12, 49, 13, 47, 13, 24, 14, 51, 14, 21, 15, 16, 16, 17, 17, 37, 18, 25, 18, 22, 18, 19, 18, 21, 19, 33, 19, 20, 20, 52, 20, 21, 21, 29, 22, 24, 22, 33, 23, 27, 23, 48, 23, 24, 24, 25, 25, 28, 26, 35, 26, 27, 27, 28, 28, 29, 29, 35, 30, 46, 30, 31, 31, 32, 33, 39, 33, 34, 34, 40, 35, 43, 35, 36, 36, 44, 37, 40, 37, 38, 38, 39, 39, 40, 41, 44, 41, 42, 42, 43, 43, 44, 45, 48, 45, 46, 46, 47, 47, 48, 49, 52, 49, 50, 50, 51, 51, 52, 0, 1, 17, 1, 13, 22, 0, 1, 13, 0, 2, 11, 0, 2, 7, 2, 14, 21, 3, 5, 19, 3, 5, 10, 3, 12, 19, 4, 6, 26, 4, 6, 8, 4, 9, 23, 5, 16, 17, 6, 7, 8, 0, 7, 8, 9, 30, 31, 10, 11, 12, 0, 10, 11, 13, 23, 24, 14, 20, 21, 0, 15, 16, 18, 21, 25, 18, 22, 24, 18, 19, 22, 18, 19, 20, 23, 24, 25, 26, 27, 28, 0, 30, 31, 33, 34, 39, 35, 36, 43, 37, 38, 39, 41, 42, 43, 45, 46, 47, 49, 50, 51, 27, 0, 14, 0, 14, 0, 4, 0, 4, 0, 3, 0, 3, 0, 17, 0, 17, 0, 20, 0, 20, 0, 0, 0, 0, 0, 2, 0, 2, 0, 27, 0, 0, 0, 1, 0, 1, 0, 2, 0, 4, 0, 5, 0, 5, 0, 3, 0, 6, 0, 7, 0, 7, 0, 8, 0, 8, 0, 6, 0, 9, 0, 10, 0, 10, 0, 11, 0, 11, 0, 9, 0, 12, 0, 7, 0, 6, 0, 12, 0, 13, 0, 10, 0, 9, 0, 13, 0, 13, 0, 4, 0, 14, 0, 13, 0, 14, 0, 10, 0, 15, 0, 11, 0, 10, 0, 15, 0, 16, 0, 7, 0, 7, 0, 17, 0, 17, 0, 16, 0, 3, 0, 16, 0, 16, 0, 8, 0, 18, 0, 2, 0, 1, 0, 18, 0, 19, 0, 3, 0, 5, 0, 19, 0, 7, 0, 20, 0, 12, 0, 20, 0, 12, 0, 0, 0, 21, 0, 22, 0, 22, 0, 23, 0, 23, 0, 24, 0, 24, 0, 21, 0, 23, 0, 6, 0, 8, 0, 24, 0, 8, 0, 19, 0, 19, 0, 24, 0, 5, 0, 21, 0, 22, 0, 1, 0, 1, 0, 23, 0, 25, 0, 11, 0, 11, 0, 18, 0, 18, 0, 25, 0, 22, 0, 25, 0, 21, 0, 25, 0, 26, 0, 9, 0, 11, 0, 26, 0, 25, 0, 26, 0, 21, 0, 26, 0, 5, 0, 26, 0, 2, 0, 15, 0, 15, 0, 27, 0, 10, 0, 27, 0, 28, 0, 6, 0, 1, 0, 28, 0, 0, 0, 28, 0, 29, 0, 9, 0, 5, 0, 29, 0, 4, 0, 29, 0, 30, 0, 0, 0, 12, 0, 30, 0, 6, 0, 30, 0, 28, 0, 30, 0, 31, 0, 4, 0, 13, 0, 31, 0, 9, 0, 31, 0, 29, 0, 31, 0, 32, 0, 11, 0, 15, 0, 32, 0, 2, 0, 32, 0, 18, 0, 32, 0, 33, 0, 8, 0, 16, 0, 33, 0, 3, 0, 33, 0, 19, 0, 33, 0, 0, 0, 0, 0, 112, 18, 3, 188, 163, 149, 155, 188, 228, 165, 155, 188, 3, 120, 11, 61, 163, 149, 155, 60, 168, 139, 155, 60, 200, 122, 24, 56, 233, 45, 198, 49, 249, 185, 71, 44, 42, 187, 14, 171, 249, 185, 71, 44, 150, 205, 139, 50, 207, 227, 210, 172, 42, 187, 14, 171, 207, 227, 210, 172, 93, 59, 134, 50, 3, 43, 127, 60, 0, 19, 68, 52, 251, 128, 40, 183, 0, 0, 128, 63, 73, 67, 69, 1, 83, 85, 80, 77, 0, 0, 0, 0, 73, 67, 69, 1, 71, 65, 85, 83, 0, 0, 0, 0, 16, 0, 0, 0, 0, 6, 0, 0, 0, 0, 0, 0, 0, 20, 20, 20, 17, 17, 17, 17, 3, 3, 3, 3, 0, 0, 0, 0, 0, 20, 20, 20, 17, 17, 17, 3, 3, 3, 3, 3, 0, 0, 0, 0, 0, 0, 20, 20, 17, 17, 17, 3, 3, 3, 3, 3, 0, 0, 0, 0, 0, 0, 20, 20, 17, 17, 3, 3, 3, 3, 3, 3, 0, 0, 0, 0, 0, 0, 20, 20, 17, 17, 3, 3, 3, 3, 3, 3, 0, 0, 0, 0, 0, 0, 0, 20, 17, 3, 3, 3, 3, 3, 3, 3, 0, 0, 0, 0, 0, 0, 0, 20, 17, 3, 3, 3, 3, 3, 3, 3, 0, 0, 0, 0, 0, 0, 0, 0, 3, 3, 3, 3, 3, 3, 3, 3, 2, 2, 2, 2, 2, 2, 2, 2, 4, 4, 4, 4, 4, 4, 4, 4, 2, 2, 2, 2, 2, 2, 2, 27, 14, 4, 4, 4, 4, 4, 4, 4, 2, 2, 2, 2, 2, 2, 2, 27, 14, 4, 4, 4, 4, 4, 4, 4, 2, 2, 2, 2, 2, 2, 27, 27, 14, 4, 4, 4, 4, 4, 4, 4, 2, 2, 2, 2, 2, 2, 27, 27, 14, 14, 4, 4, 4, 4, 4, 4, 2, 2, 2, 2, 2, 2, 27, 27, 14, 14, 4, 4, 4, 4, 4, 4, 2, 2, 2, 2, 2, 27, 27, 27, 14, 14, 14, 4, 4, 4, 4, 4, 2, 2, 2, 2, 2, 27, 27, 27, 14, 14, 14, 4, 4, 4, 4, 4, 23, 23, 23, 23, 23, 23, 23, 23, 24, 24, 24, 24, 24, 24, 24, 24, 23, 23, 23, 23, 23, 23, 23, 23, 24, 24, 24, 24, 24, 24, 24, 24, 23, 23, 23, 23, 23, 23, 23, 23, 24, 24, 24, 24, 24, 24, 24, 24, 23, 23, 23, 23, 23, 23, 23, 23, 24, 24, 24, 24, 24, 24, 24, 24, 23, 23, 23, 23, 23, 23, 23, 23, 24, 24, 24, 24, 24, 24, 24, 24, 22, 22, 22, 22, 22, 22, 22, 23, 24, 24, 24, 24, 24, 21, 21, 21, 22, 22, 22, 22, 22, 22, 22, 22, 21, 21, 21, 21, 21, 21, 21, 21, 22, 22, 22, 22, 22, 22, 22, 22, 21, 21, 21, 21, 21, 21, 21, 21, 22, 22, 22, 22, 22, 22, 22, 22, 21, 21, 21, 21, 21, 21, 21, 21, 22, 22, 22, 22, 22, 22, 22, 22, 21, 21, 21, 21, 21, 21, 21, 21, 22, 22, 22, 22, 22, 22, 22, 25, 21, 21, 21, 21, 21, 21, 21, 21, 25, 25, 25, 25, 25, 25, 25, 25, 26, 26, 26, 21, 21, 21, 21, 21, 25, 25, 25, 25, 25, 25, 25, 25, 26, 26, 26, 26, 26, 26, 26, 26, 25, 25, 25, 25, 25, 25, 25, 25, 26, 26, 26, 26, 26, 26, 26, 26, 25, 25, 25, 25, 25, 25, 25, 25, 26, 26, 26, 26, 26, 26, 26, 26, 25, 25, 25, 25, 25, 25, 25, 25, 26, 26, 26, 26, 26, 26, 26, 26, 25, 25, 25, 25, 11, 11, 11, 32, 2, 2, 2, 2, 2, 2, 2, 2, 25, 25, 25, 25, 11, 11, 11, 32, 2, 2, 2, 2, 2, 2, 2, 2, 25, 25, 25, 25, 11, 11, 11, 15, 2, 2, 2, 2, 2, 2, 2, 2, 25, 25, 25, 11, 11, 11, 15, 15, 2, 2, 2, 2, 2, 2, 2, 2, 25, 25, 25, 11, 11, 11, 15, 15, 2, 2, 2, 2, 2, 2, 2, 2, 25, 25, 25, 11, 11, 15, 15, 15, 27, 27, 27, 27, 27, 27, 27, 27, 25, 25, 25, 11, 11, 15, 10, 10, 27, 27, 27, 27, 27, 27, 27, 27, 25, 25, 11, 11, 10, 10, 10, 10, 27, 27, 27, 27, 27, 27, 27, 27, 26, 26, 26, 9, 10, 10, 10, 10, 14, 14, 14, 14, 14, 14, 14, 14, 26, 26, 26, 9, 9, 13, 13, 10, 14, 14, 14, 14, 14, 14, 14, 14, 26, 26, 26, 26, 9, 13, 13, 13, 14, 14, 14, 14, 14, 14, 14, 14, 26, 26, 26, 26, 9, 9, 13, 13, 4, 4, 4, 4, 4, 4, 4, 4, 26, 26, 26, 26, 9, 9, 31, 13, 4, 4, 4, 4, 4, 4, 4, 4, 26, 26, 26, 26, 9, 9, 9, 31, 4, 4, 4, 4, 4, 4, 4, 4, 26, 26, 26, 26, 26, 9, 9, 31, 4, 4, 4, 4, 4, 4, 4, 4, 26, 26, 26, 26, 26, 9, 9, 31, 4, 4, 4, 4, 4, 4, 4, 4, 23, 23, 23, 23, 6, 6, 6, 30, 0, 0, 0, 0, 0, 0, 0, 0, 23, 23, 23, 23, 6, 6, 6, 30, 0, 0, 0, 0, 0, 0, 0, 0, 23, 23, 23, 23, 6, 6, 6, 30, 0, 0, 0, 0, 0, 0, 0, 0, 23, 23, 23, 6, 6, 6, 30, 12, 0, 0, 0, 0, 0, 0, 0, 0, 23, 23, 23, 6, 6, 6, 12, 12, 0, 0, 0, 0, 0, 0, 0, 0, 23, 23, 23, 6, 6, 12, 12, 12, 20, 20, 20, 20, 20, 20, 20, 20, 23, 23, 23, 6, 6, 12, 12, 7, 20, 20, 20, 20, 20, 20, 20, 20, 23, 23, 6, 6, 7, 7, 7, 7, 20, 20, 20, 20, 20, 20, 20, 20, 24, 24, 24, 8, 7, 7, 7, 7, 17, 17, 17, 17, 17, 17, 17, 17, 24, 24, 24, 8, 8, 16, 7, 7, 17, 17, 17, 17, 17, 17, 17, 17, 24, 24, 24, 8, 8, 16, 16, 16, 17, 17, 17, 17, 17, 17, 17, 17, 24, 24, 24, 8, 8, 8, 16, 16, 17, 17, 17, 17, 17, 17, 17, 17, 24, 24, 24, 24, 8, 8, 16, 16, 3, 3, 3, 3, 3, 3, 3, 3, 24, 24, 24, 24, 8, 8, 8, 16, 3, 3, 3, 3, 3, 3, 3, 3, 24, 24, 24, 24, 8, 8, 8, 33, 3, 3, 3, 3, 3, 3, 3, 3, 24, 24, 24, 24, 8, 8, 8, 33, 3, 3, 3, 3, 3, 3, 3, 3, 24, 24, 24, 24, 24, 21, 21, 21, 21, 21, 21, 21, 26, 26, 26, 26, 24, 24, 24, 24, 24, 24, 21, 21, 21, 21, 21, 21, 26, 26, 26, 26, 24, 24, 24, 24, 24, 24, 21, 21, 21, 21, 21, 26, 26, 26, 26, 26, 24, 24, 24, 24, 24, 24, 21, 21, 21, 21, 21, 26, 26, 26, 26, 26, 8, 24, 24, 24, 24, 24, 21, 21, 21, 21, 21, 26, 26, 26, 26, 26, 8, 8, 24, 24, 24, 24, 24, 21, 21, 21, 26, 26, 26, 26, 9, 9, 8, 8, 8, 24, 24, 24, 24, 21, 21, 21, 26, 26, 26, 9, 9, 9, 33, 33, 8, 8, 8, 24, 24, 21, 21, 26, 26, 9, 9, 9, 31, 31, 3, 3, 3, 19, 19, 19, 19, 5, 5, 5, 29, 29, 29, 29, 4, 4, 3, 3, 3, 3, 19, 19, 19, 5, 5, 5, 29, 29, 4, 4, 4, 4, 3, 3, 3, 3, 3, 19, 19, 5, 5, 5, 29, 4, 4, 4, 4, 4, 3, 3, 3, 3, 3, 3, 3, 5, 5, 4, 4, 4, 4, 4, 4, 4, 3, 3, 3, 3, 3, 3, 3, 3, 4, 4, 4, 4, 4, 4, 4, 4, 3, 3, 3, 3, 3, 3, 3, 3, 4, 4, 4, 4, 4, 4, 4, 4, 3, 3, 3, 3, 3, 3, 3, 3, 4, 4, 4, 4, 4, 4, 4, 4, 3, 3, 3, 3, 3, 3, 3, 3, 4, 4, 4, 4, 4, 4, 4, 4, 23, 23, 23, 23, 23, 22, 22, 22, 22, 22, 22, 25, 25, 25, 25, 25, 23, 23, 23, 23, 23, 22, 22, 22, 22, 22, 22, 25, 25, 25, 25, 25, 23, 23, 23, 23, 23, 22, 22, 22, 22, 22, 22, 25, 25, 25, 25, 25, 23, 23, 23, 23, 23, 23, 22, 22, 22, 22, 25, 25, 25, 25, 25, 25, 6, 23, 23, 23, 23, 23, 22, 22, 22, 22, 25, 25, 25, 25, 25, 11, 6, 6, 23, 23, 23, 23, 22, 22, 22, 22, 25, 25, 25, 25, 11, 11, 6, 6, 6, 6, 23, 23, 23, 22, 22, 25, 25, 25, 11, 11, 11, 11, 30, 30, 6, 6, 6, 23, 23, 22, 22, 25, 25, 11, 11, 11, 32, 32, 0, 0, 28, 28, 28, 28, 1, 1, 1, 18, 18, 18, 18, 2, 2, 2, 0, 0, 0, 0, 28, 28, 1, 1, 1, 18, 18, 18, 2, 2, 2, 2, 0, 0, 0, 0, 0, 28, 1, 1, 1, 18, 18, 2, 2, 2, 2, 2, 0, 0, 0, 0, 0, 0, 0, 1, 1, 2, 2, 2, 2, 2, 2, 2, 0, 0, 0, 0, 0, 0, 0, 0, 2, 2, 2, 2, 2, 2, 2, 2, 0, 0, 0, 0, 0, 0, 0, 0, 2, 2, 2, 2, 2, 2, 2, 2, 0, 0, 0, 0, 0, 0, 0, 0, 2, 2, 2, 2, 2, 2, 2, 2, 0, 0, 0, 0, 0, 0, 0, 0, 2, 2, 2, 2, 2, 2, 2, 2, 26, 26, 26, 26, 26, 26, 26, 26, 25, 25, 25, 25, 25, 25, 25, 25, 26, 26, 26, 26, 26, 26, 26, 26, 25, 25, 25, 25, 25, 25, 25, 25, 26, 26, 26, 26, 26, 26, 26, 26, 25, 25, 25, 25, 25, 25, 25, 25, 26, 26, 26, 26, 26, 26, 26, 26, 25, 25, 25, 25, 25, 25, 25, 25, 21, 21, 21, 21, 21, 26, 26, 26, 25, 25, 25, 25, 25, 25, 25, 25, 21, 21, 21, 21, 21, 21, 21, 21, 25, 22, 22, 22, 22, 22, 22, 22, 21, 21, 21, 21, 21, 21, 21, 21, 22, 22, 22, 22, 22, 22, 22, 22, 21, 21, 21, 21, 21, 21, 21, 21, 22, 22, 22, 22, 22, 22, 22, 22, 21, 21, 21, 21, 21, 21, 21, 21, 22, 22, 22, 22, 22, 22, 22, 22, 21, 21, 21, 21, 21, 21, 21, 21, 22, 22, 22, 22, 22, 22, 22, 22, 21, 21, 21, 24, 24, 24, 24, 24, 23, 22, 22, 22, 22, 22, 22, 22, 24, 24, 24, 24, 24, 24, 24, 24, 23, 23, 23, 23, 23, 23, 23, 23, 24, 24, 24, 24, 24, 24, 24, 24, 23, 23, 23, 23, 23, 23, 23, 23, 24, 24, 24, 24, 24, 24, 24, 24, 23, 23, 23, 23, 23, 23, 23, 23, 24, 24, 24, 24, 24, 24, 24, 24, 23, 23, 23, 23, 23, 23, 23, 23, 24, 24, 24, 24, 24, 24, 24, 24, 23, 23, 23, 23, 23, 23, 23, 23, 4, 4, 4, 4, 4, 14, 14, 14, 27, 27, 27, 2, 2, 2, 2, 2, 4, 4, 4, 4, 4, 14, 14, 14, 27, 27, 27, 2, 2, 2, 2, 2, 4, 4, 4, 4, 4, 4, 14, 14, 27, 27, 2, 2, 2, 2, 2, 2, 4, 4, 4, 4, 4, 4, 14, 14, 27, 27, 2, 2, 2, 2, 2, 2, 4, 4, 4, 4, 4, 4, 4, 14, 27, 27, 2, 2, 2, 2, 2, 2, 4, 4, 4, 4, 4, 4, 4, 14, 27, 2, 2, 2, 2, 2, 2, 2, 4, 4, 4, 4, 4, 4, 4, 14, 27, 2, 2, 2, 2, 2, 2, 2, 4, 4, 4, 4, 4, 4, 4, 4, 2, 2, 2, 2, 2, 2, 2, 2, 3, 3, 3, 3, 3, 3, 3, 3, 0, 0, 0, 0, 0, 0, 0, 0, 3, 3, 3, 3, 3, 3, 3, 17, 20, 0, 0, 0, 0, 0, 0, 0, 3, 3, 3, 3, 3, 3, 3, 17, 20, 0, 0, 0, 0, 0, 0, 0, 3, 3, 3, 3, 3, 3, 17, 17, 20, 20, 0, 0, 0, 0, 0, 0, 3, 3, 3, 3, 3, 3, 17, 17, 20, 20, 0, 0, 0, 0, 0, 0, 3, 3, 3, 3, 3, 17, 17, 17, 20, 20, 0, 0, 0, 0, 0, 0, 3, 3, 3, 3, 3, 17, 17, 17, 20, 20, 20, 0, 0, 0, 0, 0, 3, 3, 3, 3, 17, 17, 17, 17, 20, 20, 20, 0, 0, 0, 0, 0, 3, 3, 3, 3, 3, 3, 3, 3, 33, 8, 8, 8, 24, 24, 24, 24, 3, 3, 3, 3, 3, 3, 3, 3, 33, 8, 8, 8, 24, 24, 24, 24, 3, 3, 3, 3, 3, 3, 3, 3, 16, 8, 8, 8, 24, 24, 24, 24, 3, 3, 3, 3, 3, 3, 3, 3, 16, 16, 8, 8, 24, 24, 24, 24, 17, 17, 17, 17, 17, 17, 17, 17, 16, 16, 8, 8, 8, 24, 24, 24, 17, 17, 17, 17, 17, 17, 17, 17, 16, 16, 16, 8, 8, 24, 24, 24, 17, 17, 17, 17, 17, 17, 17, 17, 7, 7, 16, 8, 8, 24, 24, 24, 17, 17, 17, 17, 17, 17, 17, 17, 7, 7, 7, 7, 8, 24, 24, 24, 20, 20, 20, 20, 20, 20, 20, 20, 7, 7, 7, 7, 6, 6, 23, 23, 20, 20, 20, 20, 20, 20, 20, 20, 7, 12, 12, 6, 6, 23, 23, 23, 20, 20, 20, 20, 20, 20, 20, 20, 12, 12, 12, 6, 6, 23, 23, 23, 0, 0, 0, 0, 0, 0, 0, 0, 12, 12, 6, 6, 6, 23, 23, 23, 0, 0, 0, 0, 0, 0, 0, 0, 12, 30, 6, 6, 6, 23, 23, 23, 0, 0, 0, 0, 0, 0, 0, 0, 30, 6, 6, 6, 23, 23, 23, 23, 0, 0, 0, 0, 0, 0, 0, 0, 30, 6, 6, 6, 23, 23, 23, 23, 0, 0, 0, 0, 0, 0, 0, 0, 30, 6, 6, 6, 23, 23, 23, 23, 4, 4, 4, 4, 4, 4, 4, 4, 31, 9, 9, 26, 26, 26, 26, 26, 4, 4, 4, 4, 4, 4, 4, 4, 31, 9, 9, 26, 26, 26, 26, 26, 4, 4, 4, 4, 4, 4, 4, 4, 31, 9, 9, 9, 26, 26, 26, 26, 4, 4, 4, 4, 4, 4, 4, 4, 13, 31, 9, 9, 26, 26, 26, 26, 4, 4, 4, 4, 4, 4, 4, 4, 13, 13, 9, 9, 26, 26, 26, 26, 14, 14, 14, 14, 14, 14, 14, 14, 13, 13, 13, 9, 26, 26, 26, 26, 14, 14, 14, 14, 14, 14, 14, 14, 10, 13, 13, 9, 9, 26, 26, 26, 14, 14, 14, 14, 14, 14, 14, 14, 10, 10, 10, 10, 9, 26, 26, 26, 27, 27, 27, 27, 27, 27, 27, 27, 10, 10, 10, 10, 11, 11, 25, 25, 27, 27, 27, 27, 27, 27, 27, 27, 10, 10, 15, 11, 11, 25, 25, 25, 27, 27, 27, 27, 27, 27, 27, 27, 15, 15, 15, 11, 11, 25, 25, 25, 2, 2, 2, 2, 2, 2, 2, 2, 15, 15, 11, 11, 11, 25, 25, 25, 2, 2, 2, 2, 2, 2, 2, 2, 15, 15, 11, 11, 11, 25, 25, 25, 2, 2, 2, 2, 2, 2, 2, 2, 15, 11, 11, 11, 25, 25, 25, 25, 2, 2, 2, 2, 2, 2, 2, 2, 32, 11, 11, 11, 25, 25, 25, 25, 2, 2, 2, 2, 2, 2, 2, 2, 32, 11, 11, 11, 25, 25, 25, 25, 2, 2, 2, 2, 2, 2, 2, 2, 0, 0, 0, 0, 0, 0, 0, 0, 2, 2, 2, 2, 2, 2, 2, 2, 0, 0, 0, 0, 0, 0, 0, 0, 2, 2, 2, 2, 2, 2, 2, 2, 0, 0, 0, 0, 0, 0, 0, 0, 2, 2, 2, 2, 2, 2, 2, 2, 0, 0, 0, 0, 0, 0, 0, 0, 2, 2, 2, 2, 2, 2, 2, 1, 1, 0, 0, 0, 0, 0, 0, 0, 2, 2, 2, 2, 2, 18, 18, 1, 1, 1, 28, 0, 0, 0, 0, 0, 2, 2, 2, 2, 18, 18, 18, 1, 1, 1, 28, 28, 0, 0, 0, 0, 2, 2, 2, 18, 18, 18, 18, 1, 1, 1, 28, 28, 28, 28, 0, 0, 32, 32, 11, 11, 11, 25, 25, 22, 22, 23, 23, 6, 6, 6, 30, 30, 11, 11, 11, 11, 25, 25, 25, 22, 22, 23, 23, 23, 6, 6, 6, 6, 11, 11, 25, 25, 25, 25, 22, 22, 22, 22, 23, 23, 23, 23, 6, 6, 11, 25, 25, 25, 25, 25, 22, 22, 22, 22, 23, 23, 23, 23, 23, 6, 25, 25, 25, 25, 25, 25, 22, 22, 22, 22, 23, 23, 23, 23, 23, 23, 25, 25, 25, 25, 25, 22, 22, 22, 22, 22, 22, 23, 23, 23, 23, 23, 25, 25, 25, 25, 25, 22, 22, 22, 22, 22, 22, 23, 23, 23, 23, 23, 25, 25, 25, 25, 25, 22, 22, 22, 22, 22, 22, 23, 23, 23, 23, 23, 4, 4, 4, 4, 4, 4, 4, 4, 3, 3, 3, 3, 3, 3, 3, 3, 4, 4, 4, 4, 4, 4, 4, 4, 3, 3, 3, 3, 3, 3, 3, 3, 4, 4, 4, 4, 4, 4, 4, 4, 3, 3, 3, 3, 3, 3, 3, 3, 4, 4, 4, 4, 4, 4, 4, 4, 3, 3, 3, 3, 3, 3, 3, 3, 4, 4, 4, 4, 4, 4, 4, 5, 5, 3, 3, 3, 3, 3, 3, 3, 4, 4, 4, 4, 4, 29, 5, 5, 5, 19, 19, 3, 3, 3, 3, 3, 4, 4, 4, 4, 29, 29, 5, 5, 5, 19, 19, 19, 3, 3, 3, 3, 4, 4, 29, 29, 29, 29, 5, 5, 5, 19, 19, 19, 19, 3, 3, 3, 31, 31, 9, 9, 9, 26, 26, 21, 21, 24, 24, 8, 8, 8, 33, 33, 9, 9, 9, 26, 26, 26, 21, 21, 21, 24, 24, 24, 24, 8, 8, 8, 9, 9, 26, 26, 26, 26, 21, 21, 21, 24, 24, 24, 24, 24, 8, 8, 26, 26, 26, 26, 26, 21, 21, 21, 21, 21, 24, 24, 24, 24, 24, 8, 26, 26, 26, 26, 26, 21, 21, 21, 21, 21, 24, 24, 24, 24, 24, 24, 26, 26, 26, 26, 26, 21, 21, 21, 21, 21, 24, 24, 24, 24, 24, 24, 26, 26, 26, 26, 21, 21, 21, 21, 21, 21, 24, 24, 24, 24, 24, 24, 26, 26, 26, 26, 21, 21, 21, 21, 21, 21, 21, 24, 24, 24, 24, 24, 73, 67, 69, 1, 86, 65, 76, 69, 2, 0, 0, 0, 34, 0, 0, 0, 170, 0, 0, 0, 7, 0, 0, 0, 6, 6, 6, 6, 6, 6, 6, 6, 6, 6, 6, 7, 5, 5, 4, 5, 5, 4, 5, 5, 4, 5, 4, 4, 4, 5, 5, 4, 4, 4, 4, 4, 4, 4, 2, 1, 28, 30, 12, 20, 2, 18, 22, 23, 28, 0, 27, 15, 32, 18, 1, 0, 17, 16, 33, 19, 5, 4, 3, 5, 29, 31, 13, 14, 3, 19, 21, 26, 29, 4, 7, 12, 30, 28, 23, 8, 8, 16, 17, 20, 12, 6, 6, 24, 19, 33, 16, 7, 10, 13, 31, 29, 26, 11, 11, 15, 27, 14, 13, 9, 9, 26, 25, 18, 32, 15, 10, 7, 20, 0, 30, 6, 10, 14, 4, 31, 9, 4, 13, 10, 27, 11, 32, 2, 27, 10, 7, 8, 33, 3, 17, 20, 7, 16, 3, 2, 32, 11, 25, 1, 3, 33, 8, 24, 5, 0, 12, 7, 17, 22, 25, 26, 5, 24, 23, 1, 25, 21, 24, 6, 1, 22, 21, 19, 8, 23, 11, 26, 21, 22, 18, 9, 5, 21, 25, 11, 14, 10, 15, 2, 6, 30, 0, 1, 9, 31, 4, 5, 0, 28, 6, 12, 4, 29, 9, 13, 11, 18, 2, 15, 8, 19, 3, 16, 0, 0, 128, 191, 116, 11, 124, 60, 35, 105, 128, 60, 162, 132, 17, 60, 162, 132, 17, 60]
            }
        }

        over "Link3"
        {
            over "collisions" (
                prepend apiSchemas = ["PhysxCookedDataAPI:convexHull"]
            )
            {
                uchar[] physxCookedData:convexHull:buffer = [9, 48, 197, 175, 220, 41, 65, 40, 64, 70, 168, 94, 141, 206, 169, 198, 76, 78, 88, 83, 1, 67, 86, 88, 77, 14, 0, 0, 0, 0, 0, 0, 0, 73, 67, 69, 1, 67, 76, 72, 76, 9, 0, 0, 0, 34, 0, 0, 0, 93, 128, 0, 0, 61, 0, 0, 0, 186, 0, 0, 0, 19, 131, 192, 60, 115, 52, 136, 34, 188, 116, 147, 60, 156, 249, 62, 61, 205, 204, 76, 188, 199, 223, 45, 60, 229, 123, 57, 61, 244, 253, 84, 60, 109, 108, 50, 60, 19, 131, 192, 60, 115, 52, 136, 34, 188, 116, 147, 188, 229, 123, 57, 61, 244, 253, 84, 60, 109, 108, 50, 188, 156, 249, 62, 61, 205, 204, 76, 188, 199, 223, 45, 188, 30, 208, 113, 187, 190, 153, 232, 187, 127, 129, 135, 188, 53, 60, 61, 60, 95, 41, 75, 188, 159, 197, 85, 188, 181, 77, 140, 60, 73, 68, 147, 188, 38, 254, 110, 186, 94, 53, 2, 188, 126, 93, 112, 186, 186, 67, 147, 60, 111, 18, 3, 188, 149, 209, 194, 161, 188, 116, 147, 188, 2, 200, 113, 187, 190, 153, 232, 59, 127, 129, 135, 188, 181, 77, 140, 60, 73, 68, 147, 60, 38, 254, 110, 58, 221, 210, 71, 60, 6, 192, 85, 60, 67, 47, 75, 188, 37, 61, 221, 186, 137, 30, 0, 60, 117, 208, 132, 60, 55, 5, 129, 187, 31, 51, 228, 187, 4, 249, 135, 60, 105, 72, 91, 60, 146, 53, 105, 188, 116, 132, 52, 60, 3, 120, 11, 61, 110, 193, 145, 60, 168, 161, 50, 187, 158, 73, 81, 61, 205, 204, 76, 60, 95, 160, 246, 59, 158, 73, 81, 61, 205, 204, 76, 60, 95, 160, 246, 187, 172, 250, 92, 61, 205, 204, 76, 60, 61, 28, 209, 165, 87, 89, 108, 60, 127, 70, 122, 60, 114, 255, 27, 60, 45, 199, 215, 187, 32, 219, 148, 59, 206, 174, 142, 60, 242, 191, 84, 61, 205, 204, 76, 188, 216, 69, 211, 59, 49, 110, 92, 61, 244, 253, 84, 188, 110, 78, 208, 165, 3, 120, 11, 61, 73, 68, 147, 188, 38, 254, 110, 58, 242, 191, 84, 61, 205, 204, 76, 188, 216, 69, 211, 187, 3, 120, 11, 61, 245, 70, 138, 188, 86, 217, 204, 187, 85, 10, 211, 60, 18, 31, 15, 188, 123, 237, 128, 60, 85, 10, 211, 60, 18, 31, 15, 188, 123, 237, 128, 188, 3, 120, 11, 61, 176, 191, 142, 60, 68, 215, 147, 59, 81, 118, 204, 60, 190, 153, 232, 59, 127, 129, 135, 188, 81, 118, 204, 60, 190, 153, 232, 59, 127, 129, 135, 60, 3, 120, 11, 61, 253, 98, 132, 188, 165, 224, 1, 60, 10, 108, 202, 59, 86, 78, 114, 190, 135, 185, 120, 63, 100, 116, 144, 188, 0, 0, 4, 11, 19, 66, 157, 62, 96, 141, 189, 59, 5, 159, 115, 63, 113, 116, 199, 188, 4, 0, 3, 10, 19, 66, 157, 62, 115, 141, 189, 59, 5, 159, 115, 191, 113, 116, 199, 188, 7, 0, 3, 9, 107, 239, 126, 190, 225, 25, 107, 191, 188, 127, 157, 190, 69, 57, 77, 188, 10, 0, 3, 2, 170, 133, 90, 191, 74, 82, 5, 191, 32, 250, 68, 188, 155, 219, 230, 187, 13, 0, 3, 20, 225, 50, 146, 190, 219, 166, 109, 63, 41, 198, 115, 190, 228, 189, 61, 188, 16, 0, 3, 23, 221, 59, 240, 190, 236, 14, 98, 63, 138, 23, 23, 60, 86, 143, 0, 188, 19, 0, 3, 24, 187, 4, 168, 190, 182, 2, 109, 191, 145, 4, 64, 62, 236, 204, 49, 188, 22, 0, 3, 19, 241, 117, 85, 191, 62, 80, 13, 191, 169, 217, 130, 187, 119, 96, 231, 187, 25, 0, 3, 20, 205, 44, 237, 190, 107, 224, 98, 191, 154, 184, 8, 57, 197, 9, 3, 188, 28, 0, 3, 20, 42, 108, 190, 60, 200, 52, 96, 63, 101, 214, 246, 190, 253, 230, 144, 188, 31, 0, 3, 16, 172, 211, 117, 189, 204, 110, 113, 63, 7, 116, 167, 190, 15, 6, 128, 188, 34, 0, 3, 33, 174, 128, 0, 63, 140, 11, 139, 60, 113, 94, 93, 63, 233, 148, 4, 189, 37, 0, 3, 10, 174, 128, 0, 63, 137, 11, 139, 60, 112, 94, 93, 191, 233, 148, 4, 189, 40, 0, 3, 9, 19, 232, 100, 62, 75, 113, 113, 63, 142, 236, 123, 190, 143, 80, 205, 188, 43, 0, 3, 16, 225, 145, 137, 62, 195, 51, 117, 63, 122, 177, 208, 189, 199, 212, 216, 188, 46, 0, 3, 8, 84, 223, 179, 190, 116, 77, 107, 63, 154, 111, 54, 62, 3, 205, 46, 188, 49, 0, 3, 26, 193, 174, 13, 191, 115, 46, 85, 63, 213, 147, 125, 60, 168, 54, 252, 187, 52, 0, 3, 24, 2, 234, 89, 191, 97, 20, 6, 63, 208, 220, 7, 189, 79, 181, 242, 187, 55, 0, 3, 24, 159, 84, 120, 191, 6, 166, 120, 62, 146, 91, 249, 59, 82, 205, 249, 187, 58, 0, 3, 24, 117, 239, 116, 187, 141, 152, 210, 61, 35, 164, 126, 63, 45, 244, 145, 188, 61, 0, 3, 3, 245, 200, 117, 63, 183, 73, 165, 187, 77, 42, 143, 62, 66, 231, 83, 189, 64, 0, 3, 10, 22, 85, 111, 63, 97, 152, 133, 60, 139, 136, 181, 62, 58, 109, 79, 189, 67, 0, 3, 10, 208, 221, 29, 63, 82, 241, 86, 188, 105, 128, 73, 63, 124, 167, 24, 189, 70, 0, 3, 10, 11, 213, 125, 62, 232, 41, 117, 191, 40, 223, 21, 62, 33, 69, 211, 188, 73, 0, 3, 12, 208, 221, 29, 63, 78, 241, 86, 188, 105, 128, 73, 191, 124, 167, 24, 189, 76, 0, 3, 9, 22, 85, 111, 63, 97, 152, 133, 60, 139, 136, 181, 190, 58, 109, 79, 189, 79, 0, 3, 9, 245, 200, 117, 63, 175, 73, 165, 187, 77, 42, 143, 190, 65, 231, 83, 189, 82, 0, 3, 9, 239, 25, 113, 62, 17, 24, 118, 191, 44, 117, 18, 190, 16, 45, 206, 188, 85, 0, 3, 12, 136, 163, 133, 60, 163, 3, 125, 191, 153, 10, 27, 190, 0, 248, 148, 188, 88, 0, 3, 12, 13, 144, 131, 189, 223, 234, 106, 191, 176, 202, 200, 190, 255, 13, 129, 188, 91, 0, 3, 30, 150, 72, 46, 61, 237, 126, 67, 191, 158, 235, 36, 191, 241, 116, 150, 188, 94, 0, 3, 21, 77, 51, 102, 62, 227, 98, 110, 191, 30, 234, 146, 190, 46, 42, 206, 188, 97, 0, 3, 21, 241, 67, 111, 62, 18, 11, 118, 191, 12, 197, 22, 190, 130, 157, 205, 188, 100, 0, 3, 12, 83, 32, 121, 188, 139, 161, 33, 191, 34, 124, 70, 63, 33, 239, 141, 188, 103, 0, 3, 13, 224, 34, 77, 62, 173, 91, 73, 190, 248, 180, 117, 63, 194, 23, 180, 188, 106, 0, 3, 10, 215, 51, 22, 188, 243, 134, 17, 191, 150, 153, 82, 191, 227, 206, 144, 188, 109, 0, 3, 32, 23, 216, 39, 36, 137, 59, 106, 190, 112, 54, 121, 191, 231, 139, 143, 188, 112, 0, 4, 22, 220, 34, 77, 62, 173, 91, 73, 190, 248, 180, 117, 191, 193, 23, 180, 188, 116, 0, 3, 22, 171, 101, 65, 61, 234, 34, 52, 191, 248, 126, 53, 191, 115, 185, 151, 188, 119, 0, 3, 14, 174, 142, 104, 62, 225, 199, 112, 63, 1, 80, 129, 62, 30, 242, 206, 188, 122, 0, 3, 8, 30, 44, 133, 62, 60, 229, 117, 63, 173, 5, 202, 61, 3, 80, 213, 188, 125, 0, 3, 8, 86, 56, 128, 62, 62, 134, 119, 63, 39, 217, 72, 61, 119, 176, 209, 188, 128, 0, 3, 8, 191, 81, 178, 60, 96, 156, 127, 63, 235, 104, 79, 61, 162, 121, 150, 188, 131, 0, 3, 8, 181, 219, 250, 188, 94, 214, 116, 63, 156, 183, 148, 62, 221, 183, 138, 188, 134, 0, 3, 27, 182, 186, 34, 61, 102, 53, 90, 63, 130, 123, 5, 63, 130, 7, 152, 188, 137, 0, 3, 7, 210, 180, 19, 164, 42, 33, 78, 62, 121, 194, 122, 191, 4, 112, 144, 188, 140, 0, 4, 9, 0, 0, 0, 0, 162, 62, 18, 63, 141, 29, 82, 191, 5, 112, 144, 188, 144, 0, 3, 28, 19, 208, 21, 61, 151, 96, 31, 63, 51, 30, 72, 191, 105, 155, 149, 188, 147, 0, 3, 15, 2, 241, 100, 62, 33, 142, 27, 62, 123, 120, 118, 191, 16, 2, 185, 188, 150, 0, 3, 9, 63, 118, 12, 187, 52, 25, 178, 62, 42, 3, 112, 63, 29, 213, 146, 188, 153, 0, 3, 6, 75, 158, 53, 60, 209, 224, 75, 62, 206, 219, 122, 63, 234, 160, 146, 188, 156, 0, 3, 10, 3, 241, 100, 62, 33, 142, 27, 62, 123, 120, 118, 63, 16, 2, 185, 188, 159, 0, 3, 10, 12, 105, 128, 60, 232, 175, 41, 63, 6, 164, 63, 63, 62, 48, 143, 188, 162, 0, 3, 7, 54, 132, 11, 60, 45, 91, 40, 63, 41, 215, 64, 63, 170, 14, 142, 188, 165, 0, 3, 7, 150, 2, 77, 61, 55, 99, 50, 191, 112, 42, 55, 63, 194, 172, 152, 188, 168, 0, 3, 13, 117, 84, 39, 61, 82, 194, 51, 191, 123, 248, 53, 63, 209, 131, 150, 188, 171, 0, 3, 13, 213, 114, 62, 189, 220, 9, 117, 191, 30, 75, 146, 62, 177, 77, 132, 188, 174, 0, 3, 17, 221, 39, 221, 188, 200, 188, 119, 191, 137, 73, 128, 62, 198, 218, 136, 188, 177, 0, 3, 17, 19, 223, 90, 62, 188, 25, 114, 191, 143, 188, 122, 62, 97, 184, 200, 188, 180, 0, 3, 12, 206, 157, 91, 62, 133, 5, 112, 191, 231, 40, 140, 62, 96, 185, 201, 188, 183, 0, 3, 13, 28, 0, 9, 15, 0, 1, 2, 3, 4, 5, 6, 7, 8, 6, 9, 10, 11, 12, 13, 11, 14, 12, 15, 8, 16, 15, 9, 6, 15, 6, 8, 17, 4, 13, 17, 13, 12, 18, 2, 1, 19, 5, 4, 19, 4, 17, 19, 17, 20, 21, 12, 14, 22, 14, 11, 22, 11, 10, 22, 10, 9, 22, 9, 0, 23, 24, 20, 23, 20, 18, 23, 18, 1, 23, 25, 24, 26, 5, 19, 26, 19, 20, 26, 20, 24, 26, 24, 25, 27, 25, 8, 27, 8, 7, 27, 7, 5, 27, 5, 26, 27, 26, 25, 28, 15, 16, 28, 1, 0, 29, 7, 6, 29, 6, 10, 3, 29, 3, 5, 29, 5, 7, 30, 2, 18, 30, 18, 20, 30, 20, 17, 30, 17, 12, 30, 12, 21, 30, 21, 2, 31, 3, 10, 11, 31, 11, 13, 31, 13, 4, 31, 4, 3, 32, 14, 22, 32, 22, 0, 32, 0, 2, 32, 2, 21, 32, 21, 14, 33, 1, 28, 33, 28, 16, 33, 16, 8, 33, 8, 25, 33, 25, 23, 33, 23, 1, 0, 35, 0, 20, 0, 8, 0, 34, 1, 35, 1, 12, 1, 52, 2, 49, 2, 13, 2, 38, 3, 36, 3, 30, 3, 9, 4, 8, 4, 19, 4, 37, 5, 6, 5, 11, 5, 47, 6, 17, 6, 16, 7, 9, 7, 57, 7, 34, 8, 9, 10, 14, 10, 48, 10, 11, 11, 43, 12, 40, 12, 23, 13, 25, 13, 14, 14, 15, 15, 42, 15, 26, 16, 44, 16, 54, 17, 50, 17, 18, 18, 46, 18, 19, 19, 20, 20, 51, 21, 24, 21, 27, 21, 22, 22, 41, 22, 23, 23, 60, 24, 59, 24, 28, 25, 32, 25, 26, 26, 27, 27, 28, 28, 33, 29, 33, 29, 58, 29, 30, 30, 31, 31, 39, 31, 32, 32, 33, 34, 56, 35, 55, 36, 39, 36, 37, 37, 46, 37, 38, 38, 39, 40, 45, 40, 41, 41, 42, 42, 43, 43, 44, 44, 45, 45, 53, 46, 49, 46, 47, 47, 48, 48, 49, 50, 54, 50, 51, 51, 52, 52, 53, 53, 54, 55, 60, 55, 56, 56, 57, 57, 58, 58, 59, 59, 60, 0, 1, 20, 1, 12, 23, 1, 12, 40, 2, 37, 38, 2, 10, 13, 2, 13, 25, 3, 4, 8, 3, 30, 31, 3, 7, 9, 0, 4, 8, 4, 18, 19, 5, 6, 17, 5, 6, 11, 5, 10, 11, 6, 16, 17, 0, 7, 8, 7, 34, 56, 10, 11, 14, 12, 22, 23, 13, 14, 15, 15, 21, 22, 16, 44, 45, 17, 18, 19, 21, 22, 23, 21, 24, 27, 24, 28, 29, 25, 26, 27, 29, 30, 31, 0, 34, 35, 36, 37, 38, 40, 41, 42, 46, 47, 48, 50, 51, 52, 55, 56, 57, 28, 0, 0, 0, 0, 0, 9, 0, 9, 0, 15, 0, 15, 0, 28, 0, 0, 0, 1, 0, 1, 0, 2, 0, 2, 0, 0, 0, 3, 0, 4, 0, 4, 0, 5, 0, 5, 0, 3, 0, 6, 0, 7, 0, 7, 0, 8, 0, 8, 0, 6, 0, 6, 0, 9, 0, 9, 0, 10, 0, 10, 0, 6, 0, 11, 0, 12, 0, 12, 0, 13, 0, 13, 0, 11, 0, 11, 0, 14, 0, 14, 0, 12, 0, 15, 0, 8, 0, 8, 0, 16, 0, 16, 0, 15, 0, 6, 0, 15, 0, 17, 0, 4, 0, 4, 0, 13, 0, 13, 0, 17, 0, 12, 0, 17, 0, 18, 0, 2, 0, 1, 0, 18, 0, 19, 0, 5, 0, 4, 0, 19, 0, 17, 0, 19, 0, 17, 0, 20, 0, 20, 0, 19, 0, 21, 0, 12, 0, 14, 0, 21, 0, 22, 0, 14, 0, 11, 0, 22, 0, 11, 0, 10, 0, 10, 0, 22, 0, 9, 0, 22, 0, 0, 0, 22, 0, 23, 0, 24, 0, 24, 0, 20, 0, 20, 0, 23, 0, 20, 0, 18, 0, 18, 0, 23, 0, 1, 0, 23, 0, 23, 0, 25, 0, 25, 0, 24, 0, 26, 0, 5, 0, 19, 0, 26, 0, 20, 0, 26, 0, 24, 0, 26, 0, 25, 0, 26, 0, 27, 0, 25, 0, 25, 0, 8, 0, 8, 0, 27, 0, 7, 0, 27, 0, 7, 0, 5, 0, 5, 0, 27, 0, 26, 0, 27, 0, 16, 0, 28, 0, 28, 0, 1, 0, 29, 0, 7, 0, 6, 0, 29, 0, 10, 0, 3, 0, 3, 0, 29, 0, 5, 0, 29, 0, 30, 0, 2, 0, 18, 0, 30, 0, 20, 0, 30, 0, 17, 0, 30, 0, 12, 0, 30, 0, 21, 0, 30, 0, 21, 0, 2, 0, 31, 0, 3, 0, 11, 0, 31, 0, 13, 0, 31, 0, 4, 0, 31, 0, 32, 0, 14, 0, 22, 0, 32, 0, 0, 0, 32, 0, 2, 0, 32, 0, 21, 0, 32, 0, 33, 0, 1, 0, 28, 0, 33, 0, 16, 0, 33, 0, 8, 0, 33, 0, 25, 0, 33, 0, 23, 0, 33, 0, 0, 0, 0, 0, 112, 18, 3, 188, 73, 68, 147, 188, 188, 116, 147, 188, 172, 250, 92, 61, 73, 68, 147, 60, 188, 116, 147, 60, 40, 234, 61, 56, 44, 45, 210, 49, 49, 130, 9, 46, 30, 210, 83, 173, 49, 130, 9, 46, 77, 105, 31, 51, 7, 178, 63, 172, 30, 210, 83, 173, 7, 178, 63, 172, 67, 27, 30, 51, 150, 171, 186, 60, 112, 82, 166, 183, 48, 133, 255, 55, 0, 0, 128, 63, 73, 67, 69, 1, 83, 85, 80, 77, 0, 0, 0, 0, 73, 67, 69, 1, 71, 65, 85, 83, 0, 0, 0, 0, 16, 0, 0, 0, 0, 6, 0, 0, 26, 26, 26, 26, 26, 24, 24, 24, 24, 24, 24, 23, 23, 23, 23, 23, 26, 26, 26, 26, 26, 24, 24, 24, 24, 24, 24, 23, 23, 23, 23, 23, 26, 26, 26, 26, 26, 24, 24, 24, 24, 24, 24, 23, 23, 23, 23, 23, 26, 26, 26, 26, 26, 24, 24, 24, 24, 24, 24, 23, 23, 23, 23, 23, 26, 26, 26, 26, 26, 26, 24, 24, 24, 24, 23, 23, 23, 23, 23, 23, 26, 26, 26, 26, 26, 26, 24, 24, 24, 24, 23, 23, 23, 23, 23, 23, 26, 26, 26, 26, 26, 26, 24, 24, 24, 24, 23, 23, 23, 23, 23, 23, 26, 26, 26, 26, 26, 26, 24, 24, 24, 24, 23, 23, 23, 23, 23, 23, 19, 19, 19, 19, 19, 20, 20, 20, 20, 20, 20, 18, 18, 18, 18, 18, 19, 19, 19, 19, 19, 20, 20, 20, 20, 20, 20, 18, 18, 18, 18, 18, 19, 19, 19, 19, 19, 20, 20, 20, 20, 20, 20, 18, 18, 18, 18, 18, 19, 19, 19, 19, 19, 20, 20, 20, 20, 20, 20, 18, 18, 18, 18, 18, 19, 19, 19, 19, 19, 20, 20, 20, 20, 20, 20, 18, 18, 18, 18, 18, 19, 19, 19, 19, 19, 20, 20, 20, 20, 20, 20, 18, 18, 18, 18, 18, 19, 19, 19, 19, 19, 20, 20, 20, 20, 20, 20, 18, 18, 18, 18, 18, 19, 19, 19, 19, 19, 20, 20, 20, 20, 20, 20, 18, 18, 18, 18, 18, 6, 6, 6, 6, 6, 6, 6, 6, 15, 15, 15, 15, 15, 15, 15, 15, 6, 6, 6, 6, 6, 6, 6, 6, 15, 15, 15, 15, 15, 15, 15, 9, 10, 10, 10, 6, 6, 6, 6, 6, 15, 15, 9, 9, 9, 9, 9, 9, 10, 10, 10, 10, 10, 10, 10, 10, 9, 9, 9, 9, 9, 9, 9, 9, 10, 10, 10, 10, 10, 10, 10, 10, 9, 9, 9, 9, 9, 9, 9, 9, 10, 10, 10, 10, 10, 10, 10, 10, 9, 9, 9, 9, 9, 9, 9, 9, 10, 10, 10, 10, 10, 10, 10, 10, 9, 9, 9, 9, 9, 9, 9, 9, 10, 10, 10, 10, 10, 10, 10, 10, 9, 9, 9, 9, 9, 9, 9, 9, 10, 10, 10, 10, 10, 10, 10, 10, 9, 9, 9, 9, 9, 9, 9, 9, 10, 10, 10, 10, 10, 10, 10, 10, 9, 9, 9, 9, 9, 9, 9, 9, 10, 10, 10, 10, 10, 10, 10, 10, 22, 22, 22, 22, 22, 22, 9, 9, 10, 10, 10, 10, 10, 10, 10, 10, 22, 22, 22, 22, 22, 22, 22, 22, 10, 10, 10, 10, 10, 10, 10, 10, 22, 22, 22, 22, 22, 22, 22, 22, 10, 10, 10, 11, 11, 11, 11, 11, 22, 22, 22, 22, 22, 22, 22, 22, 11, 11, 11, 11, 11, 11, 11, 11, 22, 22, 22, 22, 22, 22, 22, 22, 11, 11, 11, 11, 11, 11, 11, 11, 22, 22, 22, 22, 22, 22, 22, 22, 11, 11, 11, 11, 11, 11, 11, 13, 4, 4, 4, 4, 4, 19, 19, 19, 11, 11, 11, 11, 11, 11, 11, 13, 4, 4, 4, 4, 19, 19, 19, 19, 11, 11, 11, 11, 11, 11, 11, 13, 4, 4, 4, 4, 19, 19, 19, 19, 11, 11, 11, 11, 11, 11, 13, 13, 4, 4, 4, 19, 19, 19, 19, 19, 11, 11, 11, 11, 11, 11, 13, 13, 17, 4, 4, 19, 19, 19, 19, 19, 11, 11, 11, 11, 11, 11, 13, 12, 17, 4, 19, 19, 19, 19, 19, 20, 11, 11, 11, 11, 11, 12, 12, 12, 17, 17, 19, 19, 20, 20, 20, 20, 11, 11, 11, 11, 12, 12, 12, 12, 17, 17, 20, 20, 20, 20, 20, 20, 22, 22, 22, 14, 12, 12, 12, 12, 30, 30, 20, 20, 20, 20, 20, 20, 22, 22, 22, 14, 14, 12, 12, 12, 30, 30, 18, 18, 20, 20, 20, 20, 22, 22, 22, 22, 14, 14, 21, 21, 30, 30, 18, 18, 18, 18, 18, 20, 22, 22, 22, 22, 14, 14, 21, 21, 30, 2, 2, 18, 18, 18, 18, 18, 22, 22, 22, 22, 14, 14, 21, 21, 2, 2, 2, 18, 18, 18, 18, 18, 22, 22, 22, 22, 14, 14, 14, 21, 2, 2, 2, 2, 18, 18, 18, 18, 22, 22, 22, 22, 22, 14, 14, 21, 2, 2, 2, 2, 18, 18, 18, 18, 22, 22, 22, 22, 22, 14, 14, 14, 2, 2, 2, 2, 2, 18, 18, 18, 6, 6, 6, 6, 6, 6, 6, 7, 5, 5, 5, 5, 5, 5, 26, 26, 6, 6, 6, 6, 6, 6, 6, 7, 5, 5, 5, 5, 5, 26, 26, 26, 6, 6, 6, 6, 6, 6, 6, 7, 27, 5, 5, 5, 26, 26, 26, 26, 6, 6, 6, 6, 6, 6, 7, 7, 27, 5, 5, 5, 26, 26, 26, 26, 6, 6, 6, 6, 6, 6, 7, 7, 27, 5, 5, 26, 26, 26, 26, 26, 6, 6, 6, 6, 6, 6, 8, 8, 27, 27, 26, 26, 26, 26, 26, 24, 6, 6, 6, 6, 6, 8, 8, 8, 27, 27, 26, 24, 24, 24, 24, 24, 6, 6, 6, 6, 8, 8, 8, 8, 25, 25, 24, 24, 24, 24, 24, 24, 15, 15, 15, 15, 8, 8, 8, 8, 25, 25, 24, 24, 24, 24, 24, 24, 15, 15, 15, 15, 15, 8, 8, 8, 25, 25, 23, 24, 24, 24, 24, 24, 15, 15, 15, 15, 15, 15, 16, 16, 33, 33, 23, 23, 23, 23, 23, 24, 15, 15, 15, 15, 15, 15, 16, 16, 33, 1, 1, 23, 23, 23, 23, 23, 15, 15, 15, 15, 15, 15, 16, 16, 33, 1, 1, 1, 23, 23, 23, 23, 15, 15, 15, 15, 15, 15, 15, 16, 33, 1, 1, 1, 23, 23, 23, 23, 15, 15, 15, 15, 15, 15, 15, 16, 33, 1, 1, 1, 1, 23, 23, 23, 15, 15, 15, 15, 15, 15, 15, 16, 33, 1, 1, 1, 1, 1, 23, 23, 15, 9, 9, 9, 9, 9, 9, 9, 9, 9, 9, 22, 22, 22, 22, 22, 15, 15, 9, 9, 9, 9, 9, 9, 9, 9, 22, 22, 22, 22, 22, 22, 15, 15, 15, 9, 9, 9, 9, 9, 9, 9, 22, 22, 22, 22, 22, 22, 15, 15, 15, 9, 9, 9, 9, 9, 9, 9, 22, 22, 22, 22, 22, 22, 15, 15, 15, 15, 9, 9, 9, 9, 9, 9, 22, 22, 22, 22, 22, 22, 15, 15, 15, 15, 15, 9, 9, 9, 9, 22, 22, 22, 22, 22, 14, 14, 15, 15, 15, 15, 15, 9, 9, 9, 9, 22, 22, 22, 22, 14, 14, 14, 16, 15, 15, 15, 15, 15, 9, 9, 9, 22, 22, 22, 14, 14, 14, 14, 33, 28, 28, 28, 28, 28, 0, 0, 0, 32, 32, 32, 32, 2, 2, 2, 1, 1, 1, 1, 1, 1, 0, 0, 0, 32, 2, 2, 2, 2, 2, 2, 1, 1, 1, 1, 1, 1, 1, 1, 2, 2, 2, 2, 2, 2, 2, 2, 1, 1, 1, 1, 1, 1, 1, 1, 2, 2, 2, 2, 2, 2, 2, 2, 1, 1, 1, 1, 1, 1, 1, 1, 18, 18, 2, 2, 2, 2, 2, 2, 1, 1, 1, 1, 1, 1, 1, 1, 18, 18, 18, 18, 18, 18, 18, 18, 23, 23, 23, 23, 23, 23, 23, 23, 18, 18, 18, 18, 18, 18, 18, 18, 23, 23, 23, 23, 23, 23, 23, 23, 18, 18, 18, 18, 18, 18, 18, 18, 6, 6, 10, 10, 10, 10, 10, 10, 10, 10, 10, 10, 10, 10, 11, 11, 6, 6, 6, 10, 10, 10, 10, 10, 10, 10, 10, 10, 10, 11, 11, 11, 6, 6, 6, 10, 10, 10, 10, 10, 10, 10, 10, 10, 10, 11, 11, 11, 6, 6, 6, 6, 10, 10, 10, 10, 10, 10, 10, 10, 11, 11, 11, 11, 6, 6, 6, 6, 10, 10, 10, 10, 10, 10, 10, 10, 11, 11, 11, 11, 6, 6, 6, 6, 6, 10, 10, 10, 10, 10, 10, 11, 11, 11, 11, 11, 6, 6, 6, 6, 6, 6, 10, 10, 10, 10, 11, 11, 11, 11, 11, 11, 7, 7, 6, 6, 6, 6, 10, 10, 10, 10, 11, 11, 11, 11, 11, 13, 5, 29, 29, 29, 29, 29, 3, 3, 3, 31, 31, 31, 31, 4, 4, 4, 5, 5, 5, 5, 5, 5, 3, 3, 3, 31, 4, 4, 4, 4, 4, 4, 5, 5, 5, 5, 5, 5, 5, 5, 4, 4, 4, 4, 4, 4, 4, 4, 5, 5, 5, 5, 5, 5, 5, 5, 4, 4, 4, 4, 4, 4, 4, 4, 5, 5, 5, 5, 5, 5, 5, 5, 19, 19, 4, 4, 4, 4, 4, 4, 5, 5, 5, 5, 5, 5, 5, 5, 19, 19, 19, 19, 19, 19, 19, 19, 26, 26, 26, 26, 26, 26, 26, 26, 19, 19, 19, 19, 19, 19, 19, 19, 26, 26, 26, 26, 26, 26, 26, 26, 19, 19, 19, 19, 19, 19, 19, 19, 22, 22, 22, 22, 22, 22, 22, 22, 11, 11, 11, 11, 11, 11, 11, 11, 22, 22, 22, 22, 22, 22, 22, 22, 11, 11, 11, 11, 11, 11, 11, 11, 22, 22, 22, 22, 22, 22, 22, 22, 11, 11, 11, 11, 11, 10, 10, 10, 22, 22, 22, 22, 22, 22, 22, 22, 10, 10, 10, 10, 10, 10, 10, 10, 22, 22, 22, 22, 22, 22, 22, 22, 10, 10, 10, 10, 10, 10, 10, 10, 9, 9, 22, 22, 22, 22, 22, 22, 10, 10, 10, 10, 10, 10, 10, 10, 9, 9, 9, 9, 9, 9, 9, 9, 10, 10, 10, 10, 10, 10, 10, 10, 9, 9, 9, 9, 9, 9, 9, 9, 10, 10, 10, 10, 10, 10, 10, 10, 9, 9, 9, 9, 9, 9, 9, 9, 10, 10, 10, 10, 10, 10, 10, 10, 9, 9, 9, 9, 9, 9, 9, 9, 10, 10, 10, 10, 10, 10, 10, 10, 9, 9, 9, 9, 9, 9, 9, 9, 10, 10, 10, 10, 10, 10, 10, 10, 9, 9, 9, 9, 9, 9, 9, 9, 10, 10, 10, 10, 10, 10, 10, 10, 9, 9, 9, 9, 9, 9, 9, 9, 10, 10, 10, 10, 10, 10, 10, 10, 9, 9, 9, 9, 9, 9, 15, 15, 6, 6, 6, 6, 6, 10, 10, 10, 9, 15, 15, 15, 15, 15, 15, 15, 6, 6, 6, 6, 6, 6, 6, 6, 15, 15, 15, 15, 15, 15, 15, 15, 6, 6, 6, 6, 6, 6, 6, 6, 18, 18, 18, 18, 18, 20, 20, 20, 20, 20, 20, 19, 19, 19, 19, 19, 18, 18, 18, 18, 18, 20, 20, 20, 20, 20, 20, 19, 19, 19, 19, 19, 18, 18, 18, 18, 18, 20, 20, 20, 20, 20, 20, 19, 19, 19, 19, 19, 18, 18, 18, 18, 18, 20, 20, 20, 20, 20, 20, 19, 19, 19, 19, 19, 18, 18, 18, 18, 18, 20, 20, 20, 20, 20, 20, 19, 19, 19, 19, 19, 18, 18, 18, 18, 18, 20, 20, 20, 20, 20, 20, 19, 19, 19, 19, 19, 18, 18, 18, 18, 18, 20, 20, 20, 20, 20, 20, 19, 19, 19, 19, 19, 18, 18, 18, 18, 18, 20, 20, 20, 20, 20, 20, 19, 19, 19, 19, 19, 23, 23, 23, 23, 23, 23, 24, 24, 24, 24, 26, 26, 26, 26, 26, 26, 23, 23, 23, 23, 23, 23, 24, 24, 24, 24, 26, 26, 26, 26, 26, 26, 23, 23, 23, 23, 23, 23, 24, 24, 24, 24, 26, 26, 26, 26, 26, 26, 23, 23, 23, 23, 23, 23, 24, 24, 24, 24, 26, 26, 26, 26, 26, 26, 23, 23, 23, 23, 23, 24, 24, 24, 24, 24, 24, 26, 26, 26, 26, 26, 23, 23, 23, 23, 23, 24, 24, 24, 24, 24, 24, 26, 26, 26, 26, 26, 23, 23, 23, 23, 23, 24, 24, 24, 24, 24, 24, 26, 26, 26, 26, 26, 23, 23, 23, 23, 23, 24, 24, 24, 24, 24, 24, 26, 26, 26, 26, 26, 23, 23, 1, 1, 1, 1, 1, 33, 16, 15, 15, 15, 15, 15, 15, 15, 23, 23, 23, 1, 1, 1, 1, 33, 16, 15, 15, 15, 15, 15, 15, 15, 23, 23, 23, 23, 1, 1, 1, 33, 16, 15, 15, 15, 15, 15, 15, 15, 23, 23, 23, 23, 1, 1, 1, 33, 16, 16, 15, 15, 15, 15, 15, 15, 23, 23, 23, 23, 23, 1, 1, 33, 16, 16, 15, 15, 15, 15, 15, 15, 24, 23, 23, 23, 23, 23, 33, 33, 16, 16, 15, 15, 15, 15, 15, 15, 24, 24, 24, 24, 24, 23, 25, 25, 8, 8, 8, 15, 15, 15, 15, 15, 24, 24, 24, 24, 24, 24, 25, 25, 8, 8, 8, 8, 15, 15, 15, 15, 24, 24, 24, 24, 24, 24, 25, 25, 8, 8, 8, 8, 6, 6, 6, 6, 24, 24, 24, 24, 24, 26, 27, 27, 8, 8, 8, 6, 6, 6, 6, 6, 24, 26, 26, 26, 26, 26, 27, 27, 8, 8, 6, 6, 6, 6, 6, 6, 26, 26, 26, 26, 26, 5, 5, 27, 7, 7, 6, 6, 6, 6, 6, 6, 26, 26, 26, 26, 5, 5, 5, 27, 7, 7, 6, 6, 6, 6, 6, 6, 26, 26, 26, 26, 5, 5, 5, 27, 7, 6, 6, 6, 6, 6, 6, 6, 26, 26, 26, 5, 5, 5, 5, 5, 7, 6, 6, 6, 6, 6, 6, 6, 26, 26, 5, 5, 5, 5, 5, 5, 7, 6, 6, 6, 6, 6, 6, 6, 18, 18, 18, 2, 2, 2, 2, 2, 14, 14, 14, 22, 22, 22, 22, 22, 18, 18, 18, 18, 2, 2, 2, 2, 21, 14, 14, 22, 22, 22, 22, 22, 18, 18, 18, 18, 2, 2, 2, 2, 21, 14, 14, 14, 22, 22, 22, 22, 18, 18, 18, 18, 18, 2, 2, 2, 21, 21, 14, 14, 22, 22, 22, 22, 18, 18, 18, 18, 18, 2, 2, 30, 21, 21, 14, 14, 22, 22, 22, 22, 20, 18, 18, 18, 18, 18, 30, 30, 21, 21, 14, 14, 22, 22, 22, 22, 20, 20, 20, 20, 18, 18, 30, 30, 12, 12, 12, 14, 14, 22, 22, 22, 20, 20, 20, 20, 20, 20, 30, 30, 12, 12, 12, 12, 14, 22, 22, 22, 20, 20, 20, 20, 20, 20, 17, 17, 12, 12, 12, 12, 11, 11, 11, 11, 20, 20, 20, 20, 19, 19, 17, 17, 12, 12, 12, 11, 11, 11, 11, 11, 20, 19, 19, 19, 19, 19, 4, 17, 12, 13, 11, 11, 11, 11, 11, 11, 19, 19, 19, 19, 19, 4, 4, 17, 13, 13, 11, 11, 11, 11, 11, 11, 19, 19, 19, 19, 19, 4, 4, 4, 13, 13, 11, 11, 11, 11, 11, 11, 19, 19, 19, 19, 4, 4, 4, 4, 13, 11, 11, 11, 11, 11, 11, 11, 19, 19, 19, 19, 4, 4, 4, 4, 13, 11, 11, 11, 11, 11, 11, 11, 19, 19, 19, 4, 4, 4, 4, 4, 13, 11, 11, 11, 11, 11, 11, 11, 19, 19, 19, 19, 19, 19, 19, 19, 26, 26, 26, 26, 26, 26, 26, 26, 19, 19, 19, 19, 19, 19, 19, 19, 26, 26, 26, 26, 26, 26, 26, 26, 19, 19, 19, 19, 19, 19, 19, 19, 5, 5, 5, 5, 5, 5, 5, 5, 4, 4, 4, 4, 4, 4, 19, 19, 5, 5, 5, 5, 5, 5, 5, 5, 4, 4, 4, 4, 4, 4, 4, 4, 5, 5, 5, 5, 5, 5, 5, 5, 4, 4, 4, 4, 4, 4, 4, 4, 5, 5, 5, 5, 5, 5, 5, 5, 4, 4, 4, 4, 4, 4, 31, 3, 3, 3, 5, 5, 5, 5, 5, 5, 4, 4, 4, 31, 31, 31, 31, 3, 3, 3, 29, 29, 29, 29, 29, 5, 13, 11, 11, 11, 11, 11, 10, 10, 10, 10, 6, 6, 6, 6, 7, 7, 11, 11, 11, 11, 11, 11, 10, 10, 10, 10, 6, 6, 6, 6, 6, 6, 11, 11, 11, 11, 11, 10, 10, 10, 10, 10, 10, 6, 6, 6, 6, 6, 11, 11, 11, 11, 10, 10, 10, 10, 10, 10, 10, 10, 6, 6, 6, 6, 11, 11, 11, 11, 10, 10, 10, 10, 10, 10, 10, 10, 6, 6, 6, 6, 11, 11, 11, 10, 10, 10, 10, 10, 10, 10, 10, 10, 10, 6, 6, 6, 11, 11, 11, 10, 10, 10, 10, 10, 10, 10, 10, 10, 10, 6, 6, 6, 11, 11, 10, 10, 10, 10, 10, 10, 10, 10, 10, 10, 10, 10, 6, 6, 18, 18, 18, 18, 18, 18, 18, 18, 23, 23, 23, 23, 23, 23, 23, 23, 18, 18, 18, 18, 18, 18, 18, 18, 23, 23, 23, 23, 23, 23, 23, 23, 18, 18, 18, 18, 18, 18, 18, 18, 1, 1, 1, 1, 1, 1, 1, 1, 2, 2, 2, 2, 2, 2, 18, 18, 1, 1, 1, 1, 1, 1, 1, 1, 2, 2, 2, 2, 2, 2, 2, 2, 1, 1, 1, 1, 1, 1, 1, 1, 2, 2, 2, 2, 2, 2, 2, 2, 1, 1, 1, 1, 1, 1, 1, 1, 2, 2, 2, 2, 2, 2, 32, 0, 0, 0, 1, 1, 1, 1, 1, 1, 2, 2, 2, 32, 32, 32, 32, 0, 0, 0, 28, 28, 28, 28, 28, 33, 14, 14, 14, 14, 22, 22, 22, 9, 9, 9, 15, 15, 15, 15, 15, 16, 14, 14, 14, 22, 22, 22, 22, 9, 9, 9, 9, 15, 15, 15, 15, 15, 14, 14, 22, 22, 22, 22, 22, 9, 9, 9, 9, 15, 15, 15, 15, 15, 22, 22, 22, 22, 22, 22, 9, 9, 9, 9, 9, 9, 15, 15, 15, 15, 22, 22, 22, 22, 22, 22, 9, 9, 9, 9, 9, 9, 9, 15, 15, 15, 22, 22, 22, 22, 22, 22, 9, 9, 9, 9, 9, 9, 9, 15, 15, 15, 22, 22, 22, 22, 22, 22, 9, 9, 9, 9, 9, 9, 9, 9, 15, 15, 22, 22, 22, 22, 22, 9, 9, 9, 9, 9, 9, 9, 9, 9, 9, 15, 73, 67, 69, 1, 86, 65, 76, 69, 2, 0, 0, 0, 34, 0, 0, 0, 186, 0, 0, 0, 7, 0, 0, 0, 6, 6, 6, 5, 6, 7, 6, 5, 7, 5, 5, 6, 6, 5, 5, 5, 4, 6, 5, 5, 7, 5, 6, 6, 4, 6, 6, 5, 5, 4, 6, 4, 5, 6, 9, 22, 32, 2, 1, 28, 2, 18, 23, 33, 28, 0, 0, 32, 21, 30, 18, 1, 4, 31, 10, 29, 5, 5, 19, 17, 13, 31, 3, 3, 29, 7, 27, 26, 19, 4, 7, 29, 10, 9, 15, 8, 8, 27, 5, 29, 6, 6, 15, 16, 33, 25, 27, 7, 15, 6, 10, 22, 0, 6, 3, 11, 22, 9, 12, 14, 22, 10, 31, 13, 13, 17, 30, 21, 14, 11, 11, 31, 4, 17, 12, 12, 21, 32, 22, 11, 28, 16, 8, 6, 9, 15, 28, 33, 8, 4, 19, 20, 30, 12, 13, 2, 30, 20, 23, 1, 5, 26, 20, 17, 4, 19, 26, 24, 23, 18, 30, 17, 12, 30, 2, 32, 14, 14, 32, 0, 9, 10, 11, 24, 25, 33, 1, 18, 20, 20, 26, 25, 23, 24, 26, 27, 8, 33, 23, 5, 27, 25, 24, 20, 19, 25, 26, 5, 7, 8, 0, 1, 33, 16, 15, 7, 5, 3, 6, 2, 21, 12, 17, 20, 18, 3, 4, 13, 11, 14, 21, 2, 0, 22, 1, 23, 25, 8, 16, 28, 0, 0, 128, 191, 51, 118, 139, 60, 244, 217, 170, 60, 90, 9, 33, 60, 90, 9, 33, 60]
            }
        }

        over "Link2"
        {
            over "collisions" (
                prepend apiSchemas = ["PhysxCookedDataAPI:convexHull"]
            )
            {
                uchar[] physxCookedData:convexHull:buffer = [9, 152, 223, 152, 168, 227, 231, 204, 87, 57, 203, 73, 130, 216, 85, 225, 131, 78, 88, 83, 1, 67, 86, 88, 77, 14, 0, 0, 0, 0, 0, 0, 0, 73, 67, 69, 1, 67, 76, 72, 76, 9, 0, 0, 0, 34, 0, 0, 0, 93, 128, 0, 0, 61, 0, 0, 0, 186, 0, 0, 0, 19, 131, 192, 60, 58, 103, 166, 163, 188, 116, 147, 60, 156, 249, 62, 61, 205, 204, 76, 188, 199, 223, 45, 60, 229, 123, 57, 61, 244, 253, 84, 60, 109, 108, 50, 60, 19, 131, 192, 60, 58, 103, 166, 163, 188, 116, 147, 188, 229, 123, 57, 61, 244, 253, 84, 60, 109, 108, 50, 188, 156, 249, 62, 61, 205, 204, 76, 188, 199, 223, 45, 188, 30, 208, 113, 187, 190, 153, 232, 187, 127, 129, 135, 188, 53, 60, 61, 60, 95, 41, 75, 188, 159, 197, 85, 188, 181, 77, 140, 60, 73, 68, 147, 188, 38, 254, 110, 186, 94, 53, 2, 188, 126, 93, 112, 186, 186, 67, 147, 60, 111, 18, 3, 188, 43, 65, 224, 34, 188, 116, 147, 188, 2, 200, 113, 187, 190, 153, 232, 59, 127, 129, 135, 188, 181, 77, 140, 60, 73, 68, 147, 60, 38, 254, 110, 58, 221, 210, 71, 60, 6, 192, 85, 60, 67, 47, 75, 188, 37, 61, 221, 186, 137, 30, 0, 60, 117, 208, 132, 60, 55, 5, 129, 187, 31, 51, 228, 187, 4, 249, 135, 60, 105, 72, 91, 60, 146, 53, 105, 188, 116, 132, 52, 60, 3, 120, 11, 61, 110, 193, 145, 60, 168, 161, 50, 187, 158, 73, 81, 61, 205, 204, 76, 60, 95, 160, 246, 59, 158, 73, 81, 61, 205, 204, 76, 60, 95, 160, 246, 187, 172, 250, 92, 61, 205, 204, 76, 60, 178, 204, 87, 163, 87, 89, 108, 60, 127, 70, 122, 60, 114, 255, 27, 60, 45, 199, 215, 187, 32, 219, 148, 59, 206, 174, 142, 60, 242, 191, 84, 61, 205, 204, 76, 188, 216, 69, 211, 59, 49, 110, 92, 61, 244, 253, 84, 188, 209, 18, 62, 163, 3, 120, 11, 61, 73, 68, 147, 188, 38, 254, 110, 58, 242, 191, 84, 61, 205, 204, 76, 188, 216, 69, 211, 187, 3, 120, 11, 61, 245, 70, 138, 188, 86, 217, 204, 187, 85, 10, 211, 60, 18, 31, 15, 188, 123, 237, 128, 60, 85, 10, 211, 60, 18, 31, 15, 188, 123, 237, 128, 188, 3, 120, 11, 61, 176, 191, 142, 60, 68, 215, 147, 59, 81, 118, 204, 60, 190, 153, 232, 59, 127, 129, 135, 188, 81, 118, 204, 60, 190, 153, 232, 59, 127, 129, 135, 60, 3, 120, 11, 61, 253, 98, 132, 188, 165, 224, 1, 60, 10, 108, 202, 59, 86, 78, 114, 190, 135, 185, 120, 63, 100, 116, 144, 188, 0, 0, 4, 11, 19, 66, 157, 62, 96, 141, 189, 59, 5, 159, 115, 63, 113, 116, 199, 188, 4, 0, 3, 10, 19, 66, 157, 62, 115, 141, 189, 59, 5, 159, 115, 191, 113, 116, 199, 188, 7, 0, 3, 9, 107, 239, 126, 190, 225, 25, 107, 191, 188, 127, 157, 190, 69, 57, 77, 188, 10, 0, 3, 2, 170, 133, 90, 191, 74, 82, 5, 191, 32, 250, 68, 188, 155, 219, 230, 187, 13, 0, 3, 20, 225, 50, 146, 190, 219, 166, 109, 63, 41, 198, 115, 190, 228, 189, 61, 188, 16, 0, 3, 23, 221, 59, 240, 190, 236, 14, 98, 63, 138, 23, 23, 60, 86, 143, 0, 188, 19, 0, 3, 24, 187, 4, 168, 190, 182, 2, 109, 191, 145, 4, 64, 62, 236, 204, 49, 188, 22, 0, 3, 19, 241, 117, 85, 191, 62, 80, 13, 191, 169, 217, 130, 187, 119, 96, 231, 187, 25, 0, 3, 20, 205, 44, 237, 190, 107, 224, 98, 191, 154, 184, 8, 57, 197, 9, 3, 188, 28, 0, 3, 20, 42, 108, 190, 60, 200, 52, 96, 63, 101, 214, 246, 190, 253, 230, 144, 188, 31, 0, 3, 16, 172, 211, 117, 189, 204, 110, 113, 63, 7, 116, 167, 190, 15, 6, 128, 188, 34, 0, 3, 33, 174, 128, 0, 63, 140, 11, 139, 60, 113, 94, 93, 63, 233, 148, 4, 189, 37, 0, 3, 10, 174, 128, 0, 63, 137, 11, 139, 60, 112, 94, 93, 191, 233, 148, 4, 189, 40, 0, 3, 9, 19, 232, 100, 62, 75, 113, 113, 63, 142, 236, 123, 190, 143, 80, 205, 188, 43, 0, 3, 16, 225, 145, 137, 62, 195, 51, 117, 63, 122, 177, 208, 189, 199, 212, 216, 188, 46, 0, 3, 8, 84, 223, 179, 190, 116, 77, 107, 63, 154, 111, 54, 62, 3, 205, 46, 188, 49, 0, 3, 26, 193, 174, 13, 191, 115, 46, 85, 63, 213, 147, 125, 60, 168, 54, 252, 187, 52, 0, 3, 24, 2, 234, 89, 191, 97, 20, 6, 63, 208, 220, 7, 189, 79, 181, 242, 187, 55, 0, 3, 24, 159, 84, 120, 191, 6, 166, 120, 62, 146, 91, 249, 59, 82, 205, 249, 187, 58, 0, 3, 24, 117, 239, 116, 187, 141, 152, 210, 61, 35, 164, 126, 63, 45, 244, 145, 188, 61, 0, 3, 3, 245, 200, 117, 63, 183, 73, 165, 187, 77, 42, 143, 62, 66, 231, 83, 189, 64, 0, 3, 10, 22, 85, 111, 63, 97, 152, 133, 60, 139, 136, 181, 62, 58, 109, 79, 189, 67, 0, 3, 10, 208, 221, 29, 63, 82, 241, 86, 188, 105, 128, 73, 63, 124, 167, 24, 189, 70, 0, 3, 10, 11, 213, 125, 62, 232, 41, 117, 191, 40, 223, 21, 62, 33, 69, 211, 188, 73, 0, 3, 12, 208, 221, 29, 63, 78, 241, 86, 188, 105, 128, 73, 191, 124, 167, 24, 189, 76, 0, 3, 9, 22, 85, 111, 63, 97, 152, 133, 60, 139, 136, 181, 190, 58, 109, 79, 189, 79, 0, 3, 9, 245, 200, 117, 63, 175, 73, 165, 187, 77, 42, 143, 190, 65, 231, 83, 189, 82, 0, 3, 9, 239, 25, 113, 62, 17, 24, 118, 191, 44, 117, 18, 190, 16, 45, 206, 188, 85, 0, 3, 12, 136, 163, 133, 60, 163, 3, 125, 191, 153, 10, 27, 190, 0, 248, 148, 188, 88, 0, 3, 12, 13, 144, 131, 189, 223, 234, 106, 191, 176, 202, 200, 190, 255, 13, 129, 188, 91, 0, 3, 30, 150, 72, 46, 61, 237, 126, 67, 191, 158, 235, 36, 191, 241, 116, 150, 188, 94, 0, 3, 21, 77, 51, 102, 62, 227, 98, 110, 191, 30, 234, 146, 190, 46, 42, 206, 188, 97, 0, 3, 21, 241, 67, 111, 62, 18, 11, 118, 191, 12, 197, 22, 190, 130, 157, 205, 188, 100, 0, 3, 12, 83, 32, 121, 188, 139, 161, 33, 191, 34, 124, 70, 63, 33, 239, 141, 188, 103, 0, 3, 13, 224, 34, 77, 62, 173, 91, 73, 190, 248, 180, 117, 63, 194, 23, 180, 188, 106, 0, 3, 10, 215, 51, 22, 188, 243, 134, 17, 191, 150, 153, 82, 191, 227, 206, 144, 188, 109, 0, 3, 32, 107, 239, 73, 165, 137, 59, 106, 190, 112, 54, 121, 191, 231, 139, 143, 188, 112, 0, 4, 22, 220, 34, 77, 62, 173, 91, 73, 190, 248, 180, 117, 191, 193, 23, 180, 188, 116, 0, 3, 22, 171, 101, 65, 61, 234, 34, 52, 191, 248, 126, 53, 191, 115, 185, 151, 188, 119, 0, 3, 14, 174, 142, 104, 62, 225, 199, 112, 63, 1, 80, 129, 62, 30, 242, 206, 188, 122, 0, 3, 8, 30, 44, 133, 62, 60, 229, 117, 63, 173, 5, 202, 61, 3, 80, 213, 188, 125, 0, 3, 8, 86, 56, 128, 62, 62, 134, 119, 63, 39, 217, 72, 61, 119, 176, 209, 188, 128, 0, 3, 8, 191, 81, 178, 60, 96, 156, 127, 63, 235, 104, 79, 61, 162, 121, 150, 188, 131, 0, 3, 8, 181, 219, 250, 188, 94, 214, 116, 63, 156, 183, 148, 62, 221, 183, 138, 188, 134, 0, 3, 27, 182, 186, 34, 61, 102, 53, 90, 63, 130, 123, 5, 63, 130, 7, 152, 188, 137, 0, 3, 7, 13, 181, 49, 37, 42, 33, 78, 62, 121, 194, 122, 191, 4, 112, 144, 188, 140, 0, 4, 9, 0, 0, 0, 0, 162, 62, 18, 63, 141, 29, 82, 191, 5, 112, 144, 188, 144, 0, 3, 28, 19, 208, 21, 61, 151, 96, 31, 63, 51, 30, 72, 191, 105, 155, 149, 188, 147, 0, 3, 15, 2, 241, 100, 62, 33, 142, 27, 62, 123, 120, 118, 191, 16, 2, 185, 188, 150, 0, 3, 9, 63, 118, 12, 187, 52, 25, 178, 62, 42, 3, 112, 63, 29, 213, 146, 188, 153, 0, 3, 6, 75, 158, 53, 60, 209, 224, 75, 62, 206, 219, 122, 63, 234, 160, 146, 188, 156, 0, 3, 10, 3, 241, 100, 62, 33, 142, 27, 62, 123, 120, 118, 63, 16, 2, 185, 188, 159, 0, 3, 10, 12, 105, 128, 60, 232, 175, 41, 63, 6, 164, 63, 63, 62, 48, 143, 188, 162, 0, 3, 7, 54, 132, 11, 60, 45, 91, 40, 63, 41, 215, 64, 63, 170, 14, 142, 188, 165, 0, 3, 7, 150, 2, 77, 61, 55, 99, 50, 191, 112, 42, 55, 63, 194, 172, 152, 188, 168, 0, 3, 13, 117, 84, 39, 61, 82, 194, 51, 191, 123, 248, 53, 63, 209, 131, 150, 188, 171, 0, 3, 13, 213, 114, 62, 189, 220, 9, 117, 191, 30, 75, 146, 62, 177, 77, 132, 188, 174, 0, 3, 17, 221, 39, 221, 188, 200, 188, 119, 191, 137, 73, 128, 62, 198, 218, 136, 188, 177, 0, 3, 17, 19, 223, 90, 62, 188, 25, 114, 191, 143, 188, 122, 62, 97, 184, 200, 188, 180, 0, 3, 12, 206, 157, 91, 62, 133, 5, 112, 191, 231, 40, 140, 62, 96, 185, 201, 188, 183, 0, 3, 13, 28, 0, 9, 15, 0, 1, 2, 3, 4, 5, 6, 7, 8, 6, 9, 10, 11, 12, 13, 11, 14, 12, 15, 8, 16, 15, 9, 6, 15, 6, 8, 17, 4, 13, 17, 13, 12, 18, 2, 1, 19, 5, 4, 19, 4, 17, 19, 17, 20, 21, 12, 14, 22, 14, 11, 22, 11, 10, 22, 10, 9, 22, 9, 0, 23, 24, 20, 23, 20, 18, 23, 18, 1, 23, 25, 24, 26, 5, 19, 26, 19, 20, 26, 20, 24, 26, 24, 25, 27, 25, 8, 27, 8, 7, 27, 7, 5, 27, 5, 26, 27, 26, 25, 28, 15, 16, 28, 1, 0, 29, 7, 6, 29, 6, 10, 3, 29, 3, 5, 29, 5, 7, 30, 2, 18, 30, 18, 20, 30, 20, 17, 30, 17, 12, 30, 12, 21, 30, 21, 2, 31, 3, 10, 11, 31, 11, 13, 31, 13, 4, 31, 4, 3, 32, 14, 22, 32, 22, 0, 32, 0, 2, 32, 2, 21, 32, 21, 14, 33, 1, 28, 33, 28, 16, 33, 16, 8, 33, 8, 25, 33, 25, 23, 33, 23, 1, 0, 35, 0, 20, 0, 8, 0, 34, 1, 35, 1, 12, 1, 52, 2, 49, 2, 13, 2, 38, 3, 36, 3, 30, 3, 9, 4, 8, 4, 19, 4, 37, 5, 6, 5, 11, 5, 47, 6, 17, 6, 16, 7, 9, 7, 57, 7, 34, 8, 9, 10, 14, 10, 48, 10, 11, 11, 43, 12, 40, 12, 23, 13, 25, 13, 14, 14, 15, 15, 42, 15, 26, 16, 44, 16, 54, 17, 50, 17, 18, 18, 46, 18, 19, 19, 20, 20, 51, 21, 24, 21, 27, 21, 22, 22, 41, 22, 23, 23, 60, 24, 59, 24, 28, 25, 32, 25, 26, 26, 27, 27, 28, 28, 33, 29, 33, 29, 58, 29, 30, 30, 31, 31, 39, 31, 32, 32, 33, 34, 56, 35, 55, 36, 39, 36, 37, 37, 46, 37, 38, 38, 39, 40, 45, 40, 41, 41, 42, 42, 43, 43, 44, 44, 45, 45, 53, 46, 49, 46, 47, 47, 48, 48, 49, 50, 54, 50, 51, 51, 52, 52, 53, 53, 54, 55, 60, 55, 56, 56, 57, 57, 58, 58, 59, 59, 60, 0, 1, 20, 1, 12, 23, 1, 12, 40, 2, 37, 38, 2, 10, 13, 2, 13, 25, 3, 4, 8, 3, 30, 31, 3, 7, 9, 0, 4, 8, 4, 18, 19, 5, 6, 17, 5, 6, 11, 5, 10, 11, 6, 16, 17, 0, 7, 8, 7, 34, 56, 10, 11, 14, 12, 22, 23, 13, 14, 15, 15, 21, 22, 16, 44, 45, 17, 18, 19, 21, 22, 23, 21, 24, 27, 24, 28, 29, 25, 26, 27, 29, 30, 31, 0, 34, 35, 36, 37, 38, 40, 41, 42, 46, 47, 48, 50, 51, 52, 55, 56, 57, 28, 0, 0, 0, 0, 0, 9, 0, 9, 0, 15, 0, 15, 0, 28, 0, 0, 0, 1, 0, 1, 0, 2, 0, 2, 0, 0, 0, 3, 0, 4, 0, 4, 0, 5, 0, 5, 0, 3, 0, 6, 0, 7, 0, 7, 0, 8, 0, 8, 0, 6, 0, 6, 0, 9, 0, 9, 0, 10, 0, 10, 0, 6, 0, 11, 0, 12, 0, 12, 0, 13, 0, 13, 0, 11, 0, 11, 0, 14, 0, 14, 0, 12, 0, 15, 0, 8, 0, 8, 0, 16, 0, 16, 0, 15, 0, 6, 0, 15, 0, 17, 0, 4, 0, 4, 0, 13, 0, 13, 0, 17, 0, 12, 0, 17, 0, 18, 0, 2, 0, 1, 0, 18, 0, 19, 0, 5, 0, 4, 0, 19, 0, 17, 0, 19, 0, 17, 0, 20, 0, 20, 0, 19, 0, 21, 0, 12, 0, 14, 0, 21, 0, 22, 0, 14, 0, 11, 0, 22, 0, 11, 0, 10, 0, 10, 0, 22, 0, 9, 0, 22, 0, 0, 0, 22, 0, 23, 0, 24, 0, 24, 0, 20, 0, 20, 0, 23, 0, 20, 0, 18, 0, 18, 0, 23, 0, 1, 0, 23, 0, 23, 0, 25, 0, 25, 0, 24, 0, 26, 0, 5, 0, 19, 0, 26, 0, 20, 0, 26, 0, 24, 0, 26, 0, 25, 0, 26, 0, 27, 0, 25, 0, 25, 0, 8, 0, 8, 0, 27, 0, 7, 0, 27, 0, 7, 0, 5, 0, 5, 0, 27, 0, 26, 0, 27, 0, 16, 0, 28, 0, 28, 0, 1, 0, 29, 0, 7, 0, 6, 0, 29, 0, 10, 0, 3, 0, 3, 0, 29, 0, 5, 0, 29, 0, 30, 0, 2, 0, 18, 0, 30, 0, 20, 0, 30, 0, 17, 0, 30, 0, 12, 0, 30, 0, 21, 0, 30, 0, 21, 0, 2, 0, 31, 0, 3, 0, 11, 0, 31, 0, 13, 0, 31, 0, 4, 0, 31, 0, 32, 0, 14, 0, 22, 0, 32, 0, 0, 0, 32, 0, 2, 0, 32, 0, 21, 0, 32, 0, 33, 0, 1, 0, 28, 0, 33, 0, 16, 0, 33, 0, 8, 0, 33, 0, 25, 0, 33, 0, 23, 0, 33, 0, 0, 0, 0, 0, 112, 18, 3, 188, 73, 68, 147, 188, 188, 116, 147, 188, 172, 250, 92, 61, 73, 68, 147, 60, 188, 116, 147, 60, 40, 234, 61, 56, 44, 45, 210, 49, 49, 130, 9, 46, 30, 210, 83, 173, 49, 130, 9, 46, 77, 105, 31, 51, 7, 178, 63, 172, 30, 210, 83, 173, 7, 178, 63, 172, 67, 27, 30, 51, 150, 171, 186, 60, 112, 82, 166, 183, 48, 133, 255, 55, 0, 0, 128, 63, 73, 67, 69, 1, 83, 85, 80, 77, 0, 0, 0, 0, 73, 67, 69, 1, 71, 65, 85, 83, 0, 0, 0, 0, 16, 0, 0, 0, 0, 6, 0, 0, 26, 26, 26, 26, 26, 24, 24, 24, 24, 24, 24, 23, 23, 23, 23, 23, 26, 26, 26, 26, 26, 24, 24, 24, 24, 24, 24, 23, 23, 23, 23, 23, 26, 26, 26, 26, 26, 24, 24, 24, 24, 24, 24, 23, 23, 23, 23, 23, 26, 26, 26, 26, 26, 24, 24, 24, 24, 24, 24, 23, 23, 23, 23, 23, 26, 26, 26, 26, 26, 26, 24, 24, 24, 24, 23, 23, 23, 23, 23, 23, 26, 26, 26, 26, 26, 26, 24, 24, 24, 24, 23, 23, 23, 23, 23, 23, 26, 26, 26, 26, 26, 26, 24, 24, 24, 24, 23, 23, 23, 23, 23, 23, 26, 26, 26, 26, 26, 26, 24, 24, 24, 24, 23, 23, 23, 23, 23, 23, 19, 19, 19, 19, 19, 20, 20, 20, 20, 20, 20, 18, 18, 18, 18, 18, 19, 19, 19, 19, 19, 20, 20, 20, 20, 20, 20, 18, 18, 18, 18, 18, 19, 19, 19, 19, 19, 20, 20, 20, 20, 20, 20, 18, 18, 18, 18, 18, 19, 19, 19, 19, 19, 20, 20, 20, 20, 20, 20, 18, 18, 18, 18, 18, 19, 19, 19, 19, 19, 20, 20, 20, 20, 20, 20, 18, 18, 18, 18, 18, 19, 19, 19, 19, 19, 20, 20, 20, 20, 20, 20, 18, 18, 18, 18, 18, 19, 19, 19, 19, 19, 20, 20, 20, 20, 20, 20, 18, 18, 18, 18, 18, 19, 19, 19, 19, 19, 20, 20, 20, 20, 20, 20, 18, 18, 18, 18, 18, 6, 6, 6, 6, 6, 6, 6, 6, 15, 15, 15, 15, 15, 15, 15, 15, 6, 6, 6, 6, 6, 6, 6, 6, 15, 15, 15, 15, 15, 15, 15, 9, 10, 10, 10, 6, 6, 6, 6, 6, 15, 15, 9, 9, 9, 9, 9, 9, 10, 10, 10, 10, 10, 10, 10, 10, 9, 9, 9, 9, 9, 9, 9, 9, 10, 10, 10, 10, 10, 10, 10, 10, 9, 9, 9, 9, 9, 9, 9, 9, 10, 10, 10, 10, 10, 10, 10, 10, 9, 9, 9, 9, 9, 9, 9, 9, 10, 10, 10, 10, 10, 10, 10, 10, 9, 9, 9, 9, 9, 9, 9, 9, 10, 10, 10, 10, 10, 10, 10, 10, 9, 9, 9, 9, 9, 9, 9, 9, 10, 10, 10, 10, 10, 10, 10, 10, 9, 9, 9, 9, 9, 9, 9, 9, 10, 10, 10, 10, 10, 10, 10, 10, 9, 9, 9, 9, 9, 9, 9, 9, 10, 10, 10, 10, 10, 10, 10, 10, 22, 22, 22, 22, 22, 22, 9, 9, 10, 10, 10, 10, 10, 10, 10, 10, 22, 22, 22, 22, 22, 22, 22, 22, 10, 10, 10, 10, 10, 10, 10, 10, 22, 22, 22, 22, 22, 22, 22, 22, 10, 10, 10, 11, 11, 11, 11, 11, 22, 22, 22, 22, 22, 22, 22, 22, 11, 11, 11, 11, 11, 11, 11, 11, 22, 22, 22, 22, 22, 22, 22, 22, 11, 11, 11, 11, 11, 11, 11, 11, 22, 22, 22, 22, 22, 22, 22, 22, 11, 11, 11, 11, 11, 11, 11, 13, 4, 4, 4, 4, 4, 19, 19, 19, 11, 11, 11, 11, 11, 11, 11, 13, 4, 4, 4, 4, 19, 19, 19, 19, 11, 11, 11, 11, 11, 11, 11, 13, 4, 4, 4, 4, 19, 19, 19, 19, 11, 11, 11, 11, 11, 11, 13, 13, 4, 4, 4, 19, 19, 19, 19, 19, 11, 11, 11, 11, 11, 11, 13, 13, 17, 4, 4, 19, 19, 19, 19, 19, 11, 11, 11, 11, 11, 11, 13, 12, 17, 4, 19, 19, 19, 19, 19, 20, 11, 11, 11, 11, 11, 12, 12, 12, 17, 17, 19, 19, 20, 20, 20, 20, 11, 11, 11, 11, 12, 12, 12, 12, 17, 17, 20, 20, 20, 20, 20, 20, 22, 22, 22, 14, 12, 12, 12, 12, 30, 30, 20, 20, 20, 20, 20, 20, 22, 22, 22, 14, 14, 12, 12, 12, 30, 30, 18, 18, 20, 20, 20, 20, 22, 22, 22, 22, 14, 14, 21, 21, 30, 30, 18, 18, 18, 18, 18, 20, 22, 22, 22, 22, 14, 14, 21, 21, 30, 2, 2, 18, 18, 18, 18, 18, 22, 22, 22, 22, 14, 14, 21, 21, 2, 2, 2, 18, 18, 18, 18, 18, 22, 22, 22, 22, 14, 14, 14, 21, 2, 2, 2, 2, 18, 18, 18, 18, 22, 22, 22, 22, 22, 14, 14, 21, 2, 2, 2, 2, 18, 18, 18, 18, 22, 22, 22, 22, 22, 14, 14, 14, 2, 2, 2, 2, 2, 18, 18, 18, 6, 6, 6, 6, 6, 6, 6, 7, 5, 5, 5, 5, 5, 5, 26, 26, 6, 6, 6, 6, 6, 6, 6, 7, 5, 5, 5, 5, 5, 26, 26, 26, 6, 6, 6, 6, 6, 6, 6, 7, 27, 5, 5, 5, 26, 26, 26, 26, 6, 6, 6, 6, 6, 6, 7, 7, 27, 5, 5, 5, 26, 26, 26, 26, 6, 6, 6, 6, 6, 6, 7, 7, 27, 5, 5, 26, 26, 26, 26, 26, 6, 6, 6, 6, 6, 6, 8, 8, 27, 27, 26, 26, 26, 26, 26, 24, 6, 6, 6, 6, 6, 8, 8, 8, 27, 27, 26, 24, 24, 24, 24, 24, 6, 6, 6, 6, 8, 8, 8, 8, 25, 25, 24, 24, 24, 24, 24, 24, 15, 15, 15, 15, 8, 8, 8, 8, 25, 25, 24, 24, 24, 24, 24, 24, 15, 15, 15, 15, 15, 8, 8, 8, 25, 25, 23, 24, 24, 24, 24, 24, 15, 15, 15, 15, 15, 15, 16, 16, 33, 33, 23, 23, 23, 23, 23, 24, 15, 15, 15, 15, 15, 15, 16, 16, 33, 1, 1, 23, 23, 23, 23, 23, 15, 15, 15, 15, 15, 15, 16, 16, 33, 1, 1, 1, 23, 23, 23, 23, 15, 15, 15, 15, 15, 15, 15, 16, 33, 1, 1, 1, 23, 23, 23, 23, 15, 15, 15, 15, 15, 15, 15, 16, 33, 1, 1, 1, 1, 23, 23, 23, 15, 15, 15, 15, 15, 15, 15, 16, 33, 1, 1, 1, 1, 1, 23, 23, 15, 9, 9, 9, 9, 9, 9, 9, 9, 9, 9, 22, 22, 22, 22, 22, 15, 15, 9, 9, 9, 9, 9, 9, 9, 9, 22, 22, 22, 22, 22, 22, 15, 15, 15, 9, 9, 9, 9, 9, 9, 9, 22, 22, 22, 22, 22, 22, 15, 15, 15, 9, 9, 9, 9, 9, 9, 9, 22, 22, 22, 22, 22, 22, 15, 15, 15, 15, 9, 9, 9, 9, 9, 9, 22, 22, 22, 22, 22, 22, 15, 15, 15, 15, 15, 9, 9, 9, 9, 22, 22, 22, 22, 22, 14, 14, 15, 15, 15, 15, 15, 9, 9, 9, 9, 22, 22, 22, 22, 14, 14, 14, 16, 15, 15, 15, 15, 15, 9, 9, 9, 22, 22, 22, 14, 14, 14, 14, 33, 28, 28, 28, 28, 28, 0, 0, 0, 32, 32, 32, 32, 2, 2, 2, 1, 1, 1, 1, 1, 1, 0, 0, 0, 32, 2, 2, 2, 2, 2, 2, 1, 1, 1, 1, 1, 1, 1, 1, 2, 2, 2, 2, 2, 2, 2, 2, 1, 1, 1, 1, 1, 1, 1, 1, 2, 2, 2, 2, 2, 2, 2, 2, 1, 1, 1, 1, 1, 1, 1, 1, 18, 18, 2, 2, 2, 2, 2, 2, 1, 1, 1, 1, 1, 1, 1, 1, 18, 18, 18, 18, 18, 18, 18, 18, 23, 23, 23, 23, 23, 23, 23, 23, 18, 18, 18, 18, 18, 18, 18, 18, 23, 23, 23, 23, 23, 23, 23, 23, 18, 18, 18, 18, 18, 18, 18, 18, 6, 6, 10, 10, 10, 10, 10, 10, 10, 10, 10, 10, 10, 10, 11, 11, 6, 6, 6, 10, 10, 10, 10, 10, 10, 10, 10, 10, 10, 11, 11, 11, 6, 6, 6, 10, 10, 10, 10, 10, 10, 10, 10, 10, 10, 11, 11, 11, 6, 6, 6, 6, 10, 10, 10, 10, 10, 10, 10, 10, 11, 11, 11, 11, 6, 6, 6, 6, 10, 10, 10, 10, 10, 10, 10, 10, 11, 11, 11, 11, 6, 6, 6, 6, 6, 10, 10, 10, 10, 10, 10, 11, 11, 11, 11, 11, 6, 6, 6, 6, 6, 6, 10, 10, 10, 10, 11, 11, 11, 11, 11, 11, 7, 7, 6, 6, 6, 6, 10, 10, 10, 10, 11, 11, 11, 11, 11, 13, 5, 29, 29, 29, 29, 29, 3, 3, 3, 31, 31, 31, 31, 4, 4, 4, 5, 5, 5, 5, 5, 5, 3, 3, 3, 31, 4, 4, 4, 4, 4, 4, 5, 5, 5, 5, 5, 5, 5, 5, 4, 4, 4, 4, 4, 4, 4, 4, 5, 5, 5, 5, 5, 5, 5, 5, 4, 4, 4, 4, 4, 4, 4, 4, 5, 5, 5, 5, 5, 5, 5, 5, 19, 19, 4, 4, 4, 4, 4, 4, 5, 5, 5, 5, 5, 5, 5, 5, 19, 19, 19, 19, 19, 19, 19, 19, 26, 26, 26, 26, 26, 26, 26, 26, 19, 19, 19, 19, 19, 19, 19, 19, 26, 26, 26, 26, 26, 26, 26, 26, 19, 19, 19, 19, 19, 19, 19, 19, 22, 22, 22, 22, 22, 22, 22, 22, 11, 11, 11, 11, 11, 11, 11, 11, 22, 22, 22, 22, 22, 22, 22, 22, 11, 11, 11, 11, 11, 11, 11, 11, 22, 22, 22, 22, 22, 22, 22, 22, 11, 11, 11, 11, 11, 10, 10, 10, 22, 22, 22, 22, 22, 22, 22, 22, 10, 10, 10, 10, 10, 10, 10, 10, 22, 22, 22, 22, 22, 22, 22, 22, 10, 10, 10, 10, 10, 10, 10, 10, 9, 9, 22, 22, 22, 22, 22, 22, 10, 10, 10, 10, 10, 10, 10, 10, 9, 9, 9, 9, 9, 9, 9, 9, 10, 10, 10, 10, 10, 10, 10, 10, 9, 9, 9, 9, 9, 9, 9, 9, 10, 10, 10, 10, 10, 10, 10, 10, 9, 9, 9, 9, 9, 9, 9, 9, 10, 10, 10, 10, 10, 10, 10, 10, 9, 9, 9, 9, 9, 9, 9, 9, 10, 10, 10, 10, 10, 10, 10, 10, 9, 9, 9, 9, 9, 9, 9, 9, 10, 10, 10, 10, 10, 10, 10, 10, 9, 9, 9, 9, 9, 9, 9, 9, 10, 10, 10, 10, 10, 10, 10, 10, 9, 9, 9, 9, 9, 9, 9, 9, 10, 10, 10, 10, 10, 10, 10, 10, 9, 9, 9, 9, 9, 9, 15, 15, 6, 6, 6, 6, 6, 10, 10, 10, 9, 15, 15, 15, 15, 15, 15, 15, 6, 6, 6, 6, 6, 6, 6, 6, 15, 15, 15, 15, 15, 15, 15, 15, 6, 6, 6, 6, 6, 6, 6, 6, 18, 18, 18, 18, 18, 20, 20, 20, 20, 20, 20, 19, 19, 19, 19, 19, 18, 18, 18, 18, 18, 20, 20, 20, 20, 20, 20, 19, 19, 19, 19, 19, 18, 18, 18, 18, 18, 20, 20, 20, 20, 20, 20, 19, 19, 19, 19, 19, 18, 18, 18, 18, 18, 20, 20, 20, 20, 20, 20, 19, 19, 19, 19, 19, 18, 18, 18, 18, 18, 20, 20, 20, 20, 20, 20, 19, 19, 19, 19, 19, 18, 18, 18, 18, 18, 20, 20, 20, 20, 20, 20, 19, 19, 19, 19, 19, 18, 18, 18, 18, 18, 20, 20, 20, 20, 20, 20, 19, 19, 19, 19, 19, 18, 18, 18, 18, 18, 20, 20, 20, 20, 20, 20, 19, 19, 19, 19, 19, 23, 23, 23, 23, 23, 23, 24, 24, 24, 24, 26, 26, 26, 26, 26, 26, 23, 23, 23, 23, 23, 23, 24, 24, 24, 24, 26, 26, 26, 26, 26, 26, 23, 23, 23, 23, 23, 23, 24, 24, 24, 24, 26, 26, 26, 26, 26, 26, 23, 23, 23, 23, 23, 23, 24, 24, 24, 24, 26, 26, 26, 26, 26, 26, 23, 23, 23, 23, 23, 24, 24, 24, 24, 24, 24, 26, 26, 26, 26, 26, 23, 23, 23, 23, 23, 24, 24, 24, 24, 24, 24, 26, 26, 26, 26, 26, 23, 23, 23, 23, 23, 24, 24, 24, 24, 24, 24, 26, 26, 26, 26, 26, 23, 23, 23, 23, 23, 24, 24, 24, 24, 24, 24, 26, 26, 26, 26, 26, 23, 23, 1, 1, 1, 1, 1, 33, 16, 15, 15, 15, 15, 15, 15, 15, 23, 23, 23, 1, 1, 1, 1, 33, 16, 15, 15, 15, 15, 15, 15, 15, 23, 23, 23, 23, 1, 1, 1, 33, 16, 15, 15, 15, 15, 15, 15, 15, 23, 23, 23, 23, 1, 1, 1, 33, 16, 16, 15, 15, 15, 15, 15, 15, 23, 23, 23, 23, 23, 1, 1, 33, 16, 16, 15, 15, 15, 15, 15, 15, 24, 23, 23, 23, 23, 23, 33, 33, 16, 16, 15, 15, 15, 15, 15, 15, 24, 24, 24, 24, 24, 23, 25, 25, 8, 8, 8, 15, 15, 15, 15, 15, 24, 24, 24, 24, 24, 24, 25, 25, 8, 8, 8, 8, 15, 15, 15, 15, 24, 24, 24, 24, 24, 24, 25, 25, 8, 8, 8, 8, 6, 6, 6, 6, 24, 24, 24, 24, 24, 26, 27, 27, 8, 8, 8, 6, 6, 6, 6, 6, 24, 26, 26, 26, 26, 26, 27, 27, 8, 8, 6, 6, 6, 6, 6, 6, 26, 26, 26, 26, 26, 5, 5, 27, 7, 7, 6, 6, 6, 6, 6, 6, 26, 26, 26, 26, 5, 5, 5, 27, 7, 7, 6, 6, 6, 6, 6, 6, 26, 26, 26, 26, 5, 5, 5, 27, 7, 6, 6, 6, 6, 6, 6, 6, 26, 26, 26, 5, 5, 5, 5, 5, 7, 6, 6, 6, 6, 6, 6, 6, 26, 26, 5, 5, 5, 5, 5, 5, 7, 6, 6, 6, 6, 6, 6, 6, 18, 18, 18, 2, 2, 2, 2, 2, 14, 14, 14, 22, 22, 22, 22, 22, 18, 18, 18, 18, 2, 2, 2, 2, 21, 14, 14, 22, 22, 22, 22, 22, 18, 18, 18, 18, 2, 2, 2, 2, 21, 14, 14, 14, 22, 22, 22, 22, 18, 18, 18, 18, 18, 2, 2, 2, 21, 21, 14, 14, 22, 22, 22, 22, 18, 18, 18, 18, 18, 2, 2, 30, 21, 21, 14, 14, 22, 22, 22, 22, 20, 18, 18, 18, 18, 18, 30, 30, 21, 21, 14, 14, 22, 22, 22, 22, 20, 20, 20, 20, 18, 18, 30, 30, 12, 12, 12, 14, 14, 22, 22, 22, 20, 20, 20, 20, 20, 20, 30, 30, 12, 12, 12, 12, 14, 22, 22, 22, 20, 20, 20, 20, 20, 20, 17, 17, 12, 12, 12, 12, 11, 11, 11, 11, 20, 20, 20, 20, 19, 19, 17, 17, 12, 12, 12, 11, 11, 11, 11, 11, 20, 19, 19, 19, 19, 19, 4, 17, 12, 13, 11, 11, 11, 11, 11, 11, 19, 19, 19, 19, 19, 4, 4, 17, 13, 13, 11, 11, 11, 11, 11, 11, 19, 19, 19, 19, 19, 4, 4, 4, 13, 13, 11, 11, 11, 11, 11, 11, 19, 19, 19, 19, 4, 4, 4, 4, 13, 11, 11, 11, 11, 11, 11, 11, 19, 19, 19, 19, 4, 4, 4, 4, 13, 11, 11, 11, 11, 11, 11, 11, 19, 19, 19, 4, 4, 4, 4, 4, 13, 11, 11, 11, 11, 11, 11, 11, 19, 19, 19, 19, 19, 19, 19, 19, 26, 26, 26, 26, 26, 26, 26, 26, 19, 19, 19, 19, 19, 19, 19, 19, 26, 26, 26, 26, 26, 26, 26, 26, 19, 19, 19, 19, 19, 19, 19, 19, 5, 5, 5, 5, 5, 5, 5, 5, 4, 4, 4, 4, 4, 4, 19, 19, 5, 5, 5, 5, 5, 5, 5, 5, 4, 4, 4, 4, 4, 4, 4, 4, 5, 5, 5, 5, 5, 5, 5, 5, 4, 4, 4, 4, 4, 4, 4, 4, 5, 5, 5, 5, 5, 5, 5, 5, 4, 4, 4, 4, 4, 4, 31, 3, 3, 3, 5, 5, 5, 5, 5, 5, 4, 4, 4, 31, 31, 31, 31, 3, 3, 3, 29, 29, 29, 29, 29, 5, 13, 11, 11, 11, 11, 11, 10, 10, 10, 10, 6, 6, 6, 6, 7, 7, 11, 11, 11, 11, 11, 11, 10, 10, 10, 10, 6, 6, 6, 6, 6, 6, 11, 11, 11, 11, 11, 10, 10, 10, 10, 10, 10, 6, 6, 6, 6, 6, 11, 11, 11, 11, 10, 10, 10, 10, 10, 10, 10, 10, 6, 6, 6, 6, 11, 11, 11, 11, 10, 10, 10, 10, 10, 10, 10, 10, 6, 6, 6, 6, 11, 11, 11, 10, 10, 10, 10, 10, 10, 10, 10, 10, 10, 6, 6, 6, 11, 11, 11, 10, 10, 10, 10, 10, 10, 10, 10, 10, 10, 6, 6, 6, 11, 11, 10, 10, 10, 10, 10, 10, 10, 10, 10, 10, 10, 10, 6, 6, 18, 18, 18, 18, 18, 18, 18, 18, 23, 23, 23, 23, 23, 23, 23, 23, 18, 18, 18, 18, 18, 18, 18, 18, 23, 23, 23, 23, 23, 23, 23, 23, 18, 18, 18, 18, 18, 18, 18, 18, 1, 1, 1, 1, 1, 1, 1, 1, 2, 2, 2, 2, 2, 2, 18, 18, 1, 1, 1, 1, 1, 1, 1, 1, 2, 2, 2, 2, 2, 2, 2, 2, 1, 1, 1, 1, 1, 1, 1, 1, 2, 2, 2, 2, 2, 2, 2, 2, 1, 1, 1, 1, 1, 1, 1, 1, 2, 2, 2, 2, 2, 2, 32, 0, 0, 0, 1, 1, 1, 1, 1, 1, 2, 2, 2, 32, 32, 32, 32, 0, 0, 0, 28, 28, 28, 28, 28, 33, 14, 14, 14, 14, 22, 22, 22, 9, 9, 9, 15, 15, 15, 15, 15, 16, 14, 14, 14, 22, 22, 22, 22, 9, 9, 9, 9, 15, 15, 15, 15, 15, 14, 14, 22, 22, 22, 22, 22, 9, 9, 9, 9, 15, 15, 15, 15, 15, 22, 22, 22, 22, 22, 22, 9, 9, 9, 9, 9, 9, 15, 15, 15, 15, 22, 22, 22, 22, 22, 22, 9, 9, 9, 9, 9, 9, 9, 15, 15, 15, 22, 22, 22, 22, 22, 22, 9, 9, 9, 9, 9, 9, 9, 15, 15, 15, 22, 22, 22, 22, 22, 22, 9, 9, 9, 9, 9, 9, 9, 9, 15, 15, 22, 22, 22, 22, 22, 9, 9, 9, 9, 9, 9, 9, 9, 9, 9, 15, 73, 67, 69, 1, 86, 65, 76, 69, 2, 0, 0, 0, 34, 0, 0, 0, 186, 0, 0, 0, 7, 0, 0, 0, 6, 6, 6, 5, 6, 7, 6, 5, 7, 5, 5, 6, 6, 5, 5, 5, 4, 6, 5, 5, 7, 5, 6, 6, 4, 6, 6, 5, 5, 4, 6, 4, 5, 6, 9, 22, 32, 2, 1, 28, 2, 18, 23, 33, 28, 0, 0, 32, 21, 30, 18, 1, 4, 31, 10, 29, 5, 5, 19, 17, 13, 31, 3, 3, 29, 7, 27, 26, 19, 4, 7, 29, 10, 9, 15, 8, 8, 27, 5, 29, 6, 6, 15, 16, 33, 25, 27, 7, 15, 6, 10, 22, 0, 6, 3, 11, 22, 9, 12, 14, 22, 10, 31, 13, 13, 17, 30, 21, 14, 11, 11, 31, 4, 17, 12, 12, 21, 32, 22, 11, 28, 16, 8, 6, 9, 15, 28, 33, 8, 4, 19, 20, 30, 12, 13, 2, 30, 20, 23, 1, 5, 26, 20, 17, 4, 19, 26, 24, 23, 18, 30, 17, 12, 30, 2, 32, 14, 14, 32, 0, 9, 10, 11, 24, 25, 33, 1, 18, 20, 20, 26, 25, 23, 24, 26, 27, 8, 33, 23, 5, 27, 25, 24, 20, 19, 25, 26, 5, 7, 8, 0, 1, 33, 16, 15, 7, 5, 3, 6, 2, 21, 12, 17, 20, 18, 3, 4, 13, 11, 14, 21, 2, 0, 22, 1, 23, 25, 8, 16, 28, 0, 0, 128, 191, 51, 118, 139, 60, 244, 217, 170, 60, 90, 9, 33, 60, 90, 9, 33, 60]
            }
        }
    }
}

def Xform "Environment"
{
    quatd xformOp:orient = (1, 0, 0, 0)
    double3 xformOp:scale = (1, 1, 1)
    double3 xformOp:translate = (0, 0, 0)
    uniform token[] xformOpOrder = ["xformOp:translate", "xformOp:orient", "xformOp:scale"]

    def DistantLight "defaultLight" (
        prepend apiSchemas = ["ShapingAPI"]
    )
    {
        float inputs:angle = 1
        float inputs:intensity = 3000
        float inputs:shaping:cone:angle = 180
        float inputs:shaping:cone:softness
        float inputs:shaping:focus
        color3f inputs:shaping:focusTint
        asset inputs:shaping:ies:file
        quatd xformOp:orient = (0.6532814824381883, 0.2705980500730985, 0.27059805007309845, 0.6532814824381882)
        double3 xformOp:scale = (1, 1, 1)
        double3 xformOp:translate = (0, 0, 0)
        uniform token[] xformOpOrder = ["xformOp:translate", "xformOp:orient", "xformOp:scale"]
    }

    def Xform "GroundPlane"
    {
        quatf xformOp:orient = (1, 0, 0, 0)
        float3 xformOp:scale = (1, 1, 1)
        double3 xformOp:translate = (0, 0, -0.04)
        uniform token[] xformOpOrder = ["xformOp:translate", "xformOp:orient", "xformOp:scale"]

        def Mesh "CollisionMesh"
        {
            uniform bool doubleSided = 0
            int[] faceVertexCounts = [4]
            int[] faceVertexIndices = [0, 1, 2, 3]
            normal3f[] normals = [(0, 0, 1), (0, 0, 1), (0, 0, 1), (0, 0, 1)]
            point3f[] points = [(-25, -25, 0), (25, -25, 0), (25, 25, 0), (-25, 25, 0)]
            color3f[] primvars:displayColor = [(0.5, 0.5, 0.5)]
            texCoord2f[] primvars:st = [(0, 0), (1, 0), (1, 1), (0, 1)] (
                interpolation = "varying"
            )
        }

        def Plane "CollisionPlane" (
            prepend apiSchemas = ["PhysicsCollisionAPI"]
        )
        {
            uniform token axis = "Z"
            uniform token purpose = "guide"
        }
    }
}

def PhysicsScene "physicsScene"
{
}

